ref,current_recall_status,TITLE,URL,MODULES,COMMITS
issues/17637,curated_match,Clef: cliui mixes extraneous and approval-specific Data,https://github.com/ethereum/go-ethereum/issues/17637,"{'ui': 2, 'rpc': 1, 'wallet': 6}",{'d3441ebb563439bac0837d70591f92e2c6080303'}
issues/2555,curated_match,geth 1.4.3 panics when calling RPC,https://github.com/ethereum/go-ethereum/issues/2555,{'others': 1},{'72e60dea36157ee34d8b082b5868d52ac9ae6bc3'}
pull/1189,curated_match,eth/downloader: handle timeouts more gracefully,https://github.com/ethereum/go-ethereum/pull/1189,{'network': 7},"{'94e4aa6ea9aabb5bf6244d9b38607b336703af98', 'b94a76d17e4cd92569157fe9dbde6748b2f93e6c', '328ef60b856f75bf664fb103bc54674d962bef2e'}"
pull/1314,curated_match,eth/fetcher: handle and test various DOS attacks,https://github.com/ethereum/go-ethereum/pull/1314,{'network': 4},"{'3ce17d2862e89e20b8e9b10cc02ee0b1333f6625', '99ca4b619b22c000dfe633b036ed0b9b0fe83523', 'b53f701c2791e7becba74c1efd4800fe68a06707', '1989d1491a21ec1dd8adb20906e07badc5a2f9c9', 'd36c25bcbcbc1986ab238465a187789c82818238', 'd21c2bfb6811c083f0ff4ed139e9f06a6d0348b2'}"
pull/14697,curated_match,swarm/storage: remove panic on invalid chunk,https://github.com/ethereum/go-ethereum/pull/14697,{'storage': 1},"{'caa00b7e6d0dcb0429ef83ae993a2656abde9b60', 'fdf2184b1ecc48c6f2e106dd8cff85ec1765e998'}"
pull/14718,curated_match,core/vm: fix overflow in gas calculation formula,https://github.com/ethereum/go-ethereum/pull/14718,{'evm': 2},"{'e4301564c2af0b4f084a3bcf8ddcec5e84ac4ead', 'dfd076244dd0c2d809f9dd0080feab167ba9560c', 'bae7565231376bbd23474e2e91c99a21542ef47a'}"
pull/14790,curated_match,vendor: update go-stack to fix a sigpanic panic,https://github.com/ethereum/go-ethereum/pull/14790,{'external': 3},"{'bd01cd7183e771984fb9c008e7a7ebf0a0c3f9ba', 'f3401631556f3aa9b0626513551eebab8af7d68a'}"
pull/1496,curated_match,"xeth: fix #1485, data race in fiilter creation and event firing",https://github.com/ethereum/go-ethereum/pull/1496,,"{'02c5022742e2bf6d2aadca06a6a1655214ba9d55', '3642441ca3a0afe94e581612ff99aef7f0e66a44'}"
pull/15665,curated_match,ethapi: GetTransactionReceipt panic fix,https://github.com/ethereum/go-ethereum/pull/15665,{'others': 3},"{'e9971d356bf977d2a3f63e50296d7410ade2d075', 'a377e5fe5154abea5a58ef38804e4dfcbb90ebb7', 'a721ab20d8de4ef43c3c1d53d54247def2a805ee'}"
pull/1568,curated_match,core: added a running flag to prevent panics in the chainmanager,https://github.com/ethereum/go-ethereum/pull/1568,{'consensus': 1},"{'acd2c4e52028ec1e34358d6d79ada7812723b32e', 'cc6c5846e58b56a17395cc0ff7478b03bddfb6d5'}"
pull/15714,curated_match,core: fix panic when stat-ing a tx from a queue-only account,https://github.com/ethereum/go-ethereum/pull/15714,{'consensus': 1},"{'2c531bc9db2dda80eee33eddd8d6dbad5f6b176b', '5e1581c2c3a88754f5f492b8551a96c2f5d4664a'}"
pull/15794,curated_match,internal/ethapi: ask transaction pool for pending nonce,https://github.com/ethereum/go-ethereum/pull/15794,{'others': 1},"{'05211e26f5b1fff29fc31537918a29d56d26448a', 'e05d46807525f76dab83f84e9dfc9e4537398641'}"
pull/15799,curated_match,eth: fix tracer panic when running without configs + reexec,https://github.com/ethereum/go-ethereum/pull/15799,{'others': 1},"{'29cc8c2dac78b408320aceb8fcfc565f0d468958', 'ae71da1b03c6eee82b714ef81b4fc59bcc130bb2'}"
pull/15946,curated_match,p2p/discv5: fix topic register panic at shutdown,https://github.com/ethereum/go-ethereum/pull/15946,{'p2p': 1},"{'2d3c9cc476be886881330c2ae74003e1666004b2', '397c6cde1e2fd3636024cad5d23d5e06796772dc'}"
pull/15995,curated_match,p2p/discv5: fix removeTicketRef cached ticket removal,https://github.com/ethereum/go-ethereum/pull/15995,{'p2p': 1},"{'6198c53e28200b3a575f4545cbfa83c585e44b76', 'ef3c4ba2bf6e47429a9beab9fd0ec9a14ffcd9f2'}"
pull/16055,curated_match,les: fix server panic when discovery disabled,https://github.com/ethereum/go-ethereum/pull/16055,{'network': 1},"{'2f849ade8204a4b417202d90c66e2f5bef4e965d', 'b4e7efdd42ec530127651190d8e20fbadaa9052b'}"
pull/16146,curated_match,Fix race condition in whisperv6/peer.go,https://github.com/ethereum/go-ethereum/pull/16146,{'network': 1},"{'34d94e22d9c9f3c2373a398269ecbba0139827d2', 'fb5d085234c16f18d27be10043c53da3230cd9a7'}"
pull/16219,curated_match,whisper: serious security issue fixed,https://github.com/ethereum/go-ethereum/pull/16219,{'ui': 1},"{'5a150e1b7724c91009a237ab0879cd64844b390d', '16efe3420f9721b8b3ed39535b671e0d992ff4de'}"
pull/16630,curated_match,vendor: Fix index out of range panic when size is bigger than 1 TiB,https://github.com/ethereum/go-ethereum/pull/16630,{'external': 3},"{'a1949d0788ecb1d890677bdd26c0e711ddf639b2', '448d17b8f735cbd16cf48351389c00630db9725a'}"
pull/16891,curated_match,les: add Skip overflow check to GetBlockHeadersMsg handler,https://github.com/ethereum/go-ethereum/pull/16891,{'network': 1},"{'a5237a27eaf81946a3edb4fafe13ed6359d119e4', '514e4450c521616fd4bc7cabca2c62a0b5406af7'}"
pull/17034,curated_match,les: add announcement safety check to light fetcher,https://github.com/ethereum/go-ethereum/pull/17034,{'network': 1},"{'51df1c1f20201b3ba6fba6e874a3c72f5d2a9123', '378f5eafa98373f03cbdf4428f92de93c06997d2'}"
pull/17313,curated_match,swarm/storage/mru: HOTFIX - fix panic in Handler.update,https://github.com/ethereum/go-ethereum/pull/17313,{'storage': 1},"{'44c02c20482ab9d7d4b8a136a1c6464d7f826215', '64a4e89504b683074077b54518633b76c59ab507'}"
pull/17338,curated_match,swarm/bmt: ignore data longer then 4096 bytes in Hasher.Write,https://github.com/ethereum/go-ethereum/pull/17338,"{'p2p': 2, 'storage': 2}","{'00e6da9704b2cd7ddcc1cd31ed3f6bbaa8e1e284', 'ead220898a918924c6f3929e413b4704907183a5', '0f9cd32b4649e67610bd30fae29b07bab44b9711'}"
pull/17412,curated_match,cmd/puppeth: fix nil panic on disconnected stats gathering,https://github.com/ethereum/go-ethereum/pull/17412,{'ui': 1},"{'5952d962dc6852fe62f0d363317dae2f224063bd', 'b24fb76a3ae8b2a41bde9ed0744b4284e385e011'}"
pull/17460,curated_match,Ensure from < to when tracing chain,https://github.com/ethereum/go-ethereum/pull/17460,{'others': 1},"{'ecca49e078ace5f867cccdf5c291e3e84dc19982', '106d196ec4a6451efedc60ab15957f231fa85639'}"
pull/17546,curated_match,"cmd, core, eth, miner, params: configurable gas floor and ceil",https://github.com/ethereum/go-ethereum/pull/17546,"{'ui': 5, 'consensus': 5, 'node': 1}","{'e8f229b82ef99213f8f84b8a71f752b236024494', 'e29c2e43640445e743bb69ab48d6c862d3e964d9'}"
pull/17554,curated_match,"cmd/clef, signer: security fixes",https://github.com/ethereum/go-ethereum/pull/17554,"{'ui': 7, 'wallet': 25, 'rpc': 2}","{'ebe46a48f30c34da4e6cbc7145aedf2a4ae8441b', '28cbd61baa4c90284232f3df8946b02460823b58', '8e41a5c0c644aac5bf25e9fc28c823a26559fbcd', '5f29628477ad842d02df5f22f2cb994cf367bef2', 'c66a50dfeab70c9c875e280dfe4f14a6cbafeb66', 'c03d2bcb5126032f0ced9cd483587116b06b0bcf', 'bbf695607d271fd29a06acaf31bf41fba0a75bc4', 'e31efa371661ecae4422d3c2c18a556e0a9f8fe7', '1b5bcde4642df900150f19473fce2edba7b76738', '626cf5de170009177402c2f7217de45e7fe09940', '517c4fc2b0754571582b38c2c33ca79a7d57b39d', '321de9d86cff2befa019aeec2c33f601a2122b04', '433fb67cc46ab619f34b6ef3e35e1a95116a3649', 'd3441ebb563439bac0837d70591f92e2c6080303'}"
pull/17639,curated_match,les: fix distReq.sentChn double close bug,https://github.com/ethereum/go-ethereum/pull/17639,{'others': 1},"{'2459f5861249c92fce35b4f3c6e8ca6257b3c94e', 'd4a28a13ca4c36019d23da6342e7e55b1d406fb5'}"
pull/17653,curated_match,"abi,signer: fix nil dereference in #17633",https://github.com/ethereum/go-ethereum/pull/17653,{'wallet': 2},"{'16bc8741bfc6db6d7d352015e4324042dd9288a4', 'd69ef3e7bacdc17edb86a6cdcafaa1d27c124ff2', 'ced0708bba570eeac8304b025bdc3947f011ec13'}"
pull/17734,curated_match,swarm/network/stream: fix DoS invalid offered hashes length,https://github.com/ethereum/go-ethereum/pull/17734,{'network': 1},"{'d3f056bd68fb6a8e9ffa3938d5404c6a209e0313', '4b6824e07b1b7c5a2907143b4d122283eadb2474'}"
pull/17798,curated_match,accounts/abi: fix panic in MethodById lookup. Fixes #17797,https://github.com/ethereum/go-ethereum/pull/17798,{'wallet': 1},"{'23ca84193583763717c5e8ef63e4002964ce4b6b', '96fd50be10885c9b3033404df698177fdb63d036'}"
pull/18165,curated_match,trie/database: fix overflow in parent tracking,https://github.com/ethereum/go-ethereum/pull/18165,{'storage': 1},"{'2843001ac218040f7e773159596625654f4e4148', '8dcbb8d4c1624f8e7c06b13153a07e28164b56ea'}"
pull/18335,curated_match,downloader: fix edgecase where returned index is OOB for downloader,https://github.com/ethereum/go-ethereum/pull/18335,{'network': 3},"{'8519224d556be22adbf417beda29cf4a166d3779', '5f251a6448b3385015ab531c35071743f93cafae', '9c4bf981eb7c6e9098ea06ada36ea328f179b58b'}"
pull/18344,curated_match,cmd/puppeth: fix panic error when export aleth genesis wo/ precompile-addresses,https://github.com/ethereum/go-ethereum/pull/18344,{'ui': 3},"{'3f421aca54bb5216e0f949966481fa4516c52273', 'e92e68ee397845b3bd8dc5517d601fedc0498164', '81e7e511359a12381e67e3086e1c49cf635a959c'}"
pull/1843,curated_match,"eth/downloader: always send termination wakes, clean leftover",https://github.com/ethereum/go-ethereum/pull/1843,{'network': 1},"{'7977e87ce1e9ec46a8e8275f4cf53b6281c412c7', 'f459a3f0ae43eac29b597427be6602970f10334c'}"
pull/18487,curated_match,swarm/pss: fixing race condition,https://github.com/ethereum/go-ethereum/pull/18487,{'network': 4},"{'5b30d7850fa06553fa7db1ece99e12b1135ae581', '105008b6a121ade656bf63125cecb467e2434d95', '87c9d7c7d86966ff2206b4488050970614e4a7a3', '1ca00afa2d78ca6ca182d8c6f69e8c068ea819ce'}"
pull/19262,curated_match,"cmd, core, eth, trie: get rid of trie cache generations",https://github.com/ethereum/go-ethereum/pull/19262,"{'ui': 8, 'consensus': 7, 'storage': 23}","{'91eec1251c06727581063cd7e942ba913d806971', 'bc1298c33d22bba97971c7b522573b4e52604e40', 'd927ccfa62c5ee46fe7262687c3730b2069fe8ad'}"
pull/19348,curated_match,core/vm: Correct the Memory Gas Overflow condition,https://github.com/ethereum/go-ethereum/pull/19348,{'evm': 3},"{'92faf1bf7a0aee0bd42187420829625c7fcbde3f', '157f09e5b64bd4ba8a579c4719cf504d68f4b925', '9294b8f10f1fceb662a06f9d45aaf7a6b2492f05'}"
pull/19401,curated_match,"eth, les, geth: implement cli-configurable global gas cap for RPC calls",https://github.com/ethereum/go-ethereum/pull/19401,{'ui': 6},"{'9e93063e16465b27cc48bacf1b96b1b2874ddb96', '0c3563eb360f4f61d10e46d4ac9e586587ac47a7', 'e2f3465e83a4c03b48977ed367e68b0d63ca2ed1', '50b670ceab6c8fee126f9c411cc77d62b5150c2e'}"
pull/1945,curated_match,Argument parsing can lead to panic in rpc channel,https://github.com/ethereum/go-ethereum/pull/1945,{'rpc': 2},"{'c3c5f8b654f9ddaeedeb2d3d5d1caf000e08320e', 'fd27f074feecec2f1e4c8041ff04ddac8d0ab6a3'}"
pull/1948,curated_match,Infinite loop in filters,https://github.com/ethereum/go-ethereum/pull/1948,{'rpc': 1},"{'76410df6a21a10dec09ca955b1896ac083853ef7', '6dfbbc3e11cd5c88ed7d4311b30222d5c3f6cd0f'}"
pull/195,curated_match,fix panic on bad tx sender,https://github.com/ethereum/go-ethereum/pull/195,{'consensus': 2},{'7c24cd790d39b67ee16ad7f1b1a805fcb131dc8a'}
pull/19562,curated_match,p2p/discover: fix nil-dereference due to race,https://github.com/ethereum/go-ethereum/pull/19562,{'p2p': 2},"{'a0b81097ad8eb65745b00ca2ec2c55fa4dde2ac7', '95263914fcc6631aedc7294624ae39c2adf3cb5f'}"
pull/1966,curated_match,cmd/geth: fix recover command crash if no param is supplied,https://github.com/ethereum/go-ethereum/pull/1966,{'ui': 1},"{'76390ef8925ff0a3ae4092664e4e94550ae46de4', '90655736ed11859d185849f4f5a374b30095d932'}"
pull/1974,curated_match,rpc/api: fix #1972 api regression (nil eth panic) in attach,https://github.com/ethereum/go-ethereum/pull/1974,{'rpc': 2},"{'6e5349880e79b8321ae311d824493e4581039d30', 'da6696862eff91736ec9a694026a14f984f85f57'}"
pull/19757,curated_match,eth: fix sync bloom panic,https://github.com/ethereum/go-ethereum/pull/19757,{'network': 4},"{'fd072c2fd1cfab5d8064985d21832fcac50045eb', '4eb98cc2587345316483c7029e7d2993e4c5d12a', 'a6150bfb0985074b147692cd6b33b5a827070aef'}"
pull/19764,curated_match,core: fix fast head updating logic,https://github.com/ethereum/go-ethereum/pull/19764,{'consensus': 1},"{'ca6c8c2af443e99497cd49b6b122094ad08205b7', 'a6732c333c1988149e7b1599e6d4b646f8978bfa'}"
pull/20013,curated_match,les: fix panic,https://github.com/ethereum/go-ethereum/pull/20013,{'others': 1},"{'396f1dd87b91cc08a1db08aaa2b901a47b69d26f', '7f98ea4a47700a8fc8b8a784f2e43d08f9692693'}"
pull/20019,curated_match,eth: disallow overwrite files via admin.exportChain,https://github.com/ethereum/go-ethereum/pull/20019,{'others': 1},"{'d5bd38384c1c0630d77468c12c8ad99d57ac2229', '292cf7c649c4fa6cc63ed6a1ae9368d1dc70588d'}"
pull/20540,curated_match,core/state: add more verbosity to panic,https://github.com/ethereum/go-ethereum/pull/20540,"{'consensus': 1, 'storage': 1}","{'fc392395fbb7d26d8b2123b12402225b9d4324d3', 'b5c4ea56b8718c3b74ca608678841fe2a2f0d718'}"
pull/20612,curated_match,tracers: avoid panic on invalid arguments ,https://github.com/ethereum/go-ethereum/pull/20612,{'evm': 2},"{'ee9ef1fbc4da0f606af2db028890654cfbf3f6d6', 'b09b9f55fc774297d5254e7507583601a33076ea', '33791dbeb51ce910983d15dda53fd83c05be9bb3'}"
pull/2399,curated_match,eth: fix accidental nil panic on nil errors,https://github.com/ethereum/go-ethereum/pull/2399,{'others': 1},"{'db739b506afe89ac2302614b37770bab44768974', '4326061e35a76ebf1bd02379bfc2f1d05dddc529'}"
pull/2574,curated_match,eth: skip transaction handling during fast sync,https://github.com/ethereum/go-ethereum/pull/2574,{'network': 2},"{'d87f7a1e817cbecbb62c012ed3811ceba933ae3a', 'c8a8ad97f7e8889ca9f3aece7ddb50cce8ef18c7'}"
pull/2711,curated_match,Fix #2710 Filter race: concurrent map read and map write,https://github.com/ethereum/go-ethereum/pull/2711,{'util': 2},"{'74ec95e7f6d0250dcc9bf51b8bd7e9c8c5431dfc', '51f8ce26cf6dbc20ddc548af305739db981fdd41'}"
pull/3067,curated_match,"cmd, core, tests: avoid hashing the code in the VM",https://github.com/ethereum/go-ethereum/pull/3067,"{'ui': 1, 'consensus': 2, 'storage': 1, 'evm': 4}","{'cb84e3f02953f2df166ae69369d222dcbbd7d78d', '0731b44809f72ed5880dc3654ee70ae85420bd77'}"
pull/3412,curated_match,core: bugfix state change race condition in txpool,https://github.com/ethereum/go-ethereum/pull/3412,"{'consensus': 2, 'policy': 1, 'network': 2}","{'4e36b1e3dadda62a53e309a1b6cf7aed97ea7a3a', '7e2d6177ead9a6bf4b4df1ec8f1b0ee28837660d'}"
pull/3519,curated_match,"les: fixed selectPeer deadlock, improved request distribution",https://github.com/ethereum/go-ethereum/pull/3519,"{'network': 4, 'node': 6}","{'681b51aac46fa11c235e9ac1af1228e0105a0720', '66979aa468b6329aabf49542bd3db14e59010c20', '93f9c023ccda2256079484d6c2a3159818ba6691'}"
pull/3591,curated_match,eth/downloader: fix mutex regression causing panics on fail,https://github.com/ethereum/go-ethereum/pull/3591,{'network': 2},"{'ebc3d232f4b6c197d5dc5da2e1868d56b2096f1a', 'f1069a30b9ca13769ace154ff25dfabc83f25485', 'b0ec4359a578958241fa5555063ce6c14c84a29b'}"
pull/687,curated_match,"xeth: fix #640, panic converting nil recipient to hex.",https://github.com/ethereum/go-ethereum/pull/687,{'ui': 2},"{'b2b1241dd74137b8c17aa70b2225f76297ca00cf', 'd1729acd2bb15401e6b9b6a41bd753b122771d3c', '20fd60902b5c6bea7b7d9fb7b9031ce5925bffc4'}"
pull/711,curated_match,rlp: input limit and other corrections,https://github.com/ethereum/go-ethereum/pull/711,"{'util': 10, 'p2p': 3, 'network': 2, 'consensus': 1, 'ui': 2, 'policy': 1}","{'cad64fb911e7029bef876f16e0956b3b0b4bb4d0', '2750ec47b7e7ff864eaed72255581e11080907d7', '1e2c93aa2da453ef9548b9957b5ed453f60ce5ca', '4d5a518a0ba7b0f1d42c73f3c28fe0828e7ea974', 'c35f4fd0bd93bcab01ba7704fc144514a2cc7a1b', '509d0a8d78236562d9444a6fe851aec3cee5bb5e', '6e9f8035a1a49ac096bc2eae6ec4637b48e29048', 'eedbb1ee9a2164cd58e9fd305bc719a4c643f1a2', '6788f955c2414b025a4ea44efaf51caf50aa97f0', '56a48101dc3dd96587915a5d7882f9d46ecc6ae9', '574d5d6ae6076c534d314c600ee0e6c0c161cc36', '7180699d401e64b52447ccb2cfb33004b7deb672', '9c7281c17ebbdd6a8c10ecc618bcb9121215a21f'}"
pull/820,curated_match,rlp: fix list bounds check overflow (found by go-fuzz),https://github.com/ethereum/go-ethereum/pull/820,{'util': 1},"{'dd49c8e43d394b78d97a4f7cf7a74ddadcda5323', 'a7d894611e8588716be70f2eb1375f8aebcdf608'}"
pull/911,curated_match,"rpc, xeth: fix #881, gracefully handle offline whisper",https://github.com/ethereum/go-ethereum/pull/911,{'rpc': 3},"{'6674ea8d67012a8ad1227738c69b8997962fe141', '0ad5898c0f9b0d777818d89356b74606f4b3c988'}"
pull/954,curated_match,eth/downloader: fix nil panic caused by wrong variable use,https://github.com/ethereum/go-ethereum/pull/954,{'network': 1},"{'910a6d4e46dfb06a671ef68c8d90c66cab107d27', '3edc4698fed7f22df8b6cb3574f1c3b633094c4e'}"
issues/1007,not_collected,go panic,https://github.com/ethereum/go-ethereum/issues/1007,{'consensus': 1},{'741fa8ca9cf5981805af16d5d9fc9adc31400320'}
issues/1082,not_collected,"Geth console, panic at setInterval / setTimeout etc..",https://github.com/ethereum/go-ethereum/issues/1082,{'others': 1},"{'de75d542f37a4aa3574c788cec522994ac537f1d', 'f27e826b140089cbeb722feec96b1aae3e7645a3'}"
issues/1147,not_collected,SEC-49 JUMPDEST vulnerability,https://github.com/ethereum/go-ethereum/issues/1147,{'evm': 3},{'ea2718c9462ae351baab5eaa05a7e1ef9dc916fa'}
issues/1154,not_collected,panic: runtime error: index out of range -- chain_manager,https://github.com/ethereum/go-ethereum/issues/1154,{'consensus': 1},"{'a906a84950f84a3cae178b2aca49fa6bba54a4c9', 'b7fc85d68ea22a99222ba8535be8ff6410826644'}"
issues/1231,not_collected,SEC-45 DoS in hash downloader ,https://github.com/ethereum/go-ethereum/issues/1231,{'network': 2},{'d6f2c0a76f6635ebeb245815c5f686c545ed527d'}
issues/1232,not_collected,SEC-46 Sanitise all ethash input,https://github.com/ethereum/go-ethereum/issues/1232,{'external': 4},{'8774fdcd64ffe55bbd5d47cd1479a626506d8f01'}
issues/1264,not_collected,SEC-47 Block header mixdigest field not validated,https://github.com/ethereum/go-ethereum/issues/1264,{'external': 5},{'a3fdef7529e9b58b73d5eb033a2411fafbc9a1f1'}
issues/1266,not_collected,SEC-48 DoS in transaction pool,https://github.com/ethereum/go-ethereum/issues/1266,"{'util': 1, 'consensus': 4, 'node': 1, 'rpc': 2}",{'cc0b451119478ba4a005ec8840573252636f45dc'}
issues/1280,not_collected,Downloader not processing cached blocks,https://github.com/ethereum/go-ethereum/issues/1280,{'network': 1},"{'4a1e82cf3f7a5c9d7526fc01aa68466870e2a644', 'e4b54f18c6db9f43a4d6cf2916df664bf30c8171'}"
issues/1319,not_collected,SEC-51 Peer NewBlockMsg DoS,https://github.com/ethereum/go-ethereum/issues/1319,{'node': 1},{'5db8f447d597e55718263ba5ed1770290e3e0893'}
issues/1320,not_collected,SEC-52 Network DoS from re-broadcast of txs with zero gas price,https://github.com/ethereum/go-ethereum/issues/1320,{'network': 2},{'052901509166acd546b0a086327d89d639dce328'}
issues/1352,not_collected,SEC-52 block header timestamp int64 overflow,https://github.com/ethereum/go-ethereum/issues/1352,"{'ui': 1, 'consensus': 5, 'evm': 2}",{'2e5242f9bbbf8412fa5b6e94da942e69570d860d'}
issues/1371,not_collected,"Maybe fetcher deadlock, maybe wifi issues",https://github.com/ethereum/go-ethereum/issues/1371,{'node': 1},{'1ae80aaf64c5acfde19fee5ee3bc4579db7ea76e'}
issues/1384,not_collected,SEC-53 DoS in block_processor on txs with invalid EC sig,https://github.com/ethereum/go-ethereum/issues/1384,"{'consensus': 1, 'evm': 2}",{'46e7c8512edd6de49c546467505673155ebbd1c2'}
issues/14495,not_collected,Segfault with CPU mining,https://github.com/ethereum/go-ethereum/issues/14495,{'consensus': 6},{'924065e19d08cc7e6af0b3a5b5b1ef3785b79bd4'}
issues/14762,not_collected,mobile: use EIP155 signer,https://github.com/ethereum/go-ethereum/issues/14762,{'others': 1},{'cf5d4b55412f570bd1b492998b0c0b8e953e2418'}
issues/1485,not_collected,panic during during normal operation,https://github.com/ethereum/go-ethereum/issues/1485,{'others': 1},"{'02c5022742e2bf6d2aadca06a6a1655214ba9d55', '3642441ca3a0afe94e581612ff99aef7f0e66a44', '56edaa1653d3d3c9e1535e3552fd9b49724c42a7'}"
issues/15408,not_collected,Geth does not start after `panic: runtime error: invalid memory address or nil pointer dereference`,https://github.com/ethereum/go-ethereum/issues/15408,{'others': 1},{'e9971d356bf977d2a3f63e50296d7410ade2d075'}
issues/1559,not_collected,Panic when shutting down,https://github.com/ethereum/go-ethereum/issues/1559,{'consensus': 1},{'acd2c4e52028ec1e34358d6d79ada7812723b32e'}
issues/15617,not_collected,Tuple unpacking for static array overflows,https://github.com/ethereum/go-ethereum/issues/15617,{'wallet': 2},{'da58afcea0525fab2d3f45f58e7e243a15407ab9'}
issues/15858,not_collected,Unable to perform copydb (panic: runtime error: memory),https://github.com/ethereum/go-ethereum/issues/15858,{'network': 1},{'bc0666fb277be5e7d1fd7c5523a3b335b310a154'}
issues/16539,not_collected,downloader: Lock-up during sync due to circular return logic,https://github.com/ethereum/go-ethereum/issues/16539,{'network': 1},{'7cf83cee5240f76bdf8ff4f1024643fd126e1018'}
issues/16859,not_collected,Memory Leak Still Present in TxPool as of 1.8.10,https://github.com/ethereum/go-ethereum/issues/16859,{'rpc': 1},"{'17f80cc2e2d22e3ab78d6e60c5b90d61a04ea3b2', 'b659718fd0aa19c6b5977eb22cd58449bbb824a0'}"
issues/17633,not_collected,Clef: DoS through malicious method selector ,https://github.com/ethereum/go-ethereum/issues/17633,{'wallet': 1},{'16bc8741bfc6db6d7d352015e4324042dd9288a4'}
issues/17635,not_collected,Clef: Encrypted values from KV store are swappable. ,https://github.com/ethereum/go-ethereum/issues/17635,"{'ui': 2, 'rpc': 1, 'wallet': 6}",{'d3441ebb563439bac0837d70591f92e2c6080303'}
issues/17797,not_collected,ABI MethodById panic,https://github.com/ethereum/go-ethereum/issues/17797,{'wallet': 1},{'96fd50be10885c9b3033404df698177fdb63d036'}
issues/1818,not_collected,panic: runtime error: invalid memory address or nil pointer dereference,https://github.com/ethereum/go-ethereum/issues/1818,"{'ui': 2, 'util': 1}","{'581c0901af22d678aedd9eefae6144582c23e1a0', '74578ab22b24af99ff774927a18153f464334706'}"
issues/18977,not_collected,panic in WriteBlockWithState for very long low-td sidechain eventually beating canon chain,https://github.com/ethereum/go-ethereum/issues/18977,{'consensus': 3},"{'da1efdae0c2e6bb221927937eac0ea76225d97c2', '0436412412d59ac087b7861d49dab35f07e59d33'}"
issues/18994,not_collected,Panic in findAncestor,https://github.com/ethereum/go-ethereum/issues/18994,"{'ui': 1, 'util': 3}",{'f48da43bae183a04a23d298cb1790d2f8d2cec51'}
issues/19286,not_collected,"panic: interface conversion: interface {} is nil, not *types.Block",https://github.com/ethereum/go-ethereum/issues/19286,{'consensus': 1},{'ead711779d6e2e1d4593d7dcede8ae6454a3b961'}
issues/1930,not_collected,"geth 1.2.2, possible memory leak",https://github.com/ethereum/go-ethereum/issues/1930,"{'ui': 1, 'util': 1, 'consensus': 3, 'rpc': 3, 'policy': 1}","{'fbdb44dcc17240a01b45e55d3aa4e4b8db0868cd', 'ae1b5b3ff2611af1232643d38e13a77d704dae28'}"
issues/19714,not_collected,http RPC deadlock ,https://github.com/ethereum/go-ethereum/issues/19714,{'rpc': 1},{'8d815e365cd2cda2e865dd2e272ebb5a3d4b8772'}
issues/1983,not_collected,crypto: ecrecover panic: [libsecp256k1] illegal argument: recid >= 0 && recid <= 3,https://github.com/ethereum/go-ethereum/issues/1983,{'crypto': 1},{'1b29aed1283bd050ac7b782b352a7c87d88d82ab'}
issues/2237,not_collected,"Store blockchain in AppData Local, not AppData Roaming on Windows.is",https://github.com/ethereum/go-ethereum/issues/2237,"{'ui': 1, 'node': 1}",{'f7f6a46029c23d2c1b5a5293d470becbdb4e3366'}
issues/2298,not_collected,"Block is lost and no one wrapped it as uncle, even myself",https://github.com/ethereum/go-ethereum/issues/2298,{'consensus': 1},{'ba3fb9e6f4c47edbb0ff99285a0b48dc4bd3f37c'}
issues/249,not_collected,Unlimited number of hashes GetBlockHashes can return,https://github.com/ethereum/go-ethereum/issues/249,{'policy': 1},{'35f4bb96f313f4f04e70d1cf135be3a4759a8179'}
issues/2710,not_collected,Filter race:  concurrent map read and map write,https://github.com/ethereum/go-ethereum/issues/2710,{'util': 2},"{'51f8ce26cf6dbc20ddc548af305739db981fdd41', '35d479b6d3d793ef8b32b28a9f2cfc9f8b4a0670', '74ec95e7f6d0250dcc9bf51b8bd7e9c8c5431dfc'}"
issues/2829,not_collected,panic: unhandled error: notify.FSEventsMustScanSubDirs|notify.FSEventsKernelDropped,https://github.com/ethereum/go-ethereum/issues/2829,{'external': 4},"{'4be37222efb2064140bd3d285ef553ec077e0487', '626604e86d9a47900e6da5fc003f7009bb239940'}"
issues/2948,not_collected,panic: close of nil channel in miner.(*worker).stop,https://github.com/ethereum/go-ethereum/issues/2948,{'consensus': 1},"{'ac0f8b81ae40f18a70413916e5ef1cbc503e4743', '2c6be49d200a3fff660ad78aada3305f8a3e3b9a'}"
issues/304,not_collected,p2p: nodeid must be static between sessions,https://github.com/ethereum/go-ethereum/issues/304,{'node': 1},{'e968928613a5d49ad67e921a52883268d4ad74d1'}
issues/328,not_collected,SEC-1 JSON RPC and WebSockets bind to all interfaces,https://github.com/ethereum/go-ethereum/issues/328,{'rpc': 1},{'7299eb72e0c57d8bf7279cbf2544c266a3fd145b'}
issues/331,not_collected,SEC-4 JSON RPC interface allows all origins,https://github.com/ethereum/go-ethereum/issues/331,{'rpc': 1},{'b6fde73ef130e80eb834a60e766ce288de800bef'}
issues/333,not_collected,SEC-6 The Go secp256k1 lib does not validate secret key before generating EC key,https://github.com/ethereum/go-ethereum/issues/333,{'crypto': 1},{'238f39a42ecaf489f0dbbf880e6d8f8e86791f1d'}
issues/342,not_collected,SEC-7 Negative Value Transactions,https://github.com/ethereum/go-ethereum/issues/342,{'evm': 1},{'fdecc11128596eadc00e7a7d81b856d844396c37'}
issues/3608,not_collected,Swarm: Panic when swarm is started with invalid ethapi,https://github.com/ethereum/go-ethereum/issues/3608,{'ui': 1},{'409b61fe3c8046dc26f3442846e9f7032bebb9c5'}
issues/362,not_collected,SEC-8 No stack size validation for some op codes,https://github.com/ethereum/go-ethereum/issues/362,{'evm': 1},{'dd086791acf477da7641c168f82de70ed0b2dca6'}
issues/3819,not_collected,Signed transaction printing could crash,https://github.com/ethereum/go-ethereum/issues/3819,{'consensus': 1},{'4be37e91b941db0cec1cab9c41b7e62a08f78d81'}
issues/389,not_collected,SEC-12 Block header validation function does not validate gas limit,https://github.com/ethereum/go-ethereum/issues/389,{'consensus': 1},{'b155b9d80b1cb921c52c20e296f27039de3b069b'}
issues/416,not_collected,SEC-14 single DB lookup table for all objects pose consensus security risk,https://github.com/ethereum/go-ethereum/issues/416,"{'ui': 5, 'consensus': 3, 'node': 1, 'rpc': 1}",{'cd856cb2133d390758bb24b88fa3b538bb7bc306'}
issues/418,not_collected,SEC-16 JSON RPC DoS vulnerability for large messages,https://github.com/ethereum/go-ethereum/issues/418,{'rpc': 1},{'676a0de58d3d7c508b0eeeff192d2095a46f7382'}
issues/420,not_collected,SEC-18 RLP decoder unsafe allocation,https://github.com/ethereum/go-ethereum/issues/420,{'util': 1},{'c35f4fd0bd93bcab01ba7704fc144514a2cc7a1b'}
issues/456,not_collected,SEC-19 ECDSA recovery id (V) is casted from uint64 to single byte,https://github.com/ethereum/go-ethereum/issues/456,{'consensus': 1},{'9fb52c517beda2422920eb5b265a0f714d59c39a'}
issues/457,not_collected,SEC-20 VM program counter overflow,https://github.com/ethereum/go-ethereum/issues/457,{'evm': 4},{'368ebe63a95c870a90dba8635d3a5c3863c43330'}
issues/502,not_collected,SEC-25 ECIES library does not verify whether received point is on curve,https://github.com/ethereum/go-ethereum/issues/502,{'crypto': 1},{'7c0a18edb58c46a68bdf524dc2bf3e7edf61dba2'}
issues/503,not_collected,SEC-26 Go defer/recover pattern used to catch VM halting conditions,https://github.com/ethereum/go-ethereum/issues/503,"{'evm': 4, 'external': 123}","{'8a22cd5e6ca88eef0207cfb597175f720d6deda3', '56ed93484e83ade3341acc4c7cc90e5159df3e72'}"
issues/505,not_collected,SEC-28 Add validations to Go EC recover utility function,https://github.com/ethereum/go-ethereum/issues/505,{'evm': 1},{'d2fa6e7753deb0f7fe5e1d802460c88c2885b954'}
issues/506,not_collected,SEC-29 Go zero values for missing struct fields in RLP decoding causes caller to panic,https://github.com/ethereum/go-ethereum/issues/506,"{'consensus': 1, 'policy': 1}",{'4a4da9a24e39c45db6535ca5ad51dc1385f2491b'}
issues/507,not_collected,SEC-30 Unsigned tx handled as tx from the zero address,https://github.com/ethereum/go-ethereum/issues/507,"{'ui': 1, 'consensus': 1}",{'861031491860c69f29e1444c22dd84c38abfedf4'}
issues/515,not_collected,SEC-32 VM memory Set function panic when memory is empty (0),https://github.com/ethereum/go-ethereum/issues/515,"{'evm': 1, 'external': 123}","{'56ed93484e83ade3341acc4c7cc90e5159df3e72', '00f8319faf95e53333a9573fdc9e49df23238607'}"
issues/568,not_collected,RPC panic eth_getTransactionCount with pending,https://github.com/ethereum/go-ethereum/issues/568,{'others': 1},{'7e1e264375fe4bebbf6bb40604d0060744ebae2a'}
issues/595,not_collected,SEC-33 New gas limit validation not handling when block's gas limit is lower than parent,https://github.com/ethereum/go-ethereum/issues/595,{'consensus': 1},{'485dcf90cd4ea290cc1b6bea1c4f3135aa25cb7c'}
issues/597,not_collected,SEC-34 Add check for minGasLimit in new gas limit validation,https://github.com/ethereum/go-ethereum/issues/597,{'consensus': 1},{'485dcf90cd4ea290cc1b6bea1c4f3135aa25cb7c'}
issues/598,not_collected,SEC-35 BLOCKHASH instruction DoS,https://github.com/ethereum/go-ethereum/issues/598,{'consensus': 1},{'b927c29469864424a97c06ff2f31e2d882b01cd7'}
issues/599,not_collected,SEC-36 Block header nonce overflow,https://github.com/ethereum/go-ethereum/issues/599,"{'util': 2, 'consensus': 2, 'storage': 2}",{'f486c0ae563eaf89a601ca5d60f30be96db2e69a'}
issues/600,not_collected,SEC-37 Block header gasUsed field not validated but set for the block,https://github.com/ethereum/go-ethereum/issues/600,{'consensus': 1},{'bfb9ed881d3b7de3a4a68686a1f90d84decc8667'}
issues/601,not_collected,SEC-38 call depth not decremented after return from CALL or CALLCODE,https://github.com/ethereum/go-ethereum/issues/601,{'evm': 1},{'ebf4408d738474835582485bb4ef45bf55a05a9c'}
issues/602,not_collected,SEC-39 Account nonce incremented before tx validation,https://github.com/ethereum/go-ethereum/issues/602,{'evm': 1},{'23bccbbc587aa22057eb7ae29c5b87d44b7cac7d'}
issues/603,not_collected,SEC-40 common/rlp.go Encode integer overflow,https://github.com/ethereum/go-ethereum/issues/603,"{'network': 5, 'storage': 1}",{'1a44f0ac91a9fafaa0b289bc19f52a42499b83f7'}
issues/604,not_collected,SEC-41 Peer TD in NewBlockMsg not verified,https://github.com/ethereum/go-ethereum/issues/604,{'external': 3},{'0214cbe0fb01e623a905a6ff8875896f78e00840'}
issues/68,not_collected,"panic: object does not expose a method ""addLog""",https://github.com/ethereum/go-ethereum/issues/68,{'ui': 1},"{'48276be277ff7b4ffe9b7853cecda7da598e2c40', 'd6acb74ac95fc2630e5a1e2c71cc6534f135606b'}"
issues/681,not_collected,Eventer and RPC in deadlock but only when console is started,https://github.com/ethereum/go-ethereum/issues/681,{'consensus': 2},{'ec6cbb914b4e3070ad2fd6194c2fa6de2c1080cc'}
issues/77,not_collected,Gas restrictions,https://github.com/ethereum/go-ethereum/issues/77,{'consensus': 3},"{'753f749423df7d5fba55a4080383d215db8e0fc7', 'bdc206885a1d9c730464f60ec65557403720be1e'}"
issues/846,not_collected,Database corruption when downloading and stopping client,https://github.com/ethereum/go-ethereum/issues/846,{'node': 1},{'016f152b36106130fa42514ef6cfacc09dfc3142'}
issues/916,not_collected,eth_getWork starts mining,https://github.com/ethereum/go-ethereum/issues/916,"{'ui': 3, 'node': 1, 'consensus': 3, 'rpc': 1}",{'21e52efdfed19c4376b830f8ad0e52a9e599f633'}
issues/951,not_collected,"estimateGas returns error about balance, when the accounts is empty",https://github.com/ethereum/go-ethereum/issues/951,{'util': 1},{'79fa05867f78a159f4c229c21c12f0e4679b5b2e'}
pull/1031,not_collected,fixed race condition in miner,https://github.com/ethereum/go-ethereum/pull/1031,{'consensus': 3},"{'677796b3517782dd530b7a1a7d9dfd16b643404c', '60561cdca26b84843ddb4d96158c6ca7d8c32ec1', '7778740315f322a9a31219090f180374a5620ec0'}"
pull/1063,not_collected,prefix dapp key/value entries in extradb,https://github.com/ethereum/go-ethereum/pull/1063,{'others': 1},"{'a61e6788db492b292baaa9c9be09eac9334ff56e', '1da145675d7975bf99ef0c947cac7eaf5b87f21d'}"
pull/1064,not_collected,Fix two additional download vulnerabilities,https://github.com/ethereum/go-ethereum/pull/1064,"{'network': 8, 'node': 2, 'policy': 2}","{'af28736bd0f01176fa95b715e48476dd8269b942', '52db6d8be577669bd5ba659ac223acf61956b05a', 'e8b22b9253da400cc350dbc673d07789f93f57bc', '06a041589f3c2d4b3e66a1ce51e3e03e209fdbff'}"
pull/1105,not_collected,miner crash due to blockchain db close,https://github.com/ethereum/go-ethereum/pull/1105,{'consensus': 1},{'31272f12b34af569ae2f5acd53f4d624d2bee30c'}
pull/1150,not_collected,core/vm: improve JUMPDEST analysis,https://github.com/ethereum/go-ethereum/pull/1150,{'evm': 7},"{'122d2db0955c357abc84aed6686d956a4b435ccc', 'c9ed9d253a535678ea9e1fcd2a255c7508ef0c63', '48fb0c3213a1634a266dd661d30c9ecd3c352f49', 'b4818a003aabb1722f8413ba98fa5b6262ef9673', 'ea2718c9462ae351baab5eaa05a7e1ef9dc916fa'}"
pull/1153,not_collected,eth/downloader: gather and ban hashes from invalid chains,https://github.com/ethereum/go-ethereum/pull/1153,"{'network': 18, 'node': 2}","{'087949227c3b10c2ae45cb1a54a6de1f4f5d6600', '0275fcb3d3979d14e01b4e0b9980be6d0cafbc8d', 'b40c796ff726d54efc8c7933e1586869c2a0985a', 'c4f224932f69099f595211755ebc0a9933616315', 'abdfcda4dd223f2a2a932628da1e9388d2670856', '84bc93d8cb3ca2beab96b567507873e53ce80056', '4b2dd44711a04c639ecde68806455ccf7244acce', 'eedb25b22ac466d8165153589b0e4a7c7de69128', '1d7bf3d39fbd6b1a53913bb309bc07500b220ded', '4ed3509a02c7f5a09036e6e9cb615c6def6d25f3', '2d627995cf22b9a1187e4b22d430f84541904d2c', '9da0232eef7e7abd9f036fccb231220e272e6049', '6d497f61c65b1c02c4cfb5f4e0673574a0cd17d5', '63c6cedb14cbd461733e33ffac016dc7d8e431ae'}"
pull/1155,not_collected,"core: fix #1154, sort out data race accessing the future blocks",https://github.com/ethereum/go-ethereum/pull/1155,{'consensus': 1},"{'a906a84950f84a3cae178b2aca49fa6bba54a4c9', 'b7fc85d68ea22a99222ba8535be8ff6410826644'}"
pull/1167,not_collected,Add missing err checks on From(),https://github.com/ethereum/go-ethereum/pull/1167,"{'ui': 1, 'consensus': 1}","{'861031491860c69f29e1444c22dd84c38abfedf4', '147a699c6543b1e4ec8c933f8aaff4e0639897b6'}"
pull/1216,not_collected,Fix various data races in eth and core,https://github.com/ethereum/go-ethereum/pull/1216,"{'consensus': 4, 'network': 7, 'node': 3, 'p2p': 2}","{'ebf2aabd254a4e765b68cdb46b18806fa7e4cb4b', 'd09ead546cbdf8e4659e65581f23715101f5b686', '365576620a8230a193570e81e7f296d17b13fede', '07baf66200c74a97b440a199dce7321b23aea4cd', 'ff84352fb73bdbb07a7b2cf24b417927bf5a5c5e', 'ca8cb65b73b5bdb6a30b6a45304b3c45acc66bcc', '44147d057dd91d8b35dd6f4ed025bdb4baf225eb', 'f86707713c42da02b70a3a389684e19e902d8759'}"
pull/1220,not_collected,core: fix a lock annoyance and potential deadlock,https://github.com/ethereum/go-ethereum/pull/1220,{'consensus': 3},"{'4541c2296441ba7e7e625d95d45490dbd064c8b4', '5950755b12f204c957542035739db09860c69a2a', 'd652a58ada207fa9a372f2fa594d5a151ed44a4f', 'fecf2141750fe61640870672987023fe7213901a'}"
pull/1223,not_collected,core: fixed race condition in the transaction pool,https://github.com/ethereum/go-ethereum/pull/1223,"{'consensus': 3, 'node': 2}","{'65a48f9cd8461917d8047b1cd4901d068b61ff00', '29f7902fee0750c571adad06bd614365ad86e8f5', '4407524d13994759230ce6d31d828914597e8f6c', 'acb59f3243bf1e12185912ba0684007247ade7ca'}"
pull/1243,not_collected,"eth, eth/downloader: separate concerns, clean up test suite",https://github.com/ethereum/go-ethereum/pull/1243,"{'node': 2, 'network': 18}","{'0fc71877a7d7a46f35147f753cba0de7b937c77a', '66d3dc8690e0aa551e7b35a17006a2135b51c9bd', 'fc7abd98865f3bdc6cc36258026db98a649cd577', 'faae8b7dd844f4faa2b9e2c8ce76246341ed7357', '9c03c374e32541c905adb9a3b8783cd721117030', '2dd6a62f67a217cc2186f04d7d99565f7782c79b', 'cf7c44a7f6e5422148e0be98186d5570ce3e0ac5', 'aa250e228a7f2eec5d512d05eb042b75e2755d30', '2937903299b9b965eb54a9d5031714d6a7af972e', '80833f813715cb151bbf165f462e38930fc4fccd', '30a9939388ac738aba39eb64c287bbf9bbda91c9', '263903378b81f4a17ab34f5ad0d3a7ceb2b5dea9', 'b240983e2bafcde1c5902ce3a196b22475412f16'}"
pull/1274,not_collected,Update ethash godep,https://github.com/ethereum/go-ethereum/pull/1274,{'external': 12},"{'be303ba1864d760c2d47eb9b27acbe889d1a0e29', '8f372c867d0717560640d513058bda9af24335e5', 'a3fdef7529e9b58b73d5eb033a2411fafbc9a1f1', 'a9d6846f9218ef131ec4b3ca8d31284f64f1b8a5'}"
pull/1281,not_collected,"eth/downloader: fix #1280, overlapping (good/bad) delivery hang",https://github.com/ethereum/go-ethereum/pull/1281,{'network': 1},"{'e4b54f18c6db9f43a4d6cf2916df664bf30c8171', '4a1e82cf3f7a5c9d7526fc01aa68466870e2a644'}"
pull/1313,not_collected,eth/fetcher: handle and test various DOS attacks,https://github.com/ethereum/go-ethereum/pull/1313,{'network': 6},"{'2105807a32620320d87b7ce9377b4313090ac23e', 'b5a0eed6dfbdb1a902896bf1f70bde2884c783a6', '9319dfbec5a8b142931786d113eeee7f837ea70d', '886d00016ce648bd322f4744bfce076a7a1c74fb', 'e412faee8aa7db023ed2124a43e5212bf155c844', 'a1086d1dabf9a630122c4e6c2cb8458f8a1efa5f'}"
pull/1323,not_collected,Race condition in http interface,https://github.com/ethereum/go-ethereum/pull/1323,{'consensus': 1},{'f56d5fb019e0ff5e313f82be6c74267a4d4c9d08'}
pull/13515,not_collected,les:flowcontrol: fix division by zero for lightserv flag,https://github.com/ethereum/go-ethereum/pull/13515,{'node': 1},{'43064d8ddda958df807a43ae15834fb3e4cf290c'}
pull/1354,not_collected,gpo non-existent block checks,https://github.com/ethereum/go-ethereum/pull/1354,{'policy': 1},"{'a22fb034da188477fc7bd04935053704dd853ad2', '2236a353764b2373fdcdd711a7685a17b40faba8'}"
pull/1355,not_collected,Use uint64 for block header timestamp,https://github.com/ethereum/go-ethereum/pull/1355,"{'ui': 1, 'consensus': 5, 'evm': 2}","{'4c490db6afeb5a48d3e8d1d65ea8ddc9811d0a6d', '2e5242f9bbbf8412fa5b6e94da942e69570d860d'}"
pull/136,not_collected,Fix chain filter data race,https://github.com/ethereum/go-ethereum/pull/136,{'others': 1},"{'c1f8a640d35b4ec996657d0457f67d02d8276f4b', '8128190fb2fd5e9e41929bdb84a71f87fc897724'}"
pull/13856,not_collected,ethstats: sanity check ethstats history queries,https://github.com/ethereum/go-ethereum/pull/13856,{'others': 3},"{'96d1a4aee6c21b0cd247513cdd9d3acc78df378d', 'e50a5b77712d891ff409aa942a5cbc24e721b332', 'fb98a8c6c2964f59ef2be7677c81260181074db7'}"
pull/14339,not_collected,cmd/faucet: further user validations and bot protection,https://github.com/ethereum/go-ethereum/pull/14339,{'ui': 15},"{'af48a331bf1ec8d30cff7d411afcce37741cbede', '80e74fc1e09ccc3cf48a65fd89d2d872dc68fda3', '03dffe3efdde4fd0d849b9523249d0ad42037dce', 'd2fda73ad7f4771dadb265d1cbfaecaaabb2cb42', 'cb3f5f8b932156df9078085e77bef493eca1581b'}"
pull/14379,not_collected,node: fixes deadlock on Wait(),https://github.com/ethereum/go-ethereum/pull/14379,{'node': 1},"{'8dce4c283dda3a8e10aa30dadab05a8c0dd9e19d', '5f7eb78918fe88a9e4f64e47044c29fcb934d924'}"
pull/14398,not_collected,"cmd/puppeth, vendor: update ssh, manage server keys",https://github.com/ethereum/go-ethereum/pull/14398,"{'ui': 5, 'external': 14}","{'8cef85258a7989e72d1e19d7583a45e21585baf3', 'cf4faa491a699e2a9397ad3809695cc9c0965662'}"
pull/14407,not_collected,consensus/ethash: fix a timestamp update race,https://github.com/ethereum/go-ethereum/pull/14407,{'consensus': 1},"{'f8acc0af7e48ef3e6b1ed710fc429ece81db1dc8', '59966255add632e3ef09799a8b994ec982bd415a'}"
pull/14411,not_collected,consensus/clique: fix overflow on recent signer check around genesis,https://github.com/ethereum/go-ethereum/pull/14411,{'consensus': 1},"{'bcf2465b0b9c2aefcc7b79bdc24025f1497c08b1', '02fa3e3179011bcbdf9142f9efba8d3a52df8987'}"
pull/1443,not_collected,Core uint64 ts,https://github.com/ethereum/go-ethereum/pull/1443,{'consensus': 8},"{'dd140beb73bf70d1b7c78c5a92e5c73586282bb6', '0b53a5c67381b3843ae01bf4210b57416ab5d210', 'b08abe64e4d2e3fa8d10c89647595226d6b31b19', '5d6d40f329410f20d9ceb92d31985a883d94cb24'}"
pull/14442,not_collected,"cmd, core, eth, miner: remove txpool gas price limits",https://github.com/ethereum/go-ethereum/pull/14442,"{'consensus': 12, 'ui': 2, 'node': 2}","{'a2f23ca9b181fa4409fdee3076316f3127038b9b', 'dd1aa7dc3392b8c761bab92ebe5503321728e45e', '778ee5c4bfab1a88a3d796701abc539e3f39d40f', '84f45def3a289dee5be5df69d5b3242c024803bb'}"
pull/1446,not_collected,"eth, ethdb: fix a data race during startup/shutdown",https://github.com/ethereum/go-ethereum/pull/1446,"{'node': 1, 'storage': 1}",{'be6205d6ecca355c6eee725a09cd8d406a7fcde0'}
pull/1447,not_collected,"eth, ethdb: fix a data race during startup/shutdown",https://github.com/ethereum/go-ethereum/pull/1447,,"{'cd6d703e94ec684bd8d0fd0ed231e99417887e8b', 'eb2d168710891f2cc9ef79fae7a128af70efadee'}"
pull/14480,not_collected,les: fix goroutine leak in execQueue,https://github.com/ethereum/go-ethereum/pull/14480,{'others': 1},"{'e20158176d2061ff95cdf022aa7113aa7c47a98e', 'c63736bc2ac9d0bb46bbe4bfd4dea07724491586'}"
pull/1451,not_collected,eth/downloader: drop peer if advertised TD but won't delvier,https://github.com/ethereum/go-ethereum/pull/1451,{'network': 1},"{'4c62ce831b7f4aba873fd0f78d90081d774c14a4', '492d5454b1e1e1ce18999827a5fd98562bfdbe0e'}"
pull/14545,not_collected,consensus/clique: cache block signatures for fast checks,https://github.com/ethereum/go-ethereum/pull/14545,{'consensus': 2},"{'309da541dec34a51d38a8c4f7f76b7e0d3c8eb60', 'b0f30b0b37f2afcf9bf9fb8519abc7ffe595e615'}"
pull/14561,not_collected,core: reduce transaction reorganization overhead,https://github.com/ethereum/go-ethereum/pull/14561,{'consensus': 3},"{'cba33029a844a6631935f0ad57afd9793eabde6f', '799a46900076e5315813ca7791f349b8e6eaed0c', '9702badd83399d62dca4df0cfd65587340def300'}"
pull/14727,not_collected,Fix error when reporting numer of txs in imported blocks,https://github.com/ethereum/go-ethereum/pull/14727,{'consensus': 1},"{'8bbd598ef43be51f6dbd37b7d2b14501c8a4a6c3', '65b96dc4b95722df81d664d22fd06550a4c0b8a8'}"
pull/14823,not_collected,cmd/puppeth: limit cotnainers to 10MB logs,https://github.com/ethereum/go-ethereum/pull/14823,{'ui': 5},"{'9488e7fd5fee6e88911758ba8202409004edec63', '8a8fc5f8ef102eac661cd4c4ea8baf433be6cd09'}"
pull/14940,not_collected,core: fix txpool journal and test races,https://github.com/ethereum/go-ethereum/pull/14940,{'consensus': 1},"{'9a7e99f75d09dc7835d3335d97a37f153d480cc6', '1c45f2f42e6578258e74c790d063b8639ec58bc6'}"
pull/14999,not_collected,cmd/puppeth: support blacklisting malicious IPs on ethstats,https://github.com/ethereum/go-ethereum/pull/14999,{'ui': 3},"{'059c767adf4956d6d7bae16066a798d02a367f01', '998abb910776f61fcea1d9350b157994abf5224b'}"
pull/1500,not_collected,miner: fix current work data race,https://github.com/ethereum/go-ethereum/pull/1500,{'consensus': 1},"{'30293497617b19a2f55633ac0680fbe2234607e0', '482cc4957d274ec101bb74a76ed34579ef1e4f28'}"
pull/1503,not_collected,accounts: fix data race when key is locked after the unlock timeout,https://github.com/ethereum/go-ethereum/pull/1503,"{'wallet': 2, 'crypto': 2}","{'06d5898d6a0f1f99505e55454688dd67237a98f9', 'd1d45aa8390731ad9d0422e6bbf2d451d11dab4d', '7662dd9bbbe5ced9aee33a734a754e90fb73d376'}"
pull/15072,not_collected,core/vm: Make MaxCodesize non-retroactive ,https://github.com/ethereum/go-ethereum/pull/15072,{'evm': 2},"{'66f210b128ae3e425f7667fc50fc407968c35872', '2e136d1b0b00073e7d445d570df171008633fb4a', 'e7408b5552002df7c3ba6a2351f14c533dfc5a36'}"
pull/15103,not_collected,eth: disable fast sync after pivot is committed,https://github.com/ethereum/go-ethereum/pull/15103,{'network': 2},"{'55e5926f34f2fa15489168a4a3b035f8b43a8b36', 'f30179d62e239521290690ac0688da8648ddebc6'}"
pull/1511,not_collected,core: fix an RLP encoding data race due to deep struct copy,https://github.com/ethereum/go-ethereum/pull/1511,{'consensus': 1},"{'26a269ea09667f7e49b89f96bb5eaee66c0d10f8', '04bb89604e6fcd40a79499ea0f53d161e5ca7890'}"
pull/15190,not_collected,cmd/geth: make account import read keys from stdin,https://github.com/ethereum/go-ethereum/pull/15190,{'ui': 1},{'7f3a97d0608d890fe14f41577a92f6cf1ceb70f6'}
pull/15235,not_collected,core: revert invalid block dedup code,https://github.com/ethereum/go-ethereum/pull/15235,{'consensus': 1},"{'629b5837e99ced620e71f5d750f2c1abc3537ed3', 'b84f0bdb02f95e5342ea1ae82ba319718acf9d46'}"
pull/15247,not_collected,Fix a bug with console on MIPS architecture - Update peterh/liner dependance,https://github.com/ethereum/go-ethereum/pull/15247,{'external': 15},{'69559d99088df83de4c303649998c2b9974aeddb'}
pull/15365,not_collected,les: wg data race fixed,https://github.com/ethereum/go-ethereum/pull/15365,{'network': 6},"{'a231fdbf790bab7eaaf060accb53a3ea259aa6c7', '0914d4e0d2b29249bdec9d2342256c39e1787bf3', 'b04eb83c2f6012c56abd91c50a7b720903947c74', '853d5d3fd0a3cb7e9e6cf05da147379cfb132804'}"
pull/15376,not_collected,swarm/storage: Fix chunk overwrite on store restart,https://github.com/ethereum/go-ethereum/pull/15376,{'storage': 3},"{'6c959a9c20d3238895e82be9770bc7981964eda9', 'e69ba3624c4690cbede23521121356d9c78a3867', '3ddda8be3e1b6c711a16855f5023f0ee3f39c304'}"
pull/15427,not_collected,swarm/storage: Fix chunk overwrite on store restart,https://github.com/ethereum/go-ethereum/pull/15427,{'storage': 4},"{'fe2f4ba2d61cd2ed96e34ac8b04526a70ad163cd', 'df27fe73918b58ed5586339e067cd1bae5e124b6', '4a923691e74b34e058aeb74fc767e1400502758f', 'e833eb86eb46e5fa7e0226a7b1fb8c460b813cfb', '4a91e70031220b8f2786a5dcbd661d955be7a542', 'fb4f106ef76756e7287a70b12a8d8c9bb69a6148'}"
pull/15441,not_collected,les: fix channels assignment data race,https://github.com/ethereum/go-ethereum/pull/15441,{'others': 1},"{'abcf79088b499d0c5b1f152d14ceed096926d68a', '7ace02398160fe4d0f0bf9e7c49ff86e6fdb15bc'}"
pull/15545,not_collected,eth/downloader: dereference discarded statesync request,https://github.com/ethereum/go-ethereum/pull/15545,{'network': 1},"{'7087b3dbdc958ede3d6213dacd56624affde474b', '9c42a41ed81c0f138236b4ee6490a63092bea3fa'}"
pull/15549,not_collected,"core/state: copy trie too, not just content",https://github.com/ethereum/go-ethereum/pull/15549,"{'consensus': 1, 'storage': 1}","{'de37e088f2f317d900c84166b2f3e2aee7173595', '5dea0f2aa48a12e671dfa906896031db2379de8d'}"
pull/15578,not_collected,Whisper v6 remove aesnonce,https://github.com/ethereum/go-ethereum/pull/15578,{'network': 17},"{'736e75697d631b2e80a51d898f9cb5fe36b01679', 'ab3763c2795f2ad9e41e0a77219ec1a2e0c2c497', '8315701538a71c6d3265ffc7a05ac3bf8e740a68', 'a340851ea05836c06b783bc0b1fc2dd98b7c99c4', '0d31e257e094fcee69e64c189a5a347fcd37fb09', '35297a80564c023432815b22d151f98ea378327f', 'a0abb7dcfc17a525027b5daca872f555cbf6d38b', 'd13bbc82c6708497f0b0811a66fd07659f6f931c', '225967a6e35fdc41f98f95af22f28f493fcf1f8e', 'd95962cd5d3ea163f8e91d7a9ca2f6303799b2e2', '26401643040c87ceae6f55970aec300ccb7dc5f1'}"
pull/15631,not_collected,whisper: sym encryption message padding includes salt,https://github.com/ethereum/go-ethereum/pull/15631,{'network': 3},"{'e7610eadfee686d7d979e8d23d0b903a78288a13', '4535c5f250efb8bcc8e25f0df032ae270a305607', '3f8f954faee1f73c521b594005387bc7831fd359'}"
pull/15692,not_collected,les: fix les/1 CHT compatibility issue,https://github.com/ethereum/go-ethereum/pull/15692,"{'network': 1, 'node': 1}","{'83d16574444d0b389755c9003e74a90d2ab7ca2e', 'c4899ebf9940228cc03e5d25da68ff8e2e5dcaf8'}"
pull/15790,not_collected,cmd/utils/flags.go: Applying a String len guard for the gitCommit param of the NewApp(),https://github.com/ethereum/go-ethereum/pull/15790,{'ui': 3},"{'89be5f76f810deb5d9a13965aa28cef2ebf4c915', 'd04a0c23b0c9c434151c415c4444bb710cd751dc', '7a59a9380e9f12729bb094de4151c3d135bdadf9'}"
pull/1587,not_collected,miner: fixed worker race condition,https://github.com/ethereum/go-ethereum/pull/1587,{'consensus': 1},"{'1f4ac6b05ae218b86100cdfbd87929624a29d2e2', 'd8590d97902ff9c9ddc4ce56856f64b417b64489'}"
pull/15962,not_collected,RPC: Dns rebind protection,https://github.com/ethereum/go-ethereum/pull/15962,"{'rpc': 6, 'ui': 11, 'node': 16, 'p2p': 2}","{'543df3f69ce144c4a38f96071dd26a28bdd9e925', '589b603a9b1e17930d1e83ca64ce7cdc4c3d5c85', 'dbf5bb1f4c1bca7186468a7650256db7498c3910', '618dcfd03873a9948c4b3542ef3c1d74a9fa5f03', '5d0c42e35f1ad1866b71203afb640533f766d4a6', '76d0069ccde12bcef7ae917aa42dabdc18d25da1', '226aef18c888049b5e82e05f0c063c91cc3dfc45', 'b0c2ac46efd39439d855f249efd334ed8bebb162'}"
pull/16059,not_collected,whisper: Exit api.run when whisper is stopped,https://github.com/ethereum/go-ethereum/pull/16059,{'network': 2},{'c15bf122e4d91354a979b2c8fa93fa080a5e9367'}
pull/16085,not_collected,p2p/discover: fix out-of-bounds issue,https://github.com/ethereum/go-ethereum/pull/16085,{'p2p': 1},"{'0544a43c1332871405b260432db4bfe6a591feee', '20797348ca9d037dc5b7a830bafdfe1ea703eac0'}"
pull/16103,not_collected,les: fix light fetcher database race,https://github.com/ethereum/go-ethereum/pull/16103,{'network': 3},"{'651ee08512b387f72561ad7418f8e00fa7078466', '055eb26ae884fbe25b198fa011e9ff6f2ae4b1d3', '1bdde620dad3c5fccb8e5de19fe7f42b1209a156'}"
pull/16165,not_collected,cmd/faucet: resolve twitter user from final redirect,https://github.com/ethereum/go-ethereum/pull/16165,{'ui': 1},"{'5be1085b6b87ccb39644752ab2275c7403e4e148', '72c4c50777fbd0e7232c4c0adff030954e3e46ba'}"
pull/16207,not_collected,"travis, build, consensus: drop support for Go 1.7",https://github.com/ethereum/go-ethereum/pull/16207,{'consensus': 4},"{'17b0e226d3d6b3829a82ee1c142bd125cc9a0109', '8f43c9743311eed24fbb2ab011f33ccf3b8aa216'}"
pull/16259,not_collected,whisper: final refactoring,https://github.com/ethereum/go-ethereum/pull/16259,"{'ui': 3, 'network': 3}","{'4f1b3267bcd8a57f3a33c6300ec082698c12bbca', 'f1d440a437908320452a077b443f03a6c9606dc0', 'bb123954fff49d5f6d5d3b02faa2daaaa0ccb1b4'}"
pull/16402,not_collected,build: use sftp for launchpad upload,https://github.com/ethereum/go-ethereum/pull/16402,{'others': 1},{'6a3ec6e2779d590c82c78f8644e1303792f0add6'}
pull/16458,not_collected,vendor/gopkg.in/olebedev/go-duktape.v3: Fix overflown callstack trace bug,https://github.com/ethereum/go-ethereum/pull/16458,{'external': 1},{'7e42aa4c8cf97922e8211482318197ba25d72855'}
pull/16502,not_collected,trezor: support passphrase protection,https://github.com/ethereum/go-ethereum/pull/16502,{'wallet': 1},{'2c8caace9955f37191f86ed2e010ffe7911a209b'}
pull/16546,not_collected,eth/downloader: fix for Issue #16539,https://github.com/ethereum/go-ethereum/pull/16546,{'network': 1},"{'7cf83cee5240f76bdf8ff4f1024643fd126e1018', '07f83cd4f50f03c7be5b38ae99603f04fe0e7535'}"
pull/16687,not_collected,vendor: Fix overflown callstack trace bug,https://github.com/ethereum/go-ethereum/pull/16687,{'external': 2},{'84fc80fdc2d3f6efd3a5d212328af7adf2ef78a3'}
pull/16754,not_collected,miner: Add Work.stateMu to protect Work.state.,https://github.com/ethereum/go-ethereum/pull/16754,{'consensus': 1},{'0c60ba5f6c74d348ab09c4a2d3d68e72da41e1d3'}
pull/16776,not_collected,les: fix retriever logic,https://github.com/ethereum/go-ethereum/pull/16776,{'network': 1},"{'25982375a8ed57f623775951e6cdef21bfbc2b34', '7831ae9c270eb4f478f286cdf8b5665a77d39bbf'}"
pull/16879,not_collected,tracing: fix minor off-by-one error,https://github.com/ethereum/go-ethereum/pull/16879,{'evm': 4},"{'400332b99d4eacb6aa509339fa39460b68f76ee7', 'b576d7fe5a0035abea7a2de72f42ea723afa99db', 'b7a0bc157431a4696685bb47f34f8e624680efd6'}"
pull/16895,not_collected,"eth,les: add hash-lookup that is easier on memory",https://github.com/ethereum/go-ethereum/pull/16895,"{'consensus': 2, 'network': 2}",{'319c8d044c624e30358ef27100e26291c9de0332'}
pull/17098,not_collected,Fix method overwritten by same name methods.,https://github.com/ethereum/go-ethereum/pull/17098,{'wallet': 1},"{'5be1099770a131f5bd35c377229b6ae2df20a0ae', '0b9d8d251814da159e50516e9e712049313178ed'}"
pull/17111,not_collected,trie: fix a temporary memory leak in the memcache,https://github.com/ethereum/go-ethereum/pull/17111,{'storage': 1},"{'319098cc1c5ae6f54a8f05d77c564ff31c828814', '67a7857124f3815d649215cefc05d608bf7846e4'}"
pull/17178,not_collected,core: check txn length when building a transaction set,https://github.com/ethereum/go-ethereum/pull/17178,{'consensus': 1},{'aee88cf4e5e68208bbe327b43ed1a678ad5ad356'}
pull/17210,not_collected,core: sanitize more TxPoolConfig fields,https://github.com/ethereum/go-ethereum/pull/17210,{'consensus': 2},"{'27ce4eb78bdf5d9b742ed05babe9b86a434733a1', 'ebcb4a94389529fb4adbedde5f02ce7b6bcf922f', '45721009b2314aa198e44d486a4918dc2076c971'}"
pull/17260,not_collected,p2p: fix rare deadlock in Stop,https://github.com/ethereum/go-ethereum/pull/17260,{'p2p': 1},"{'b5e5d504de40b92c17ae23cc35dd50f53f48524f', '8f4c4fea20da04557d94eab0acbbc681861cce15'}"
pull/17401,not_collected,Don't panic on error from GetDirectoryTar,https://github.com/ethereum/go-ethereum/pull/17401,{'others': 1},{'d5e504307243dfd36a2f94a29572c4ecb206735f'}
pull/17489,not_collected,"core, trie: fix state log deep copy",https://github.com/ethereum/go-ethereum/pull/17489,"{'consensus': 1, 'storage': 1}","{'4bd9550f5e4ccebf5cd14da96ea94d5b127c17b7', 'c3f7e3be3b60df3edd168e80aa89ee2992932b0d'}"
pull/17553,not_collected,core: exploit the use of cache in txSortedMap,https://github.com/ethereum/go-ethereum/pull/17553,{'consensus': 1},{'804c9c8f7625af9946a54215333626fba2064245'}
pull/17595,not_collected,rpc: increased maxRequestContentLength size to 512kB,https://github.com/ethereum/go-ethereum/pull/17595,{'rpc': 1},"{'b66f793443f572082d24f115e706532a620ba3ee', '69140fa366e3edaa0bfa3d7ef4ec5ef3f4ae3ea4'}"
pull/17620,not_collected,consensus/clique: only trust snapshot for genesis or les checkpoint,https://github.com/ethereum/go-ethereum/pull/17620,{'consensus': 1},"{'10bac3664702f31228eafedecf31e9bf115f6c29', 'bcfb7f58b93e6fb5f3da0000672adee80fd6a485'}"
pull/17651,not_collected,cmd/swarm: password threw on upload manifest,https://github.com/ethereum/go-ethereum/pull/17651,{'ui': 1},"{'933ebaa47ee14c64dc9b014f727b0f8b59d2ca90', 'b06ff563a1f1095407612e04a1707e13d2dc20da'}"
pull/17656,not_collected,all: protect self-mined block during reorg,https://github.com/ethereum/go-ethereum/pull/17656,"{'wallet': 2, 'ui': 2, 'consensus': 4, 'node': 2}","{'d6254f827bf493c1471a806b7b8a0e9b86c8c420', '06f26760f6d389c5a7bd39679efa195e3a0c6d07'}"
pull/17702,not_collected,swarm/storage: Implement global timeout for fetcher,https://github.com/ethereum/go-ethereum/pull/17702,{'storage': 1},"{'f5c7d1c8eb202b850541a3fcfc2e9bd4ee6f70a9', '26eab3c74b00025f164a6d5a272ffb84c2e8766b'}"
pull/17722,not_collected,les: fix channel panic,https://github.com/ethereum/go-ethereum/pull/17722,{'others': 1},{'762185b145296d1dee499ee8b4cb0d241cd7150d'}
pull/17891,not_collected,p2p/simulations: fix a deadlock and clean up adapters,https://github.com/ethereum/go-ethereum/pull/17891,"{'p2p': 16, 'node': 2}","{'bc1269d1e2971cb8d062f430b8c96fb61bdfefc7', 'a2e20188d8055dca10218541c1fe97cd7d6a01d6', 'f44533ce2635a21196d83edce978c432ad9b46c0', 'dd6751488c89e434523489c9ed4b22d8c6449490', '0bc880a2505e2386bbb9aea6ed00a901540da664', 'd8c86d737dfb357521b1df53e8f59d2ecd407b94', 'bfa7e3fe75c0e204f982a9a579e3e59faaf41f20', 'dcae0d348bb7f5d9052e50a83383a33538ce376a'}"
pull/17894,not_collected,rpc: fix client shutdown hang when Close races with Unsubscribe,https://github.com/ethereum/go-ethereum/pull/17894,{'rpc': 5},"{'032416e54200da5f70303f019590521162b79563', '2e98631c5e5724bea1a29b877929b4911bf50b86', 'c2ae39664695b5e7869dc4fdc2240d440ec99680'}"
pull/18282,not_collected,Shutdown node from internet,https://github.com/ethereum/go-ethereum/pull/18282,{'ui': 1},"{'d88688fa56dd8d55771bef160fab724acb3b0771', '435a0d1fc2cb1d12ed628f3fa530eb0cebdaca43'}"
pull/18304,not_collected,swarm/pss: Reduce input vulnerabilities,https://github.com/ethereum/go-ethereum/pull/18304,{'network': 15},"{'65c5e1850072b1f346b247def9815a1410b88da7', 'b01cfce36276379a95deb1001a6f1b6a048609de', '4104dd035e0204efdfa8398ba106da2581f9e4bb', '3959cebad0542d8c32242bf9946b3133dc89f7e7', '05eae4f31250d085602a86074dd278a8861fb567', '887eda209c4e72728de438e130f130b0ca27019d'}"
pull/18440,not_collected,add methods to abi that allow for the generic unpacking of event logs into map[string]interface{},https://github.com/ethereum/go-ethereum/pull/18440,{'wallet': 14},"{'8b3364a23494d5cf2d4aaeb67265001ecfc1b7fa', '8be278dda8c19a7971a8fdb45368f3f408990cad', 'cd79bc61a983d6482579d12cdd239b37bbfa12ef', '545294564198add052d38f869cc15403d6caadbc'}"
pull/18459,not_collected,swarm/network: fix data race warning on TestBzzHandshakeLightNode,https://github.com/ethereum/go-ethereum/pull/18459,{'network': 1},"{'3e1ccce599eec19ffa78f116176dd23eebae2935', '81e26d5a4837077d5fff17e7b461061b134a4a00'}"
pull/18464,not_collected,p2p/simulations: fix data race on swarm/network/simulations,https://github.com/ethereum/go-ethereum/pull/18464,"{'p2p': 8, 'network': 2}","{'85a79b3ad3c5863f8612d25c246bcfad339f36b7', '50b872bf05b8644f14b9bea340092ced6968dd59', 'f1a242793b5de24ed1c7d73a5308977a9a6ded34', '1b916f89c154e76b8733db51ab738f6eaec0ab39', '8ec258ab1d9403ed75d1a4d13f0d5e81a5bf07d4'}"
pull/18468,not_collected,swarm/network: fix data race in stream.(*Peer).handleOfferedHashesMsg(),https://github.com/ethereum/go-ethereum/pull/18468,{'network': 3},"{'4f8ec445653aa5131eb18fd6f821ed5fc284fd42', '9e1180a82e51e340d83626c3e486342c655f54b3', 'aa149ad16bdd95020ef849ceda1b0e443c92c094'}"
pull/18469,not_collected,swarm/network: fix data race in fetcher_test.go,https://github.com/ethereum/go-ethereum/pull/18469,{'network': 3},"{'19bfcbf9117f39f54f698a0953534d90c08e9930', '13d7b59726140ff88ac2135de62ce267b2aad642', 'bad8c1e64c0739dae93d2bbd8f94e6831000cab8'}"
pull/18505,not_collected,node: fix goroutine leak by closing accounts manager on Node.Stop,https://github.com/ethereum/go-ethereum/pull/18505,{'node': 2},"{'3b73e3dca377cbb9f8ff07e2d49450116349a1c0', '40b92cfe70cb1d554f0ef5c68743a4209a02a481'}"
pull/18511,not_collected,swarm: fix a data race on startTime,https://github.com/ethereum/go-ethereum/pull/18511,{'others': 1},"{'fa34429a2695f57bc0a96cd78f25e86700d8ee44', 'a80a4520db6099714cdcc660073390fb687fc708'}"
pull/18523,not_collected,swarm/pss: fix data race on topicHandlerCaps map,https://github.com/ethereum/go-ethereum/pull/18523,{'network': 1},"{'2209fede4e2cb19bc6336562fc41812ec1d56435', 'cb3d1f59c1ccee6a48c448b3067d6c29b2d73d00'}"
pull/1859,not_collected,p2p/discover: fix race involving the seed node iterator,https://github.com/ethereum/go-ethereum/pull/1859,{'p2p': 8},"{'b4374436f331903ae1a19879aac0f37678b65f0e', 'e3ac56d50277316a880617416d9823cf70dd059a', '631bf361026676560b2995563fcf1324347a13a1', '32dda976020f8ec756fa65e7764f41e9d42dbef4'}"
pull/1865,not_collected,core: deadlock in chainmanager after posting RemovedTransactionEvent,https://github.com/ethereum/go-ethereum/pull/1865,{'consensus': 1},"{'a6cc02f68fb13167b861efa72690538e7cf5b177', '0d78f96205685e56ff20f99859538437939950f3'}"
pull/1889,not_collected,eth/63 fast synchronization algorithm,https://github.com/ethereum/go-ethereum/pull/1889,"{'consensus': 32, 'network': 45, 'node': 8, 'rpc': 8, 'ui': 6, 'evm': 4, 'util': 2, 'policy': 4, 'storage': 9}","{'92f9a3e5fa29e0f05c81b348b87cab4f7a94f0c8', '42c8afd44006b170c20159abaadc31cc7545bec2', '832b37c8221e330896c36eb419d92af6b1fdc9dd', 'aa0538db0b5de2bb2c609d629b65d083649f9171', '5b0ee8ec304663898073b7a4c659e1def23716df', 'c33cc382b3561ca91871111933f81653bfd8532f', '0467a6ceec4973b00c344d2a724f7fb01a6b0aee', 'ab27bee25a845be90bd60e774ff68d2ea1501772', 'f186b390182da7af368e7a5a1e9eff8d690b7414', 'b99fe27f8b4d37fe3838d52b682e99c85098ee59', 'a9d8dfc8e77330412b1f21e25a69b96d59567e36', 'b97e34a8e4d06b315cc495819ba6612f89dec54f'}"
pull/18951,not_collected,p2p/protocols: fix rare data race in Peer.Handshake(),https://github.com/ethereum/go-ethereum/pull/18951,{'p2p': 1},"{'c5c82c04b416b87eebbff131590e5db009b296c5', '3d7114169387d9487e433ca6958f8c0f1b7f531a', 'a0ac3b6a1a1818285b74d9580c6d331837ec2e31'}"
pull/18976,not_collected,"p2p, swarm: fix node up races by granular locking",https://github.com/ethereum/go-ethereum/pull/18976,"{'p2p': 14, 'network': 4}","{'c35c7ed71866957a9258cc85d451939fde98b1de', 'e7fdfbf923441b023c73cb39ac73a2c78f6e5c2e', '13292ee897e345045fbfab3bda23a77589a271c1', '50b872bf05b8644f14b9bea340092ced6968dd59', '316dac5ff4fd2705827316450ce2095fceaf8217', 'f2aba104b9490c703584459c8b219961e5e0168e', 'a721fc6b4c0702914132fa5b7b387f2a090673fb', '4b2f34c8245f6023dcd445c66ff3fda2677bf835', '7d6bc331e2a247e9d3f2e0a5989b28481f2b20ea', '83ed2baa633003a67c16c455755e501bd69fcda3', 'acdb088c011ffb34c95138e4110ab3c4f1bdd3c3', 'ddfe26cbfa36f652d4a65bf3520bc9da1ec826f7', 'addb5b1e6ecb3a7cfaeb5363a81bf6371c04914b'}"
pull/18979,not_collected,core: temporary patch for panic during sidechain import #18977,https://github.com/ethereum/go-ethereum/pull/18979,{'consensus': 1},{'426a0a81917195183aa3a0412f6447e595e461f2'}
pull/1898,not_collected,"core, eth, event, miner, xeth: fix event post / subscription race",https://github.com/ethereum/go-ethereum/pull/1898,"{'consensus': 4, 'util': 1, 'policy': 1, 'network': 1}","{'cefe5c80b1cdcab606a169c0be65d9d2ba9bc941', '402fd6e8c6a2e379351e0aae10a833fae6bcae6c'}"
pull/19004,not_collected,"node, p2p/simulations: fix node.Node AccountsManager leak",https://github.com/ethereum/go-ethereum/pull/19004,"{'ui': 11, 'consensus': 4, 'node': 4, 'p2p': 4}","{'1fa065089bd1f3d5040fddaff722c810e8974a4c', 'bcfcccef4991e7c43555786409f643893e6ef7cc', '26aea736736dc70257b1c11676f626ab775e9339', 'c1416b61ee3acc31149949f28c2f87c016921a84', 'b4ac1d1c68a70c6c0292af5ffa15b5f9f32932b2', 'c7bd9ccb888005e6d5d47cac4be8a05be97d5542', '62a5482d10b19d97be71d0acaa49f1aa962dc00b', 'e582efd7821202dc218bbd546ea64431979bb3cc', 'a342c89941367d7a7e660f0253cd0044ca237264'}"
pull/19010,not_collected,"cm/geth: set dropFn for copydb, fixes #18525",https://github.com/ethereum/go-ethereum/pull/19010,{'ui': 1},{'f14c3f0aef3ed9c346e898845ea4d6b8430de477'}
pull/19012,not_collected,ethapi: default to use eip-155 protected transactions,https://github.com/ethereum/go-ethereum/pull/19012,{'others': 1},"{'2ac61a99146f2570f753b499b8b1712c2c29974a', '685eec31288de5b364d7c7b527f26e5a623575a7'}"
pull/19040,not_collected,swarm: fix uptime gauge update goroutine leak,https://github.com/ethereum/go-ethereum/pull/19040,{'others': 1},"{'b533f572f7532948c7752f25fe3f03bb57a83526', 'd596bea2d501d20b92e0fd4baa8bba682157dfa7'}"
pull/19049,not_collected,swarm/storage/netstore: add fetcher cancellation on shutdown,https://github.com/ethereum/go-ethereum/pull/19049,{'storage': 1},"{'3ee09ba03511ad9a49e37c58f0c35b9c9771dd6f', 'e8a0ad429d6e08cbb446fb458aad5b727ff47299'}"
pull/19051,not_collected,swarm: fix network/stream data races,https://github.com/ethereum/go-ethereum/pull/19051,"{'storage': 3, 'network': 4, 'p2p': 2}","{'73d5c97595190966f91f65e195de81136d805682', '3710a722b346a42b38117aaa400e82a49486cea6', 'd8f29cf69443d6ebe0591b94e1be92cb19145b39', 'b151dc25a6c7b9463c8c0021558c78240f4b6c3a', '714d871faa41f5bc6a8051d67b685dd507db01eb', '11d944121f13357c6938049941197c93b8445ab2', 'baed0296294c5a01f5df9ec5b35e6553f8bc7388', '91f87355a2af8b96ce2304e4770e5be27b560a47', '1467d2b2bb34fdf3f56bc6d3e43eb824c342f8a2', '4f5807be94745af03016280cae5cc15d77b96b57', '3fd6db2bf63ce90232de445c7f33943406a5e634', 'dee2145a51cbedbba61c10f0a7bcdc580067c410', '4d65aea4c5f1796cc05ccdf6f44823b58bbde3eb', '080f4c26e0bef5c7a7f7c9b70c736167a349a8f4', 'e4111471d43746f0982a96f31921417c3d85b3f2', 'edfee9cacb3e34acaeac5ffa1bda3b48d4434ccb', 'd2335607680e36325f54737b2bbae04b2a80bf17', 'c3f2368481d1a49689b8314ad8536222c13fa892'}"
pull/19139,not_collected,swarm/network/stream: fix a goroutine leak in Registry,https://github.com/ethereum/go-ethereum/pull/19139,{'network': 7},"{'fa785341bf280b53eeb2c95c0e27ac1cab566ca2', '3df57840766817dda91b4937c225132ceb508115', '77b0599fd1c3ba330c2826b0f64f711b8d317bbd', '7579260cc0b4a624353508b74607573b7bf2a56f', 'ba2dfa5ce43d72733c864bc43f7b80b39c674733'}"
pull/19148,not_collected,travis.yml: add race detector job for Swarm,https://github.com/ethereum/go-ethereum/pull/19148,{'others': 6},"{'562f3f210b741c084aee4fb14223665e1ed9677a', 'd9adcd3a27cb14042bdb230f073487192683390c', 'c25f9dc89605a793bc3ad462a72935058411260c', '9a4069d64db6a8ab141ebb4c74e939ff3652a4a1', '2a41455971b8cbbd14ccfcc1d6a9956ca3682983', '627f0a9c1af46085d291a586c8bf777b11e379e2'}"
pull/19149,not_collected,swarm/shed: fix a deadlock in meter function,https://github.com/ethereum/go-ethereum/pull/19149,{'others': 1},"{'75fc91b211292de13878a7b46d066570ac837d12', 'c8da76e63d1d873a4272e1d05231f8a13bf730bf'}"
pull/19153,not_collected,swarm: Fix localstore test deadlock with race detector,https://github.com/ethereum/go-ethereum/pull/19153,{'storage': 6},"{'09c184aa0ee4fe9e3d265eba2e76033d0aad2022', 'c580854f35c6f5b9b0eee975d297d7c08869c601', 'f25b2e026ea08d91d57fc8c79b04ea4b0e8cef5e', '1f41915b08b194e0a24b0e6cf6080d5e6c1fa541', '7e7e5ef8dc68901e23f2a8313f55e60ea2050156', 'e65a7e4ac6da1e05c326ce4d14b929fa60db8e5e', '0b80043abbe14aed3b5e6c519d6f75deda8abe3c', '02c28046a04ebf649af5d1b2a702d0da1c8a2a39', '68f1e07f7efd8c49f5475de64fdf2e6238666701', '9f5e9d6d9425d8464eaf7005c351a6ab9c903bcb'}"
pull/19162,not_collected,swarm/pss: fix data race on HandshakeController.symKeyIndex,https://github.com/ethereum/go-ethereum/pull/19162,{'network': 6},"{'2e2baf28ea052845c62ddc0b2be21b0808558cf9', 'aaa11f30bef1b4ffed2e368cc16ad9e25d48cb1e', '340a53a98bd760fab229ea9daa70adddf7460a78', '68b44ccf770a488fb6efb2e55ccb587e80e1c8f7'}"
pull/19191,not_collected,swarm/network: Sanitize underlay address only when localhost,https://github.com/ethereum/go-ethereum/pull/19191,{'network': 7},"{'98ad48ae29eff5fe547552136b28f1a880828b9f', '407f429723cdcf7a4163164b3ff6bd44ce517f95', 'a4df8a56a75e489505ceb533986395e9bf47078c', '3414632d94ea9a865b00ab2cdd0303446716dcd2', '78c471d0975053e648416c5630c8529b321bcdb3', 'e489d77d4bba591789db31099b2008a1c1c644c2', 'b87a9d9a7f0786dfc48d6df6facd493b17f6082a'}"
pull/19216,not_collected,19212 panic after debug sethead different account,https://github.com/ethereum/go-ethereum/pull/19216,"{'consensus': 35, 'wallet': 33, 'ui': 99, 'util': 67, 'evm': 35, 'storage': 13, 'network': 18, 'crypto': 50, 'node': 8, 'policy': 2}","{'80a2999624f05d2a682822702132603966cc1c98', '6638e4625b00585ab36d481156487defd0681287', '472a66bb123c792436c341524e1734b98e8563df', '66375c13d31b476573496171949c8d6d7c576ff9'}"
pull/19271,not_collected,dashboard: fix github alerts,https://github.com/ethereum/go-ethereum/pull/19271,{'others': 1},"{'54cd3e89a4aa51f4c9e3ce73a8393f7774d52e13', '34dde3e234adaa89d51989af5524a6d70f701478', '56d1cc9cf5dd2e5a97b6ff3bb500fcf10e722894'}"
pull/19301,not_collected,"consensus,core,miner: avoid overhead of creating a new block",https://github.com/ethereum/go-ethereum/pull/19301,{'consensus': 14},"{'384f8ee3a954953a7aedf19370e0307ff66a453d', 'a598f068f0a385829af770ccd657c43bb229dbdb', 'eb256ca0b1af57843a6539443482276e9ed3fa96', '4c90efdf57ce87edf0d855c8cec10525875a6ab1'}"
pull/19310,not_collected,"cmd, dashboard, p2p: patch metered peer event data race",https://github.com/ethereum/go-ethereum/pull/19310,"{'ui': 4, 'p2p': 1}","{'b36134a4390dddf3b6fe328f385ccbd05b02e80c', '4ffab91adf314f41fbc562b1ff93dad29d677f1b'}"
pull/1932,not_collected,"eth, xeth: fix GasPriceOracle goroutine leak",https://github.com/ethereum/go-ethereum/pull/1932,{'policy': 1},"{'ae1b5b3ff2611af1232643d38e13a77d704dae28', '2e4fdce74334206dd4341028594bcef140d00b92'}"
pull/1946,not_collected,Fix for xeth OOM issue,https://github.com/ethereum/go-ethereum/pull/1946,"{'ui': 1, 'util': 1, 'consensus': 3, 'rpc': 3}","{'fc46cf337af614f4f9c96acd222089652fe7c76e', 'fbdb44dcc17240a01b45e55d3aa4e4b8db0868cd'}"
pull/19468,not_collected,"eth, les, light: enforce CHT checkpoints on fast-sync too",https://github.com/ethereum/go-ethereum/pull/19468,"{'ui': 1, 'network': 4, 'node': 2, 'consensus': 1}","{'f496927a93e2d9cea638e4a65065a31291568f5a', '38f6b8563828e089f1445bc703662e3ec4716fb9'}"
pull/19489,not_collected,"core, eth, trie: bloom filter for trie node dedup during fast sync",https://github.com/ethereum/go-ethereum/pull/19489,"{'ui': 3, 'storage': 15, 'network': 16, 'node': 2, 'external': 56}","{'9effd642901e13765dcc1396392ba55a18f66ccf', '8639d929d1758db8f5c1b6142698ba3883c3b164', '7f4ecb7828843aec22e54f458acb367d327c98c7', 'f0301b974fd2f5537cc40dc2da0dfb7f0552ba87', 'a01dc8c4d1030fe2c4d8ccb8a3feca1e9947b1d6', 'e14249f66ad4a07edef334e34b8c83716e081532'}"
pull/19490,not_collected,swarm/network: fix data races in TestInitialPeersMsg test,https://github.com/ethereum/go-ethereum/pull/19490,"{'network': 6, 'ui': 2, 'util': 3, 'node': 1, 'wallet': 9}","{'5cd00598928ffa3308c9d344701d65a4242fd25c', 'bc652aebd95dd5a11f36d14fd2dd407a9c8dfcc4', '517476cbebf085b6f21268d1fc93c5e2d2c18d79', '3873a7314d6c82f3128a627e55b38a7437a30f9f', '2b2314e6af12758f54a1aef3349a630d4344a2bc', '67c06d9a96a47b370fb82637875a86b440ccdf59', '4fc2a1ab9274744298955fd969bf0d5fda56fbb5', '22ca0b5c827eba36e52387e7399bcb738e856196', '79ae5c30ad65c75a2723842124e5bde22b375afe', 'f741f386672b5da6bbb01d8bca3d6c6f4589f240', '9b5b561d6587b020cf2893cbd84bc24fa3785a45', 'c0b78b0db614806dd52beab43b6a1ff7983a0ac4', '774540fe2b34b08ec1145a92804d39152537d265'}"
pull/19500,not_collected,eth: enforce chain above CHT before accepting txs into the pool,https://github.com/ethereum/go-ethereum/pull/19500,{'network': 2},"{'befca7e8b0eac00499155c0b9d25814615f0fe24', 'ed47f29bc8140d0031927804ef89a6bdde810d7d'}"
pull/19530,not_collected,trie: fix merkle proof,https://github.com/ethereum/go-ethereum/pull/19530,{'storage': 4},"{'04dccfb25a5f2100016de0a9355001617f5c16d6', 'e10e8f23c4bc64b80e1454c7c1872539fa73c95d', '14868a37fb73164205e78ecf37bc3fe2e6084c6d', 'de84bcb7db378c3e8a7ff332f5d54c192691eaac'}"
pull/19546,not_collected,les: fixed cost table update,https://github.com/ethereum/go-ethereum/pull/19546,"{'consensus': 1, 'node': 1}","{'f4fb1a18015d88aa7b424709aac346da59edf410', '0146794847dd6aab1aa864857e687aa77a950cb2'}"
pull/19573,not_collected,"eth, les: add sanity checks for unbounded block fields",https://github.com/ethereum/go-ethereum/pull/19573,"{'consensus': 1, 'network': 3, 'policy': 2}","{'cdfe9a3a2a257dcd2506e9a0eaf3bf3b0986c43a', 'a0fb6c69eaf8d29155215f1b36c15dc0681d5102'}"
pull/19616,not_collected,"eth, les: reject light client connection is server is not synced",https://github.com/ethereum/go-ethereum/pull/19616,"{'node': 3, 'network': 6}","{'4e0c1a1a6b97ad062d79c7c8717273cc51f0111c', '9a6e1e3e5c778a30bb6cef50993276f0a9f05bcc', '5f0960c63e33a6427b54dcde05a9f3f17bce14df', '69bb2d6415fc1cf760b561f17662bf0fb2df26f6'}"
pull/19646,not_collected,les: verify existence of peer entry in freeClientPool.disconnect,https://github.com/ethereum/go-ethereum/pull/19646,{'node': 1},{'d5c3b700f4aa251d7c0699a36e0dbeb2fb64404c'}
pull/19689,not_collected,"eth, les: reject stale request",https://github.com/ethereum/go-ethereum/pull/19689,"{'network': 5, 'node': 4}","{'cd5003a1da2158b5749d21ef36a992fda6543472', 'ec4d1d57cfa28b91cf1591ed7424c9050e0606eb', 'c0a034ec899655e6014a2c84f73e0c625bbd87d0'}"
pull/19715,not_collected,rpc: fix rare deadlock when canceling HTTP call context,https://github.com/ethereum/go-ethereum/pull/19715,{'rpc': 1},"{'8d815e365cd2cda2e865dd2e272ebb5a3d4b8772', '3795269c7a63c04811a66efa34ae54047813a8e5'}"
pull/19727,not_collected,"graphql: download external assets, use go generate",https://github.com/ethereum/go-ethereum/pull/19727,{'others': 2},"{'7965e9ac30651fc37dcafa4a17c447d965ec2286', '2ba624baa4dc58dca1ad17aee1b0097f01bfd4bf', '5e223a630a715c57c2f3fa18c97d1aad70667594'}"
pull/19744,not_collected,core: block may be nil in block.Hash(),https://github.com/ethereum/go-ethereum/pull/19744,{'others': 1},{'e2f36a475245855826b907319becd0616ef9c329'}
pull/1980,not_collected,eth/downloader: don't hang for spurious deliveries,https://github.com/ethereum/go-ethereum/pull/1980,{'network': 4},"{'b7b62d4b3caa611953212bf04c5552f86d4d1261', '65bb07fb4e738608bd0d3b5183a1458a3b4bd368', 'db52a6a0ffced52477eec45ada8f3233415c3d18', '900da3d800ad299c22ecb5d14f477600931d70b6', 'dd09af27af13f21867728ec34e68ba02e30e179f'}"
pull/19843,not_collected,cmd/geth: let retesteth increase the payload size,https://github.com/ethereum/go-ethereum/pull/19843,{'rpc': 1},"{'9b104183122426e131669b007af9afff4727b70a', 'd7bbdca212762420d48d984d06f3b22e1f10ca7c'}"
pull/19902,not_collected,accounts/abi/bind: support closing a simulated backend,https://github.com/ethereum/go-ethereum/pull/19902,{'wallet': 1},"{'140a7e91778447e058c1811103037437b2091c6e', '7f3362595a3bdf1c27b17f16b7d90d89882312ab'}"
pull/1996,not_collected,whisper: fixed broadcast race,https://github.com/ethereum/go-ethereum/pull/1996,{'network': 1},"{'168d0e9e45939b7282204f3f52fe86fc8110cfc7', '5f0a4416db4339176e31fab5f4b7b79f4e7cf20b'}"
pull/2,not_collected,fix N being overwritten by BigInt.Div functionality,https://github.com/ethereum/go-ethereum/pull/2,{'others': 2},"{'04c1a81509576c898f4d30a76f9d84d087e2a4cf', '06adb4c9ae45f51b7abd36c2cd4fd5cbf9e1a471'}"
pull/20159,not_collected,Ota privacy,https://github.com/ethereum/go-ethereum/pull/20159,"{'wallet': 23, 'ui': 1, 'util': 3, 'crypto': 18, 'consensus': 4, 'evm': 5, 'storage': 1}","{'5831801a2233147494a924bcad40560243e6fed7', 'f2f4fec6eada4e5e49bba694b1db559835c53cde', 'a11a67260fc037ad38c9e4fb9a93858d6827aca4', '7f5d6a0bde74e7cd1db183252f3f04fa1ee5eab9', '460af1135a532e9622b90884756b52295306f647', 'fcb5aaff61d03b1b6fcd109c88ade39d643ade59', '9c6b076ed25f3c40677460277739dd187bf845b6', 'e79ed13760c83cfe4c5f43fd388d57792592df26', '523292bb53e4a3aa5786ced3ae68c6e979d73978', '6d7e21ebea29760f1aa51eb8e36e99f83d2c39f1', 'a8cd67ecd0d1104212e0a7035bf12b86b75c459b', 'e9c09e759bc7823ef62e9e936a3a18b864cf994f', '1be60070429a31f48e67c4064d630c24138dcd80', 'f8346a245700715613f3148cb28555e59db23e85'}"
pull/20204,not_collected,eth/downloader: fix data race in downloader,https://github.com/ethereum/go-ethereum/pull/20204,{'network': 1},"{'e3063044140254cb3b546e5ed0a2e230cfb2dd9f', '3eca7b5d2770d046b673924152f2a747ff66434e'}"
pull/20240,not_collected,"travis, build, vendor: use own Go bundle for PPA builds",https://github.com/ethereum/go-ethereum/pull/20240,{'external': 392},"{'ef3408d6d44056fe2647c52f8ebf8f16175e6207', '16ee4dde6216a501d3a39399b6b57f4c24b62c72', 'c95f496e9a3a5dd5bcb53b02175a5533e4b812ed', '734e00af9e9a5487f57b00ae33cbb52dbe0c9565', 'ec275fe794e8286b664c3f2f35c1858b76087e49'}"
pull/20310,not_collected,miner: fix data race in tests,https://github.com/ethereum/go-ethereum/pull/20310,{'consensus': 4},"{'31c7a2b03d532a52ecdc8e77c43bd956e1550e73', 'd10eb95ca876bc8a8d358964c467f95a251abfb1', '9b59c75405282d5628d4f416160b8984cd76a168'}"
pull/20313,not_collected,cmd/ethkey: fix file permissions in changepassword command,https://github.com/ethereum/go-ethereum/pull/20313,{'ui': 1},"{'ad9e722ac9c4ead9a99f9392f066395588a84aae', 'dfe891270a7edc1733af53eb7c35ec7e5b8ae36a'}"
pull/20395,not_collected,les: fix clientInfo deadlock,https://github.com/ethereum/go-ethereum/pull/20395,{'others': 1},"{'47f708c5b3bf29f4749bcb08a75e92f8ae0805c6', '878e35bfde7c1911857622ed7fd19ad9827114f9'}"
pull/20412,not_collected,accounts/abi/bind: fix destructive packing of *big.Int,https://github.com/ethereum/go-ethereum/pull/20412,{'wallet': 1},"{'7ce7c3967cf2c8ebf921fd90891a5105909e752c', '88b9f2e859108d64bf51704b5a83696c1af11d54'}"
pull/20421,not_collected,p2p/enode: prevent data race in sliceIter,https://github.com/ethereum/go-ethereum/pull/20421,{'p2p': 1},"{'7d12adc7b92193d19903b32e59077ddd2d38c480', 'c9dce0bfd769808f75aedbe119caa5f67be26b76'}"
pull/20520,not_collected,whisper/whisperv6: fix peer time.Ticker leak,https://github.com/ethereum/go-ethereum/pull/20520,{'network': 1},"{'a013f02df2329fafc08f23cd623df6afa7471d20', '4d6cc8597dea3a24520b21b2359918251c12abbe'}"
pull/20546,not_collected,eth: check propagated block malformation on receiption,https://github.com/ethereum/go-ethereum/pull/20546,{'network': 1},"{'a90cc66f3c9635ce93b8df3fd8dcd6418063f97e', 'e9e69d6e296d21a7c9c66024c9888a862027252e'}"
pull/20613,not_collected,accounts: fix timer leak,https://github.com/ethereum/go-ethereum/pull/20613,{'wallet': 1},{'61fa179dd5833e4434fbfe7558fcbb695e5fb148'}
pull/2097,not_collected,"core, eth/downloader: ensure state presence in ancestor lookup",https://github.com/ethereum/go-ethereum/pull/2097,"{'consensus': 2, 'storage': 1, 'network': 3}","{'32226f1b0cb98286cfd3f2898c344df1dfca45ec', '9e011ff1cd7fe060e106608d0823e48431ef12e9'}"
pull/2134,not_collected,"core/state, trie: don't leak database writes before commit",https://github.com/ethereum/go-ethereum/pull/2134,"{'consensus': 2, 'storage': 7}","{'886478b18b73bbe8421531f1a71664a2bc0f5eeb', 'a50bccc642d079899feb8cf5781331bb10174a77', 'f3d4ce0d164f7b17a143304e2b94421573d596a4'}"
pull/2218,not_collected,p2p/discover: NTP sanity check clock drift in case of expirations,https://github.com/ethereum/go-ethereum/pull/2218,{'p2p': 6},"{'ac954f48bd9f9897f3118782ff2e68eeb3e1ed4e', '1415669ac31cf8f06d107e06681b95c2b5e1c040', 'b1908f6a16e712d4059195db3f22a0b856907bdb'}"
pull/2220,not_collected,eth/downloader: fix partial rollback and ancestor lookup,https://github.com/ethereum/go-ethereum/pull/2220,{'network': 1},"{'1f281dcaab76ae61861ee8693982f75b0bd569cd', '216729009b7be7de68a88d35f8e0c734b8d011f4'}"
pull/2253,not_collected,"cmd/utils, eth, pow/multipow: add caching layer for ethash",https://github.com/ethereum/go-ethereum/pull/2253,"{'ui': 1, 'node': 1}",{'42c6c4f5f752508f549e7101965aed8629d14040'}
pull/2320,not_collected,Godeps: update goleveldb to fix a compaction data race,https://github.com/ethereum/go-ethereum/pull/2320,{'external': 5},"{'6d3cd03a03167ccac851676a912ce31c76d5f75c', 'ea19e61fbaeb29fc9047419cb138d5ca0f2021fc'}"
pull/2321,not_collected,eth/downloader: fix a throughput estimation data race,https://github.com/ethereum/go-ethereum/pull/2321,{'network': 1},"{'850f41b3747d61e0e7e6f0d30eeca12c3a98b08d', 'e3f2b541f2bd0433e997d0f8060934b181a5d0e0'}"
pull/2326,not_collected,Godeps: pull in the leveldb upstream write race fix,https://github.com/ethereum/go-ethereum/pull/2326,{'external': 4},"{'9ff07304a37799fc820bb4b29ca3ba2a2a3b458f', 'c3a4874e5e8628a1e4ec2592346836622a60d492'}"
pull/2354,not_collected,"eth, miner: fetch pending block/state in on go (data race)",https://github.com/ethereum/go-ethereum/pull/2354,{'consensus': 2},"{'0228fb57cd58147ab2c3914520c7805e25a8a1c4', '138e7af96c2316f38f0ba8c7692253a7ad97ffba'}"
pull/2366,not_collected,core/vm: fix possible jump table race,https://github.com/ethereum/go-ethereum/pull/2366,{'evm': 2},{'e70a2b449160d651a898e46288d4e30cbcd3c737'}
pull/2416,not_collected,"core, miner: remove Frontier canary",https://github.com/ethereum/go-ethereum/pull/2416,{'consensus': 1},"{'6a185531d2cd2003bb4352c391f9dca023894d5a', 'e9254bb0f9fd37759159712495e7e0893a882a92'}"
pull/2564,not_collected,eth: add new RPC method (personal.) SignAndSendTransaction,https://github.com/ethereum/go-ethereum/pull/2564,"{'wallet': 1, 'ui': 1, 'node': 1}","{'64a6c2c1b6c81fddccc7d3d728b7a05c5814124b', '7f515b0e88d864c8ef272c16ea51a1f17e3472d1'}"
pull/2589,not_collected,"accounts/abi/bind, eth: rely on getCode for sanity checks, not estimate and call",https://github.com/ethereum/go-ethereum/pull/2589,{'wallet': 5},"{'1580ec180414bce1e37acc614bc2445f778efb75', '847aaffbb8748e6b4d5cff106c809ace35bbc815'}"
pull/2627,not_collected,"eth/downloader, trie: pull head state concurrently with chain",https://github.com/ethereum/go-ethereum/pull/2627,"{'network': 2, 'storage': 1}","{'1d5d21726a49a1dcf06d0d1544e1bd93f4231632', '4f1d92b3329572d75a20b9f9e1cccdf74aa7c79f'}"
pull/2647,not_collected,eth/downloader: make fast sync resilient to critical section fails,https://github.com/ethereum/go-ethereum/pull/2647,{'network': 1},"{'780bdb3e8069c38a779639ee92cc0eccba8a6735', '61ee9f299deb2bace8aa37778d248822793dd5ce'}"
pull/2683,not_collected,SWARM: prevent stack depth attack in checkbook.sol,https://github.com/ethereum/go-ethereum/pull/2683,"{'network': 61, 'ui': 36, 'wallet': 7, 'util': 38, 'crypto': 3, 'node': 3, 'rpc': 16, 'storage': 15}","{'4c19de895b8e8a54d2875d49bd9ed5d18792f3e5', '92e2cf3b964092d4fa13277e15c86718977d35b4', 'a033ab400d2e5bf2dbff615469199add5fa5daad', 'b9cce7e42949a0f524ffd3623464066d62246c97', 'dfcd42e9173db854453ada34b76fbd793f300aa7', '15858370fadc41bcca3e7bd0bb96a94f589b26c4', '03b9ae7cf654571c154eb767cab43cc0c5f0de6b', '31b18f6dc6223ae43f2976e7a7068f863c02fe75', 'ad8325fb9efd8f0e102f75df773a93dde7a6f0ee', '79258591936d5c2599c1dae1222647c746645e27', 'f9e25a3db09dfa619c44f69f8ad2ccaa4bebca97', '933bcc17f894a755bc7b123c0085e8e04c640e67', 'bf36182762b3dd65a48ebf2a00e61ff219e09b8e', 'd0beff6ee0f32955d406a7da54e0a06e34fbe573', '6de197108511b8fd81b1e15e2a68827db7837b27', 'e267b56c3275ae9aa43443d0022e948f0c882878', '2cb109bb8c46e4ec1c7fcb3cea8c208c91ed04ae', 'a3b1cd87cd41e75f55f071d6389379ef666c7518', 'bb27dc06b901cff61ddb3d5ad9d10b3927fc778f', 'f7d5ce4985258d78b1d9913f75cbd81bfa7fd29d', '941f3380b4b445c260cfd74f111cb229bafb38a3', 'f732cd391aadd65dc70c4b8679dc176989627336', 'b58a89b6e04323f5235080d64a705bd9cef58a3d', 'b610c588754674d72f6116276e81831b0f5586d2', 'e2853948daac4326beb2433dfe60a75163b604d5'}"
pull/272,not_collected,check tx sender is valid,https://github.com/ethereum/go-ethereum/pull/272,{'consensus': 2},"{'cb382fa76ba30d213e4707d05bf3a00bc87dec9a', 'b765e2d19c9154dcaa38e6043f96f709a7e75796'}"
pull/2791,not_collected,"cmd/geth, miner, params: special extradata for DAO fork start",https://github.com/ethereum/go-ethereum/pull/2791,"{'ui': 3, 'node': 1, 'consensus': 1}","{'4b7dbbc511a8fbc7eecca9c32e2c474a703e1218', 'b1911240b56423d6489b3c898940f9e96dfdb151', '84aab38b82b6304f65a0d6df74269cb3998dba53'}"
pull/2793,not_collected,core: solve a remote-import/local-mine data race,https://github.com/ethereum/go-ethereum/pull/2793,{'consensus': 1},"{'f5a29eab5ce6ada8fef2378b96384cc81586b6ce', '2b7aff202a84e8c8a8f461df3219c5618221ef3f'}"
pull/2794,not_collected,"cmd, core, miner: add extradata validation to consensus rules",https://github.com/ethereum/go-ethereum/pull/2794,"{'consensus': 2, 'ui': 4, 'node': 1}","{'9f371c645a6c029e84865b7d6139493b9b5e727e', 'b1911240b56423d6489b3c898940f9e96dfdb151', '84aab38b82b6304f65a0d6df74269cb3998dba53', '4b7dbbc511a8fbc7eecca9c32e2c474a703e1218', 'e92a023ee4f5df6c6942ef3f108df8640a008126'}"
pull/2814,not_collected,"cmd, core, eth, miner, params, tests: finalize the DAO fork",https://github.com/ethereum/go-ethereum/pull/2814,"{'wallet': 2, 'ui': 5, 'consensus': 5, 'node': 3, 'network': 3}","{'6060e098c929792f455d7f580ed91e914d28cf3b', '1e24c2e4f428c85c2f83272af2696469cb8f5bed', '3291235711082759cd7b70253c02150a80d57011', 'a4c4125b1155d9276614029163b498a17643f0f2', 'a87089fd2dc08a69a4a4f1ef93db9a2871d819a3', '993b41216092fa6dc20d3755afe322cd1376b398', '7f00e8c0331bf13739e749bab88bf9006ca02f96', '2c2e389b778b490fcaf14d9cc45a750647ca5c68', '9e56811a3773e225bedf6bf0003327ea1aaae040', '461cdb593b9e5bd9ae9ac35c68809a3a29290dcb'}"
pull/2855,not_collected,eth/downloader: fix the stall checks/drops during sync,https://github.com/ethereum/go-ethereum/pull/2855,{'network': 1},"{'c7c82f1b44e07ad0906dde563cce46ea87b6fc83', '3e3a79ea136325102e63e962c122da5b44cd9bd5'}"
pull/2958,not_collected,[swarm] Fix possible reentrancy bug in chequebook contract,https://github.com/ethereum/go-ethereum/pull/2958,{'ui': 3},"{'d9fb99c4b3b8b0647ea3a00b0bb4b472a352a2f0', '3c6cdf882151317f181c1789738a600a40ca41cf'}"
pull/2964,not_collected,contracts/chequebook: fix possible reentrancy bug in chequebook contract,https://github.com/ethereum/go-ethereum/pull/2964,{'others': 1},"{'319ae9018458dc314752352b8abb2c5332402296', '7b884e0075cba9033dadf2d8ed0bf092193d2ae5'}"
pull/3050,not_collected,core/state: new state forking model,https://github.com/ethereum/go-ethereum/pull/3050,"{'consensus': 29, 'evm': 48, 'ui': 10, 'util': 3, 'node': 1, 'wallet': 1, 'storage': 1}","{'08aeea24ba5df2cedb29f7a38afc91d92db45243', '9182d809465d650de16dfb602d017ef320cc54f0', 'd010b982ae97e62746b2843a63cc7f6ecffef7bd', '91ecef628a93ab63605cb69532bfb1da0073a5a5', '50281f1d17dd491810e56fbb27b5d5d52477380a', 'f80d102fe40fc5b8d57182c44db5e093ac7d65ed', '7c8d8eb5f92d90ba32aa301328618abf0c7b3f8d', '0768a8bc6bc496bd658de69d12eb8b405e7a45bb', 'b5d6206bdc2cedfbb43dfd2c3ac8040ed28e25c4', '931c6a4936396ffc3c23282962215248172eeafa', 'c6a0cb72bbc65877341843641157ee7599904da8', '32b5ce9a327bb4fffcf621e9a6b64196c28440d8'}"
pull/3090,not_collected,eth: monitor malicious header retrieval requests,https://github.com/ethereum/go-ethereum/pull/3090,{'network': 1},"{'e482b5694faece927a29289f88d7a87b1ce1fbd1', '07caa3fccdfe11bbee084c043ac11e7cfae9a6b7'}"
pull/3164,not_collected,core/vm: Panic if JIT is invoked,https://github.com/ethereum/go-ethereum/pull/3164,{'evm': 1},{'3d5442be247676e7ed99e44febd7506030b6b2f9'}
pull/3165,not_collected,core/vm: Panic if JIT is invoked,https://github.com/ethereum/go-ethereum/pull/3165,{'evm': 1},{'547ef1ecbd86eec8a371c969e8991a83d2a3ab3e'}
pull/3185,not_collected,eth/downloader: fix a data race in a log output,https://github.com/ethereum/go-ethereum/pull/3185,{'network': 1},"{'437c1e40b297efe6216e1d13840cee79f2dd643c', '53db80da89ac736614cfcfc10ea40ac5f91b2646'}"
pull/3216,not_collected,"core/state, eth/downloader, trie: reset fast-failure on progress",https://github.com/ethereum/go-ethereum/pull/3216,"{'network': 9, 'storage': 2}","{'f4d878f3d83187d27411c0ea5ebd55a82b27e35e', '90b16a3e85d82241f4505a7db0f95c2f312642a6', '8b10617bba7be804ab6516a36ae02dd6175ed46d', 'e1b4acfb6e6a0f930afeb79749ac56c381609258', '8ecee175f2da759b27a84bba1708337da5790200'}"
pull/3245,not_collected,accounts: retry account renaming to avoid sync races,https://github.com/ethereum/go-ethereum/pull/3245,{'wallet': 1},{'3980d3bf47a6abac46ada03265f82868c5ad4eeb'}
pull/3419,not_collected,build/nsis: safe update of PATH,https://github.com/ethereum/go-ethereum/pull/3419,{'others': 1},"{'4f9ccdd70f69dd0a879329d57ec21588f29f182c', '01cb08d533562cae1a2d586dc814ba3120de037a'}"
pull/3431,not_collected,Miner race fixes,https://github.com/ethereum/go-ethereum/pull/3431,{'consensus': 6},"{'b750cab56a724b2ff0bff3fab0849cb776a4f392', 'dadd68935935388b158a510c95b8644be44073ce', 'f15828e901909ca348afe868defbb67095004f43'}"
pull/3482,not_collected,cmd/disasm: Fix off-by-one error and improve error handling.,https://github.com/ethereum/go-ethereum/pull/3482,{'ui': 1},"{'bdaa43510b294bf49bbac1392d5518611c06eedc', 'd9ac5a385efa49a963f5f9ddbf39fc8e7bcb5436'}"
pull/3506,not_collected,"cmd, node, rpc: TLS support",https://github.com/ethereum/go-ethereum/pull/3506,"{'ui': 5, 'node': 2, 'rpc': 3}",{'d8ee45a0aa887a3f4fad7a42e66a3ceaabaf2905'}
pull/3532,not_collected,node: fixes pointer dereference issue in StartRPC(),https://github.com/ethereum/go-ethereum/pull/3532,{'node': 1},"{'3602b17ad781b83afd9b59bebe5a34ec9030f3b4', '808310a5692cb372754064ade6ed21e92f5c7342'}"
pull/3534,not_collected,core: fix race condition in WriteMipmapBloom,https://github.com/ethereum/go-ethereum/pull/3534,{'others': 1},"{'4268cb8efecceaf506e1b0b71e06714a838a49a8', '2fed476ce16101e43867b9e2c8cd1625db0180e0'}"
pull/3568,not_collected,les: fixed transaction sending deadlock,https://github.com/ethereum/go-ethereum/pull/3568,{'others': 1},"{'e85684e31f5f85269ce3773400f6b2f2400c2a7d', '0fa9a8929c8a55d1b624479cead2bb960ada7cfd'}"
pull/401,not_collected,Highlander uncles,https://github.com/ethereum/go-ethereum/pull/401,"{'ui': 18, 'consensus': 7, 'external': 4, 'wallet': 1, 'crypto': 1, 'node': 1, 'policy': 1, 'p2p': 4, 'rpc': 6, 'storage': 1, 'evm': 2, 'network': 1}","{'6976e3a08cce2f9f426bd1f57c366d10c70d68ad', 'af7920241a262df4dcffeea2f17aa9aff5f63952', '0fd6a22a867ab89cd23e9692e6f3544ce3383dca', 'beb46856f1de7854d24a22f9c1dffabda56f8378'}"
pull/527,not_collected,vm: explicit error checks in ecrecover #505,https://github.com/ethereum/go-ethereum/pull/527,{'evm': 1},{'d2fa6e7753deb0f7fe5e1d802460c88c2885b954'}
pull/588,not_collected,Frontier/sec 29,https://github.com/ethereum/go-ethereum/pull/588,"{'consensus': 4, 'policy': 5}","{'4a4da9a24e39c45db6535ca5ad51dc1385f2491b', 'd677190f3916c5bee276d9abba69814022ab967f', 'f56fc9cd9d13e88ee1a244ea590e249e324b8b84', '6ffea34d8bf19fb358c1a7f01e20bf25f1061c5e', '82da6bf4d213784cfc7ba45432f9f96c2d6b4d9d', 'e1be34bce1ddf662bca58a37a6f38fea63a2a70f'}"
pull/592,not_collected,Discovery bonding protocol,https://github.com/ethereum/go-ethereum/pull/592,"{'p2p': 8, 'node': 2}","{'fd171eff7f5bb6822c927d982dcf018abaa9ae3c', '92928309b2f0e274a6103b21a650eb07e78f88ea', '76218959ab36828f340a113e3b3b7dffabb1f36a', 'de7af720d6bb10b93d716fb0c6cf3ee0e51dc71a', 'a77c431e378a3cfcddb4b33317319412799c96cb'}"
pull/667,not_collected,Frontier/blockpool BUGFIX,https://github.com/ethereum/go-ethereum/pull/667,{'consensus': 16},"{'a009132c2429adca5ba058f46c0a460b287a4407', 'e55747a074c7f280029b94c94418d60dff5d6773', '0e2bc23148731a2e9fbb22885aced057e308335a', '262714fc6c269e0a3aa39892954b03db9418e649', 'cbd0b42060d537d4d899b593be1ecd5ffdbd301a', 'be25396340598bc385788793c4176932afa80db8', '42fb9652f56321d2752ffe7773806df11f3087b8', '30830652ae9ca15d1d9e1d32a22f9af671ae8a5a', 'f546b486bf444d9601cf97b934b2974a9b4d58f8'}"
pull/695,not_collected,bugfixes for headsection deadlocks,https://github.com/ethereum/go-ethereum/pull/695,{'consensus': 1},"{'406feee570d369ba73dc12a049a8e656228be982', '61db7a71dd809a003b5c899398b02945c04890c9'}"
pull/700,not_collected,"Added blockchain DB versioning support, closes #650",https://github.com/ethereum/go-ethereum/pull/700,"{'ui': 6, 'consensus': 4, 'node': 2}","{'5f9346bc7afd64706b3815aec6be2b2650929a6b', '49a513bdebd7c4402b3a7f2f169a31c34f2ca9df'}"
pull/825,not_collected,core: chain fork fix,https://github.com/ethereum/go-ethereum/pull/825,"{'network': 5, 'consensus': 9, 'ui': 2}","{'7ac24d551bf41bca4deec9f47239c4c0d052e721', '764e81bf12bc45b00cec7db216e72d6396cf0c13', '4b7bdc3766e1e06ebd6f865f0fdda26f9b331932', 'af73d1d6823565c5bf8cc02d6f110bcc1edb2d99', 'a4b79f1dac2143b5fb9eb5745077ea245050a7ed', '745c368987a08d1b8ae669f38ce04de443ff6064', '4e0796771190b6f8a976d931540d5f21789a882f', '9f32117457505f49001c324658f00833ab724667', '13364a2dcf08924605408ae0e9233ea8e51d37fb', '04a09b7e2d09d61a7bedd5eeeeabb57e1be99d83'}"
pull/865,not_collected,DoS fix: add check for wrong block number in chain fork,https://github.com/ethereum/go-ethereum/pull/865,{'consensus': 1},"{'90f03874ce46d756a158fd628a049f11e4cc2a17', '8a7c9ca61c9bc4937d63966110fb7d55faae55f5'}"
pull/966,not_collected,p2p/discover: fix out-of-bounds slicing for chunked neighbors packets,https://github.com/ethereum/go-ethereum/pull/966,{'p2p': 1},"{'251846d65a87ed1c4a880e25622b09284eff873d', 'f7fdb4dfbe1a0851b6fb2970b0a6b11fd31273d6'}"
pull/974,not_collected,"eth, eth/downloader: handle a potential unknown parent attack",https://github.com/ethereum/go-ethereum/pull/974,{'network': 9},"{'3eda70c64c3b790573751227f8ac0fe42bdc0307', 'ebf1eb9359617468103d05764f74796278dfa0d0', 'fe87feccb157b2426075523a592cabcb4c6d1cf0', '060a07cf69a2083611565e92cfa78d35c71cdb9f', 'a4246c2da658d9b5b02a4caba511688748a88b19'}"
pull/988,not_collected,Fix downloader vulnerabilities,https://github.com/ethereum/go-ethereum/pull/988,{'network': 16},"{'72411eb24c47a6b41d8530e6057a88c60491f0e1', 'bcc2980179f39eea4825df72ad882274086d912e', '9ad515d2dc62c5d1ce1099efa89bd0a0b3f06a67', '7d71a75d7715f97a86e0bd2e5aa9ac149d0ee4b5', 'cd2fb0905109828028172c84f9c10f1343647ca6', '83226762c20dbf48939d76046ad32422a44feda0', '366e9627e8cdddd8111789dc13050b1dd8ec6fb2', 'b517967f8626d5a06772c488360f895c4186712f', '5c1a7b965ca7901d3b185d75205419b87163a4fa'}"
pull/996,not_collected,eth/downloader: circumvent download race between crosscheck and hashes,https://github.com/ethereum/go-ethereum/pull/996,{'network': 1},"{'f3ae8f50a5dfafa667fbe5e6a6574e69162d5ee6', '82c0780f81bef8c88db9dff4bb34917f2934c71d'}"
pull/1275,raw_only,eth/fetcher: separate the announce based sync into its own package,https://github.com/ethereum/go-ethereum/pull/1275,"{'network': 27, 'node': 2}","{'11c8f83a583745b01a4c06cdd29529af1df364f6', '13c25036ea6afc0b13d1d07be6bc298f2ee24216', '7c2af1c11722dc3175a98342c060afcfaf6a275f', '026ee40650bde909c962f15e32bdea6c1d6e978a', 'a9ada0b5baa9c47f8673cb63707797cbd08f0d61', 'b91b581b80ec99dfa07b7206104faa919210fc4f', '8b64e041d6c41d76994510fdd8bb42ad7c5be5aa', '37c5ff392f71fddaa6acd92925f69e81876fe22e', 'ecd19919c5ec7118862fc88e2bfac19d4abbff53', '497a7f1717a798e59c9550fbb58504b08fe13b21', '629705ad53ceac1bcc5f32f2d7ef51d7626aefef', '90d45f0397666cce42657849257a6f4f7cd2381c', '057bc237adf9ed0adf615a72cc1e92d9aed15d9e', '5ec6ecc511dc861c0395335f06883bc9ac650e4d', '8eaaf24b1e3d205c790f3803eaf333802284d50f', '2a7411bc9605dae9798ed29ed237e28c8fc98895', '2a1b722d048d00401084c37a5ca12612f1dd5fcd'}"
pull/1287,raw_only,"eth, eth/downloader: fix processing interrupt caused by temp cancel",https://github.com/ethereum/go-ethereum/pull/1287,{'network': 5},"{'2f4cbe22f5207b830f2685caae175cce70bcd231', '53a6145a2bd6f733799375700d117c9674e8207b', '55dd8fd6216e8880f441975f32eb070be5d401a2', '4365668462a1f3b1f637388ff33b714529536f3e'}"
pull/1344,raw_only,Monitor fixes,https://github.com/ethereum/go-ethereum/pull/1344,{'ui': 3},"{'1169ec7681edbe799c96380741303e235a88e46c', 'd099a42c8564405f2f08b83ec67e0fd96fb03732', '7e69392249b37369a1dd6e10bb31b7e2e655b05d'}"
pull/14685,raw_only,eth: gracefully error if database cannot be opened,https://github.com/ethereum/go-ethereum/pull/14685,{'node': 4},"{'01c9cf1cb5ed1f55bb6bc87c5ce18a818c5c6cec', 'd40179f882f00e8c8c992ebc5b0bed937090e90c', '46d0d04f97681b47a3be1dd3523848d387f2c3bf'}"
pull/15526,raw_only,accounts: fix two races in the account manager,https://github.com/ethereum/go-ethereum/pull/15526,{'wallet': 6},"{'0f184d3b149807bb85f7984c46812921a4ad6165', '6810674de969145fe259714fa622d91b59fce025', '8a7983604446b3ad4a95c9d175e354339370b606'}"
pull/16494,raw_only,"core: txpool stable underprice drop order, perf fixes",https://github.com/ethereum/go-ethereum/pull/16494,{'consensus': 2},"{'60516c83b011998e20d52e2ff23b5c89527faf83', 'db48d312e44dab3a756aa6976412fe54f8e891ef'}"
pull/16930,raw_only,metrics: return an empty snapshot for NilResettingTimer,https://github.com/ethereum/go-ethereum/pull/16930,{'util': 1},"{'3e3c61b18484d773fdfc72e6e620218c9b5136a8', '7f0726f70631842cab4af188903d82f79fa37ba0'}"
pull/16932,raw_only,crypto: replace ToECDSAPub with error-checking func UnmarshalPubkey,https://github.com/ethereum/go-ethereum/pull/16932,"{'ui': 2, 'crypto': 2, 'p2p': 2, 'wallet': 2, 'network': 4}","{'7e2f6e8a64e422a4b7e205f9e65bf43affee86ac', '9295467f99e58594485899affdd32b963216f230', '0255951587ef0eada5d162f3404bc481f70a2ce2'}"
pull/17302,raw_only,"Revert ""cmd/evm: change error msg output to stderr (#17118)""",https://github.com/ethereum/go-ethereum/pull/17302,{'ui': 5},"{'16eaf2b158ca28b0b4aa48cfb400a7cf8ed70234', '83e2761c3a13524bd5d6597ac08994488cf872ef'}"
pull/1752,raw_only,eth/downloader: fix race causing occasional test failure,https://github.com/ethereum/go-ethereum/pull/1752,{'network': 1},"{'e2d7c1a52303ebdd8c2956badad5e600bf93ff33', '1f1d73ab747da9edc1c8f6bd39835e5653c539ee'}"
pull/1803,raw_only,core: Add BadHashErr and test for BadHashes handling,https://github.com/ethereum/go-ethereum/pull/1803,{'consensus': 1},"{'bfde1a4305817e76b203c2fd6da4d6a7ca41e5f7', '69d86442a52fef131827771ee5fb0f2c0c24c97c'}"
pull/18087,raw_only,"cmd, core, eth, light, trie: add trie read caching layer",https://github.com/ethereum/go-ethereum/pull/18087,"{'ui': 3, 'consensus': 2, 'storage': 2, 'node': 2, 'external': 18}","{'17d67c5834679f2b27ef08eddfce3b3a154a96a8', '434dd5bc0067cdf604d84426df9086015721dd36'}"
pull/18211,raw_only,"cmd/utils: max out the OS file allowance, don't cap to 2K",https://github.com/ethereum/go-ethereum/pull/18211,{'ui': 1},"{'cf62bd2e8878d880aa9d5b20c05bb348111f6298', 'd2328b604a2d4ecdccc47d8f9133593161cbd40a'}"
pull/19147,raw_only,swarm/network/stream: protect SetNextBatch iterator after close,https://github.com/ethereum/go-ethereum/pull/19147,{'network': 2},"{'9a0be13fababaf2c6eed47fd7823355a1d6288f0', '836c846812a903258f0612556481d96b3fa98758'}"
pull/19193,raw_only,"swarm: Revert ""swarm/network: Use actual remote peer ip in underlay""",https://github.com/ethereum/go-ethereum/pull/19193,{'network': 1},"{'f9aa1cd21f776a4d3267d9c89772bdc622468d6d', 'd4181bc8443cbccea8fa8e5e59afc17e78915ede'}"
pull/1939,raw_only,eth: don't block sync goroutines that short circuit,https://github.com/ethereum/go-ethereum/pull/1939,"{'consensus': 2, 'network': 4}","{'8202bae070ae80db572dc37895e52f3e4e75585b', '667987e7d0a677fbb0e2c54c31efedb11ebc5f5d', '2019ed71b4758956a8bd9671c73ba98a244f4a7b'}"
pull/19534,raw_only,eth/downloader: fix header delays during chain dedup,https://github.com/ethereum/go-ethereum/pull/19534,{'network': 1},"{'78477e4118d7ab57b7f56847153251439f24e884', '85726fdb025038d06a8e8d0abd4e19d86dd9ef59'}"
pull/19609,raw_only,crypto: Added checks for nil pointers in Marshal functions,https://github.com/ethereum/go-ethereum/pull/19609,{'crypto': 3},"{'c1306d7d3a059e621207ce4564a1a98f8a7f4877', 'ca32505902a2391865345753c74f40feb0420abe', '9efc1a847e53b63847f6f95e0857b1a6300786eb'}"
pull/20352,raw_only,"core/tx_pool: count tx size in slots, bump max size ot 4x32 Kb",https://github.com/ethereum/go-ethereum/pull/20352,{'consensus': 8},"{'5c3fa5b91bff90419d135fd9ece94ce6ab37838d', '8bd37a1d919194d9a488d1cee823eaecfeb5ed9a', '315c239f06331758542f13782a6f04cca5c0454c', 'de111ef4b7699d3a8e4835c7d661718af8727231', '1d96ea81163cfdf822d21770b06595ab4eee5500', 'f5e0b01151390001247b0286f0217e12ef11ddd3'}"
pull/2315,raw_only,eth/downloader: concurrent header downloads,https://github.com/ethereum/go-ethereum/pull/2315,{'network': 4},"{'8906b2fe0934c67ebb1db5d4d77acdf1a7e988f0', 'b40dc8a1daf4bd1f293cf322274b470ad91517fb', 'a8472e0fdbb4ac157671ba3bcc79001674d582d2', 'e86619e75d1bd1209818ab4df2fac52e3c43b5e1'}"
pull/2444,raw_only,cmd/gethrpctest: add missing chain configuration config field,https://github.com/ethereum/go-ethereum/pull/2444,{'node': 2},"{'90279812804cdca04a12955b83f91fbebb661082', 'aceaaa517834fa8dfc5121b66dfd633f0b10ca8f', '33e4f51749cdfcb9125159aae8481a8130e50062'}"
pull/2563,raw_only,eth: fixed double close of channel. Fixes #2555,https://github.com/ethereum/go-ethereum/pull/2563,{'others': 1},"{'72e60dea36157ee34d8b082b5868d52ac9ae6bc3', '7c1f74713e273d1e4f1982466eb6fd96e55e8c4d'}"
pull/3390,raw_only,ethstats: check if received event is valid,https://github.com/ethereum/go-ethereum/pull/3390,{'others': 1},"{'717d2f6f9e157bf6962ecadb9ffb30362c733239', '56b446190aedf7970c9532b1e428fbf1b5b94413'}"
pull/3592,raw_only,accounts: initial support for Ledger hardware wallets,https://github.com/ethereum/go-ethereum/pull/3592,"{'wallet': 38, 'ui': 8, 'node': 4, 'consensus': 1, 'external': 6}","{'26cd41f0c7a1d1e379f15117d3a62235f6c2d739', 'f8f428cc18c5f70814d7b3937128781bac14bffd', 'e0fb4d1da9d22d5aaec1ae85dd002343ebd97339', '470b79385bcde3b4c999daf6a8debb00072ad967', '205ea9580215cca4093dff22ec61222bc3a6ff96', 'fb1984685562479bfe2b041ae98f901525d1d9d3', 'c7022c1a0c2aa4c0326129ef483b27bcd6c1262d', 'b3c0e9d3ccb0bb326646aea47dda391a9552b122', '833e4d1319336fbb66fd8f1e473c24472d65b17b', '1ecf99bd0f332247df3a8976ae94e1b63b9d8a76', 'c5215fdd48231622dd56aba63a5187c6e42828d4', '52bd4e29ff5c6a6f13ba163f24da96325f63683b', 'fad5eb0a87abfc12812647344a26de8a43830182', 'e99c788155ddd754c73d2c81b6051dcbd42e6575', 'ac2a0e615bd45eab81cd793cde5a4eef2a8581c8'}"
pull/778,raw_only,Moved database update loop to eth/backend,https://github.com/ethereum/go-ethereum/pull/778,"{'util': 2, 'node': 2, 'storage': 4, 'consensus': 3, 'p2p': 2, 'crypto': 1}","{'07e85d8e146c0aa08fcfe0871d1e9b69487e67ea', 'fd982d3f3b32de61dafc32322de23350bf35b6e3', '36a10875c8c1a34aab851e3f65da48ccbb5367ce', 'f5e0388f62085c7eb100769765f8649ec364c1bd', '94f2adb80a54c9bddacf146138d8e218a95629c9', '5cfa0e918799f296580d01093b2e3ec921b93ba4', 'c9e22976f59f788a9776beab346e7dcf25af48ac', 'c273ed7d82f3d5beab7c213fbe1f5c0942adf0bd', 'c12180d00566dba977b2d34f61ed52e2a4d279ed'}"
