sha,client,author_date,year,subject,stratum_size,stratum_drawn,weight
c02c3ad7b14becea7cfd00659c8b171a498cf2d4,besu,2018-10-17T12:54:46+10:00,2018,Nc 862 spotless license headers (#69),44033,215,204.8046511627907
ba18fcf1635cc10fba57563eecc441481176032d,besu,2018-10-24T13:46:44+11:00,2018,Renamed the iBFT NEW_CHAIN_HEAD_HEADER event type to NEW_CHAIN_HEAD (#114),44033,215,204.8046511627907
2f5f829c1debd30bbbee7c1b9125689c36d8fe0b,besu,2018-10-26T15:18:50+10:00,2018,PantheonInfo updated after first build (#167),44033,215,204.8046511627907
51c43f430c92cecfa77e170bdab4d0c58a8fc754,besu,2018-10-28T08:40:42+02:00,2018,Fix --rinkeby command description (#198),44033,215,204.8046511627907
6f549c2808294699d0720d5cce140ec3727dc765,besu,2018-12-03T13:15:15-07:00,2018,Plumb in three more metrics (#344),44033,215,204.8046511627907
ae060776e7603fea8e988dc91dd34cf0835c7c5d,besu,2019-01-25T12:50:08+01:00,2019,Nc 2026 network option (#645),44033,215,204.8046511627907
aef5223aecf5be49da21963f6ae69df4b8a9bd35,besu,2019-02-18T16:21:25-05:00,2019,Reorganize eth tasks (#890),44033,215,204.8046511627907
b4e6784e40158add3d8071bb13fe4ab811df07f7,besu,2019-02-22T12:47:55-05:00,2019,[PAN-2198] Update GetNodeDataFromPeerTask to return a map (#931),44033,215,204.8046511627907
cc6207b8f2e87330b5c0f9c51d0fda16abbb88cc,besu,2019-04-29T10:35:23+10:00,2019,Don't abort in-progress master builds when a new commit is added. (#1358),44033,215,204.8046511627907
94e51fd4f4a1c5ebd2d5cfd3b0685bd5b6851203,besu,2019-04-29T15:28:31+10:00,2019,Updated overview (#1362),44033,215,204.8046511627907
dd0efd92d6937f5f8ca5bb7981e4d4d5555af9f3,besu,2019-05-09T15:02:44+10:00,2019,simple account permissioning (#1409),44033,215,204.8046511627907
d6707b5af6c6d808e09631a9755e4b0f917f34fd,besu,2019-05-28T12:09:03-07:00,2019,Added troubleshooting point (#1495),44033,215,204.8046511627907
5ce6b5e85a5bd29af0bb3d369dd0fbf0fcabf913,besu,2019-06-14T15:17:52-04:00,2019,[PAN-2798] Reorganize p2p classes (#1567),44033,215,204.8046511627907
3506c574b0e0cc3e26ca26fee1c01419bda5be3a,besu,2019-06-25T10:12:39-06:00,2019,[PAN-2756] Istanbul scaffolding (#1605),44033,215,204.8046511627907
16934ef69df2e4406fd02c6f648e5042ad815da8,besu,2019-07-06T12:50:52-06:00,2019,Add UPnP Support (#1334),44033,215,204.8046511627907
26c7e059480caf57e9af4413cadc3de2d6adbebe,besu,2019-07-16T01:10:35+01:00,2019,[PAN-2910] Eea get private transaction fix (#1707),44033,215,204.8046511627907
92cc42cbfcb220ce7d3505d1f4a2280e572d0b40,besu,2019-08-12T23:26:50-04:00,2019,remove config project's unnecessary dependency on orion (#1839),44033,215,204.8046511627907
7d132ec97b4fbd26a2ba6c80409594bc3be58d1b,besu,2019-09-17T12:08:40+02:00,2019,update Cava library to Tuweni Library,44033,215,204.8046511627907
7b5325b0ac0c207e38699cb9860bb77856c3d19c,besu,2019-09-23T16:42:44+10:00,2019,Added locking api call. Moved APIs to their own package. Allowed for sending ether to accounts before they exist,44033,215,204.8046511627907
d94cfdd24b2f48a2e13f1a33da004a47f26655d6,besu,2019-09-25T20:57:37+03:00,2019,Fix some mark sweep pruner bugs where nodes that should be kept were being swept  (Re-merge of #38) (#50),44033,215,204.8046511627907
d96b1e1f15c073e9076bd52f0276ee7ccce646a9,besu,2019-10-16T17:09:14-04:00,2019,Complete future exceptionally on failure,44033,215,204.8046511627907
8abbb750d9999aabfacc59fbdd484703461928b0,besu,2019-10-17T16:28:08+10:00,2019,Additional unit test for selecting replaced pending transactions (#116),44033,215,204.8046511627907
1d9805ecddc25999f29a35b3ecb0fbd64cf35a39,besu,2019-10-21T17:07:24+10:00,2019,[PIE-2052] - CLI -V to print plugin versions,44033,215,204.8046511627907
3270f8e2e320621cd667b9c7079d5056330124e0,besu,2019-10-23T08:48:48+10:00,2019,1.3.2 release (#125),44033,215,204.8046511627907
0709dc9715acb2f607a07c2951764e46efbe01a0,besu,2019-10-28T18:32:49-04:00,2019,Remove shutdown actions from ControllerBuilder,44033,215,204.8046511627907
796a9d1d2d90ba95b6d198142f317e40e46bdc0e,besu,2019-10-31T22:05:47-07:00,2019,remove unneeded change,44033,215,204.8046511627907
214615cb735f5352889a65ca0ca5639f32ee8b16,besu,2019-11-17T19:14:05Z,2019,add public and private enclave keys for test,44033,215,204.8046511627907
29ec2e372d9e19a6a5ab6c4fd8ad5abe1017ac5a,besu,2019-11-19T09:15:54Z,2019,[PAN-2984] Refactors transaction receipt to contain more members (#85),44033,215,204.8046511627907
770e473223da24588932236a51e3d680a1a91ef4,besu,2019-12-17T10:51:44+01:00,2019,Updated known hash of plugin-api.,44033,215,204.8046511627907
621dc076b5a17f86a22d0590cbeef421f3d719d7,besu,2019-12-19T11:47:15+10:00,2019,fix ut,44033,215,204.8046511627907
36873bc6c8d8839d719fcbcfe012d7d616db1614,besu,2019-12-27T11:55:05+10:00,2019,[BESU-77] - Enable TLS for JSON-RPC HTTP Service,44033,215,204.8046511627907
0369607002ae548c61fc6ad032b94562cfa84d8f,besu,2020-01-07T09:29:38+01:00,2020,spotless apply,44033,215,204.8046511627907
9c6406c578d9de0ff0ac6d0f2ff4cdd116613f2a,besu,2020-01-08T14:47:00+10:00,2020,compile errors,44033,215,204.8046511627907
4a3b572c95914ac3bdbea64dff000a80e961650b,besu,2020-01-23T13:19:30+10:00,2020,Sid210 part4: Start message processing (#42),44033,215,204.8046511627907
73b8593a389650e12a72fb4eb51d6c0c5958b206,besu,2020-01-30T13:24:05+10:00,2020,test cleanup,44033,215,204.8046511627907
f2da2562cd050d849af98cfb03d3d49001b377ef,besu,2020-01-31T08:53:12+10:00,2020,Update version to 1.4.0-beta3,44033,215,204.8046511627907
6868ce4c86ec377636a454053cdcec3636679cb6,besu,2020-02-17T15:15:55+01:00,2020,[PIE-2303] Automatic log bloom caching - Remove usage of pending file. (#407),44033,215,204.8046511627907
fac04b769d9dd2a25fd225e3c906e7b987214a84,besu,2020-03-20T17:07:00+01:00,2020,Init tracing cache feature,44033,215,204.8046511627907
22ea9f574f77a8ed069e21744e96776b58937f23,besu,2020-04-01T13:23:47-04:00,2020,Added block add event. Added block reorg event. Added revert reason to both events.,44033,215,204.8046511627907
b9fbb07966b66f2be8364b9cfcadc03071d5871f,besu,2020-04-14T13:54:44+02:00,2020,The base fee must be included if present and EIP-1559 is enabled in the `hashHeader` method.,44033,215,204.8046511627907
8a69d3a9194fcf6b5fe42ac4aa02557abc9aeae1,besu,2020-04-15T17:07:21+10:00,2020,spotless fix,44033,215,204.8046511627907
30a6975daf2b21484333f6500bfff87cd3fee81c,besu,2020-04-23T17:35:25+02:00,2020,handmerge changelog,44033,215,204.8046511627907
5484d8f7ff2b7a385c7d1c0cf665184119a2b92b,besu,2020-04-27T16:42:44+02:00,2020,Fix unit test,44033,215,204.8046511627907
d64ac0705487a87b9fa3d7e2b7c2d79fa044d195,besu,2020-05-12T23:30:24-06:00,2020,EVMTool improvements (#819),44033,215,204.8046511627907
8b1ca8ceb9448b3d3681fef4d26f68f2169747cb,besu,2020-05-21T11:59:10+10:00,2020,Added eth_estimateGas fix and logs query known issue (#965),44033,215,204.8046511627907
fc9976164f540269fa5d42981201f89657e7a0f0,besu,2020-06-02T10:59:51-04:00,2020,test changes,44033,215,204.8046511627907
2d5c6e9a7f22dae5c17ce3a785942465882ab42d,besu,2020-08-12T11:21:28-06:00,2020,Update version to 1.5.3-SNAPSHOT,44033,215,204.8046511627907
3a39fbb70740f921436bb2f26548d977c48a0d23,besu,2020-08-20T09:07:20-05:00,2020,Attempt Pending Request to BUSY && ASSIGNED && DISCONNECTED Peer (#1321),44033,215,204.8046511627907
eaab141b665fec06ef7471ce79bfd28d607572ea,besu,2020-09-25T07:59:06-06:00,2020,follow standard experimental flags rules,44033,215,204.8046511627907
413019ae63806ba788d670aa238d6a20213e696a,besu,2020-10-06T15:35:29-04:00,2020,remove ecip1099 genesis config option,44033,215,204.8046511627907
2d7cdf0da4cf7dd2a5f7db5de750ef6358b0f73a,besu,2020-10-15T17:56:32-04:00,2020,rename genesis config option Ecip1099Block to ThanosBlock (#1462),44033,215,204.8046511627907
cd7606e42eec358c6058193bce895706e543c19d,besu,2020-10-19T11:13:46-04:00,2020,add rpc tests,44033,215,204.8046511627907
a51b98320b5edc87d51c3743bdb9a969b0b89f4c,besu,2020-11-09T16:12:53-07:00,2020,cleanup,44033,215,204.8046511627907
26e087b21e8ea49a50f78524fbad55e0b2e970c9,besu,2020-11-13T12:10:16+10:00,2020,[MINOR] altered block header timestamp trace log msg to be more helpful (#1560),44033,215,204.8046511627907
4df6b386bc1419d57b27e34467f702b065eedffd,besu,2020-12-14T17:09:06+11:00,2020,proved multi-node network works,44033,215,204.8046511627907
cd66968b6d210fd6960a506840c2432281f28342,besu,2021-01-04T11:11:13-08:00,2021,Add tracing support for internals and JSON-RPC (#1557),44033,215,204.8046511627907
271371b20753414f2a25cfbf0f37b07b898e3437,besu,2021-02-04T12:24:53+10:00,2021,come cleanup,44033,215,204.8046511627907
87db6f4f239032070bae6fdc662f8472cc19e69b,besu,2021-02-15T16:33:08+11:00,2021,Change Istanbul64 to Istanbul99 (#1903),44033,215,204.8046511627907
71cead1791f65612a44dd14c8710f43f895c2d3c,besu,2021-03-12T15:00:13+01:00,2021,update,44033,215,204.8046511627907
e686c9498b3f4bd3eabc39790ce9cbb22f0dfe1a,besu,2021-03-26T22:27:48-06:00,2021,tweak versions,44033,215,204.8046511627907
2fefbe06a897bfe1573db75e91cec95f82a1959a,besu,2021-03-31T10:37:14+02:00,2021,fix pipeline,44033,215,204.8046511627907
85a7613194044574a7ff8fab2c7bd710c50b7c85,besu,2021-04-12T12:07:36+10:00,2021,jsonignore,44033,215,204.8046511627907
ebd1b42cbc01036483f11e68df0f3fdb24cc1114,besu,2021-04-27T17:20:59+02:00,2021,add assembleBlock JSON RPC method,44033,215,204.8046511627907
293e1b5afe126216aa80b09d8374d4442dbb17a2,besu,2021-04-28T13:06:21+02:00,2021,fix pipeline,44033,215,204.8046511627907
03913afccc0cd8041d1ac919f4037c75e1a316dc,besu,2021-06-18T16:40:47+10:00,2021,Fix bft duplicate prepares in round change,44033,215,204.8046511627907
0589b59dd97a9ab562b56abf1c614d231efafd96,besu,2021-06-21T13:32:41-07:00,2021,additional assertion for missing baseFee at genesis,44033,215,204.8046511627907
bf38616960eed345213b6b15f7ba78325cae2dc7,besu,2021-06-23T19:31:37-07:00,2021,fixes as requested in #2473,44033,215,204.8046511627907
c6a73e7a51a39d64c61934eee923fc325f61304a,besu,2021-07-07T09:39:33+01:00,2021,Refactor: PrivacyBlockProcessor to clarify intent,44033,215,204.8046511627907
dde64f5769c33f0cb3ac8fb88f111b6fefaebd02,besu,2021-07-20T11:07:59+10:00,2021,get validators from smart contract,44033,215,204.8046511627907
2c2f849fe8a47c1a50c50ea284e740ea6e538606,besu,2021-08-18T21:06:45-07:00,2021,"Fix: make sure that we create the sender account if it doesn't exist yet, since authcall allows to send from completely new accounts",44033,215,204.8046511627907
a2b62d8a03216e6b10c03ed61d185a9e51e312d2,besu,2021-08-31T11:49:49+10:00,2021,url,44033,215,204.8046511627907
fb3b3f2f40bb350789e2bbf74b76b04d24287d7d,besu,2021-10-04T23:21:53+03:00,2021,fix a baseFeePerGas serialization problem fix terminalTotalDifficulty determination for non-PoW consensus mechanisms,44033,215,204.8046511627907
a37848366735b33806026be77e1716b498e0d446,besu,2021-10-07T14:01:05+03:00,2021,spotless,44033,215,204.8046511627907
d968a3f17609f8650c216e7c2b634d6668a4031f,besu,2021-11-17T14:00:02+10:00,2021,address review comments,44033,215,204.8046511627907
a5bc1b24ba1ba52dcf531651e12e31716ecdc141,besu,2021-12-17T07:26:30+10:00,2021,fixed changelog to reflect what's actually in 22.10.4,44033,215,204.8046511627907
0046e90a44b6889436df8cac8674cff9866930bf,besu,2022-01-11T17:11:06+10:00,2022,additional JWT auth algorithm in the right spot in changelog,44033,215,204.8046511627907
fd840fe4c745f95fba3bd8bc7ea7cb9c7e65f479,besu,2022-02-22T16:33:15+01:00,2022,Upgrade EnodeURLImpl builder strategy,44033,215,204.8046511627907
fbc10a2f2ca18c81d81828ec15597f052720ff4c,besu,2022-03-01T16:34:13-05:00,2022,Update changelog,44033,215,204.8046511627907
69799eba9411697b441aedb67db6eae8a240dffe,besu,2022-05-06T09:25:27-07:00,2022,use architecture envar to name and reference the goss executable,44033,215,204.8046511627907
62e69705c7861b84b1a03c8e77390451c9558aad,besu,2022-05-11T13:25:48-07:00,2022,master -> main,44033,215,204.8046511627907
aaad26b09eaa5b5adde67d4a20649fed84f6c587,besu,2022-05-12T11:03:43+02:00,2022,Performance test : add the name of the Pipeline's step in Tracing Signed-off-by: Ameziane H <ameziane.hamlat@consensys.net>,44033,215,204.8046511627907
1497e4bc3768f4cdccecfcd2c0d3bfde368ad7d0,besu,2022-05-23T11:14:13+02:00,2022,Test LZ4_COMPRESSION on all column famillies Signed-off-by: Ameziane H <ameziane.hamlat@consensys.net>,44033,215,204.8046511627907
b73f198b76ee38e436a15722efd5796756b0e0ac,besu,2022-06-02T23:04:26-04:00,2022,"Added exception message details to error message, when read db fails See ##3526 Signed-off-by: Sharad Gulati sharad.develop@gmail.com",44033,215,204.8046511627907
f8409f0c82fc712a92ffa9ca2a60f385cb2dc5ef,besu,2022-06-05T19:17:54-04:00,2022,rearranged some things so EthProtocolManager can get notified of ttd,44033,215,204.8046511627907
7960dae40d314c0bf4ec9fcd5b45113e0f517011,besu,2022-06-28T09:53:21+10:00,2022,warning invalid sync mode option [#3884] (#4017),44033,215,204.8046511627907
6f7f983f5d4203b70558879bf5c2f9d28a4a582a,besu,2022-07-30T21:04:57-07:00,2022,use upload and then write the reports separately,44033,215,204.8046511627907
247631f974163b85f2ae4c51f3e2fdc015499e8e,besu,2022-08-24T14:05:41+01:00,2022,small variables renaming in AbstractJsonRpcTest,44033,215,204.8046511627907
570a1573c04839635737d26ce8bd32eb33d04f86,besu,2022-09-05T10:33:10-04:00,2022,shows ready on pre-merge nets. no display on most merge nets,44033,215,204.8046511627907
6d412f7c6dc5e9738eb391459157653cb3628627,besu,2022-09-29T15:36:21+10:00,2022,Adjust exit code after handler replacing deprecated parseWithHandlers,44033,215,204.8046511627907
3877cd2b84a5b336da7569d9a75439721952efbe,besu,2022-10-26T22:32:18+10:00,2022,Revert changelog subtraction. (#4560),44033,215,204.8046511627907
ea8faac484e23f0d12a4e11f1ae2e03b3018f233,besu,2022-11-11T18:33:31+10:00,2022,Hacky fix for unit test,44033,215,204.8046511627907
205ac4db888acdf3abafbcf527551e93e2d1dc51,besu,2022-11-14T16:57:20+01:00,2022,Ignore .idea directory in spotless checks (#4657),44033,215,204.8046511627907
1bcd3203d0d9c988790be5a62ca34cc2770d0a80,besu,2022-11-16T09:57:34+10:00,2022,Add tests and options,44033,215,204.8046511627907
299c675a433fa3f73785d863912f076e682b7a03,besu,2022-12-02T15:36:41+11:00,2022,Add unit test to validate invalid types,44033,215,204.8046511627907
7040bfcb119a893d6f0ce0d0e985ce0a15959b23,besu,2022-12-22T18:33:25-07:00,2022,deal with live invalid code,44033,215,204.8046511627907
aa53f220049bebd7199b63329827d9818c490b8c,besu,2023-01-18T02:59:30+01:00,2023,Introduce transaction pool interface (#4939),44033,215,204.8046511627907
f1d32b0828a838e804fddf9de9c049d89009ac6e,besu,2023-01-19T17:12:39-03:00,2023,Update changelog,44033,215,204.8046511627907
43fa97edda0ec8829cca3083887f04af1efdbbe5,besu,2023-01-23T14:22:35+01:00,2023,missing license,44033,215,204.8046511627907
602147411e1654ba0946396d25fb70b4cfb7514b,besu,2023-01-24T10:19:22+01:00,2023,RJumpV overflow (#4985),44033,215,204.8046511627907
1b255103d669d56149e22753686451fd0e2d7ce7,besu,2023-01-24T10:54:16-05:00,2023,4844 engine api (#4991),44033,215,204.8046511627907
8219b306d699e99068e36952598988306fb50555,besu,2023-01-27T02:00:20+01:00,2023,adding test for nonblob blob transaction (#5008),44033,215,204.8046511627907
322f04c0c97ae128fb89b22999d14d818f5e01b0,besu,2023-01-27T19:04:35-05:00,2023,Address issue 3786 out of memory for trace_block and trace_replayBlockTransactions RPC methods Signed-off-by: Derrick Hall <vectorl33t2@gmail.com>,44033,215,204.8046511627907
2b6aa6344b611a3b3421fc8a78fcefe18f02edbe,besu,2023-02-07T10:42:42+11:00,2023,Change param of to hexadecimal  of Eth fee history to match spec (#5047),44033,215,204.8046511627907
f36165a963949ae955f03260bcc469c6cac117e6,besu,2023-02-16T17:19:18+11:00,2023,Fix block value calculation (#5100),44033,215,204.8046511627907
6552e048953cbd8d2479b903f5496fd0ca6c8ea4,besu,2023-02-16T17:35:58+10:00,2023,spotless,44033,215,204.8046511627907
d5ed8670e254a90b31f99184fa42799980ecf009,besu,2023-03-02T16:17:47+01:00,2023,remove logs,44033,215,204.8046511627907
262772d534d629034ed0a51e0a469e845037bc2e,besu,2023-03-23T14:24:07+10:00,2023,revert change to config,44033,215,204.8046511627907
a52720ff16a63d37e1e9ae4456dc5bb754dde86b,besu,2023-03-24T19:17:27+01:00,2023,Update dependencies to latest version,44033,215,204.8046511627907
4737f145349c3e20fc61c8d32797017047d7ad11,besu,2023-04-11T15:01:14+02:00,2023,Add metrics for accounts and storage reads (Flat databasae vs MPT) (#5315),44033,215,204.8046511627907
b084d80878ad3c94aa623bbc3635cdf1d406bc13,besu,2023-04-28T16:43:03+10:00,2023,Ensure parisSpecificModifications are unapplied for all subsequent forks (#5406),44033,215,204.8046511627907
b10feee53667726a978ecb84a50d214a5571a11b,besu,2023-05-12T14:30:12+10:00,2023,Implement limit for resource-intensive JsonRpc methods per batch,44033,215,204.8046511627907
30674eb2243ce8a427b6cab575af9d61982e3997,besu,2023-05-17T12:07:43-04:00,2023,spotless,44033,215,204.8046511627907
2d59326afeb40dc6f713d3f7ca8ed11dd48bb9c6,besu,2023-05-18T07:09:58-04:00,2023,toString updates,44033,215,204.8046511627907
f844d55973735a71a25e698e7f542c2ecb6e3cb1,besu,2023-06-01T17:04:15-07:00,2023,add changelog,44033,215,204.8046511627907
dd0601b76d5255a23f160c784bad5e25af47c01e,besu,2023-06-07T14:31:30+02:00,2023,Remove deprecated Rinkeby network,44033,215,204.8046511627907
10e4b3de0cb84f5519db08f72fcf07acaff978b3,besu,2023-06-08T15:11:46+02:00,2023,Use a more flexible way to trim logged data,44033,215,204.8046511627907
8f9b1937ded9267abd8b97154fa3793a704d353f,besu,2023-06-22T15:56:12+10:00,2023,junit5,44033,215,204.8046511627907
f784807e5d92b59da939ab6b4c51a895a233915c,besu,2023-06-28T10:29:05+10:00,2023,Add unit test to cover data gas calculation,44033,215,204.8046511627907
47285a48f66d999546f7eb9ed3215b984aedf3c5,besu,2023-08-22T12:10:12+10:00,2023,Eip4788 parentBeaconBlockRoot  (#5758),44033,215,204.8046511627907
a5a78ef46df7abd43eb500bd86852315e856fa63,besu,2023-09-19T10:04:51-06:00,2023,Upgrade besu-native (#5893),44033,215,204.8046511627907
4ddb10f951556b270ceb18da33aaa9b4b02006f5,besu,2023-09-25T09:43:54+10:00,2023,updated plugin hash,44033,215,204.8046511627907
41d06daf537f959315cda3f5b8d29bc0ba7996eb,besu,2023-10-12T15:33:39+10:00,2023,add getter for an operation tracer,44033,215,204.8046511627907
c88820ffa8a7fad4ce82353f09dc8514f2bf1263,besu,2023-10-13T15:08:04+10:00,2023,docs: fix typo (#6029),44033,215,204.8046511627907
ccef082a970a097e6416a393d07b794e20d7178a,besu,2023-10-19T13:18:08+10:00,2023,formatting,44033,215,204.8046511627907
02c6f3862aa62cdf76d49e77047c63a7c3a18b52,besu,2023-10-20T09:53:04+10:00,2023,cherry pick changes from https://github.com/hyperledger/besu/pull/6054/files\#diff-22b78733e37a697fa8d1d8a02d2a87fe5ccea9cf67c34ce5e6311f024c14abd6L643-R738,44033,215,204.8046511627907
5ef31439e434868d9b7d139c7ac6a4a095d97ef2,besu,2023-10-24T10:02:32-03:00,2023,Set ENR tree for DNS discovery for Mordor network,44033,215,204.8046511627907
99bd48ff5458967aa7c1a54293ecd37fb2495fa7,besu,2023-11-03T12:09:11-06:00,2023,Reference Tests v13 (#6114),44033,215,204.8046511627907
f7cba5dba7818a1a6fbb05dd28a05d8c3c4cf6e0,besu,2023-11-10T14:33:10Z,2023,Fix test merge error,44033,215,204.8046511627907
729c2946160a3bf0bfd5c784faa7183ae2113097,besu,2023-11-11T18:39:28-08:00,2023,ensure we send proof of exclusion and no slots for the last empty storage range,44033,215,204.8046511627907
b73eb32f8e7aca5b28eab39bd14dbc8e2bf35ae9,besu,2023-11-12T10:18:54+05:30,2023,add private tx tracing feature,44033,215,204.8046511627907
c681d4274fe051f1aec33b72f1161f6bfc782800,besu,2023-12-07T06:53:50+10:00,2023,migrate to junit 5,44033,215,204.8046511627907
ee7a6ee971ee1cfa00fa913f960a1934a69d990b,besu,2023-12-21T11:07:40Z,2023,Add more tests,44033,215,204.8046511627907
efd7b467d0ce0ab63f8ed0cfc903d10a5e0681ea,besu,2024-01-04T17:54:17+10:00,2024,bft tests to junit 5,44033,215,204.8046511627907
b8019306705410f4fdfc1bd1d65f980803b63255,besu,2024-01-05T14:52:18-05:00,2024,whoops can't get sha till checkout,44033,215,204.8046511627907
dcb6f27078cb37ac9ff839cc41a3ad023915ab19,besu,2024-01-10T12:44:18+01:00,2024,Make transaction pool configurable in acceptance tests (#33),44033,215,204.8046511627907
f146e7808317fded0b363b23379f60c51fe1e8c7,besu,2024-01-12T03:02:33+01:00,2024,Use mining beneficiary from protocol spec in TraceServiceImpl (#6390),44033,215,204.8046511627907
746b749cef8c1a9ae9af7cdc70fb65d223787635,besu,2024-01-22T13:03:59+11:00,2024,Fix unit tests,44033,215,204.8046511627907
5fb08fee56a47c18ce2329c18b0235523d76b316,besu,2024-02-09T12:37:43-07:00,2024,Move account warming from gas calculator to call operations,44033,215,204.8046511627907
3499485cdccd670c44f552112bd7926c800d7f12,besu,2024-02-27T14:02:58+10:00,2024,[MINOR] Rotate changelog since 24.2.0-RC has been cut (#6604),44033,215,204.8046511627907
0eed8fa6047b0b9670b60c8a33cba4e9887c1df5,besu,2024-03-01T15:48:20+10:00,2024,add blob fields to callParams,44033,215,204.8046511627907
ac2affc42ed9c428da434a4a19fcda010a74d85f,besu,2024-03-08T14:02:38-05:00,2024,deployment environment approvals do not seem to work as designed,44033,215,204.8046511627907
3db07568aef9c2ddc1f9b305368cb45b8e3ec66c,besu,2024-03-14T12:24:06+10:00,2024,Refactor PluginPrivacyController (#6725),44033,215,204.8046511627907
f4dc168216ac06ce41595dadc82bd3e4e281448d,besu,2024-04-02T11:47:31+10:00,2024,build: Adding back top level publishing task,44033,215,204.8046511627907
eb55a86e84d30bc49e44ef2aa3d85f3e5eae3dda,besu,2024-05-02T08:23:17-06:00,2024,remove in-operation JUMPF validation checks,44033,215,204.8046511627907
3263db8765db2936a37002a51fe77d4726707f72,besu,2024-05-17T14:31:17Z,2024,Add PR description for flaky test fix,44033,215,204.8046511627907
719117e4b6fc72d3c4dcf611492f62489ef9c656,besu,2024-05-18T14:42:07+03:00,2024,enable acceptanceTestsPrivacy,44033,215,204.8046511627907
5cdc82cadbc78b1fc63884d8537de3843d47271e,besu,2024-07-19T18:11:30+02:00,2024,Optimistic parallelization of transactions to improve performance (#7296),44033,215,204.8046511627907
0f94ba2bb65be930c96d3d4b59aa772ca331e9b4,besu,2024-07-22T14:23:24+01:00,2024,Update changelog entry,44033,215,204.8046511627907
952140df973bbc15ae3805748d09bdc7f97864fc,besu,2024-07-26T14:15:33+02:00,2024,"Refactoring, extract class static fields",44033,215,204.8046511627907
5521cb82fb3402d010acbc9114d346f1617f76f8,besu,2024-07-29T08:58:03+10:00,2024,Snap server GetTrieNodes to return empty bytes when trienode doesn't exist (#7305),44033,215,204.8046511627907
f0d22b942f3473c68a5c90ff9ed2f871d4f9f4b5,besu,2024-08-18T19:02:32+05:30,2024,Add TPS and Mgas/s metrics to DefaultBlockchain,44033,215,204.8046511627907
2a52b0278b56eab556a8b20c34e9034d609723f2,besu,2024-09-09T13:47:20+10:00,2024,remove character accidentally added in CHANGELOG (#7586),44033,215,204.8046511627907
07adb415eec5341fe22442ac9938e7f7b8a9de11,besu,2024-09-11T00:26:17+02:00,2024,Re-enable TxPoolOptionsTest::txpoolForcePriceBumpToZeroWhenZeroBaseFeeMarket (#7565),44033,215,204.8046511627907
3d71254dfa781839f6cf7a54fc661bef13606a27,besu,2024-09-11T00:50:23+02:00,2024,Mandatoy to field for 7702 transactions (#7600),44033,215,204.8046511627907
e325952142dc9848e74653aa5026db27f69683e5,besu,2024-10-22T10:21:55-04:00,2024,Add .run/ to .gitignore,44033,215,204.8046511627907
6898c95015c6e7e6b4ea8b85830615a61fef2efb,besu,2024-11-11T13:23:21-05:00,2024,QBFT: Fix validation of proposal based on older round's prepared block,44033,215,204.8046511627907
674a7bae583f8f2ac62bdba62b896e9bccba6dbe,besu,2024-11-25T13:33:26+01:00,2024,Upgrade rocksdb jni lib from 8.3.2 to 9.7.3 (#7817),44033,215,204.8046511627907
7e482e1b3c694fc7008c7aa510afe5f1b14c0b2c,besu,2024-12-09T13:39:50+11:00,2024,Split PR into block simulator and eth_simulate v1,44033,215,204.8046511627907
e6eef954d6cbc1f08c839297e89f4f7bfea34a2c,besu,2024-12-17T10:18:37+11:00,2024,Add PeerTaskExecutor usage for GetBodies in ForwardSyncStep and apply spotless,44033,215,204.8046511627907
177faa2998333c57ccb5ddf6d139db5f58009484,besu,2025-01-06T10:41:47+11:00,2025,Add javadoc to GetBodiesFromPeerTask,44033,215,204.8046511627907
cb5c223002eb69f68841dca922c2100cf4eae66b,besu,2025-02-04T18:21:04+10:00,2025,Use 9 for max blobs when sizing BlobCache (#8222),44033,215,204.8046511627907
1f70a13f56db5a76cb6dab516459248bcc71607d,besu,2025-02-06T09:00:18+01:00,2025,Applied PR suggestions,44033,215,204.8046511627907
921ca0686ae5a193346ab361fe75309208274eeb,besu,2025-02-19T14:49:52Z,2025,Add QBFT implementation and tests,44033,215,204.8046511627907
ca2e5692f7c3171b4105df94470daf808a023973,besu,2025-03-14T12:19:14+01:00,2025,Add a method to get the encoded preimage of a transaction (#8414),44033,215,204.8046511627907
a72144caea8d16d2f03afce5b4ba85d40523353a,besu,2025-03-26T16:14:00-04:00,2025,Non breaking changes for fastsync tests,44033,215,204.8046511627907
683947b60eb4b0b85c0a43f2e370a719ac6dc73e,besu,2025-03-31T13:25:38+11:00,2025,test: update tests to the latest protocol version (#8458),44033,215,204.8046511627907
f823050788b3073ac482578b8f91e8920a9a4c71,besu,2025-04-10T14:21:42+01:00,2025,Fix + changelog,44033,215,204.8046511627907
9063878185d125371662744f36df5df86a1d59d1,besu,2025-04-15T13:02:42+10:00,2025,Suggest garbage collection to try to avoid build up,44033,215,204.8046511627907
52bf76a821e7097c1ef889cb234da4f67f1a9393,besu,2025-04-17T12:41:15+02:00,2025,Use two-reads approach to minimize the number of queries for nonexistent values,44033,215,204.8046511627907
b8cd4c8e65fea8f5d901e42875cdc4ae3353fd24,besu,2025-05-09T06:27:16+10:00,2025,Add support for grafana-pyroscope to besu (#8510),44033,215,204.8046511627907
868823915f14ffc3579d516b19b93bea74a202d5,besu,2025-05-23T12:10:22-04:00,2025,Add Qbft adapted EthEstimateGasZeroToleranceAcceptanceTest,44033,215,204.8046511627907
652d5b9c9d725fc74af9fb897c70d67cd2d87cb2,besu,2025-05-23T16:09:48+10:00,2025,don't run EOF tests,44033,215,204.8046511627907
6a16cce649a80e0edca6f15fc86b6ad134477290,besu,2025-05-27T15:30:17+10:00,2025,null check to satisfy tests,44033,215,204.8046511627907
8e160a920bf3408357ced72cf5e451479fe204f8,besu,2025-06-10T22:51:49+10:00,2025,[fusaka-devnet-1] increase max blobs kept in the pool: 72 (#8784),44033,215,204.8046511627907
89eb0c1babec942172948c9a1b811639f671c1a3,besu,2025-06-21T19:07:28+02:00,2025,"restore old jump dest bitmask calculation, use cached code in MainnetTransactionProcessor and SystemCallProcessor",44033,215,204.8046511627907
b67da4e2dd50ceda2490c21922f306eb4d2a9f32,besu,2025-06-25T17:23:24-07:00,2025,Implementation of RIP-7212 / EIP-7951 (#8750),44033,215,204.8046511627907
50bb9e9d39e2492a03728554c364339ad53cbbff,besu,2025-06-30T16:24:30+10:00,2025,Suppress ExperimentalCliOptionMustBeCorrectlyDisplayed,44033,215,204.8046511627907
5a62049d26a05df410c16b4f3b54582ae54c8a9a,besu,2025-07-08T11:24:20-03:00,2025,Replace deprecated `HttpClientOptions` usage with `createWebSocketClient` creation,44033,215,204.8046511627907
160b379fafec3e7b28767a59f7bcb1c6d6e2f233,besu,2025-07-15T10:31:57+10:00,2025,unit test for transaction step factory,44033,215,204.8046511627907
716098673402bd04a5213e68d5f0ef5bdc828bb6,besu,2025-07-15T16:26:08+10:00,2025,implement the non-deprecated interface,44033,215,204.8046511627907
3358bc3c7b3a988a35c9a978c691ace25248c573,besu,2025-07-15T19:24:48+10:00,2025,temporary info logs,44033,215,204.8046511627907
7cb8498d0c86e7a75c3383a5ff92a42daed90393,besu,2025-08-21T20:28:39+10:00,2025,add workflow to release et al (#9096),44033,215,204.8046511627907
5d2ae35c3d43b428612e7d2c409d028e18d626fd,besu,2025-09-04T16:15:22+02:00,2025,spotless,44033,215,204.8046511627907
9949e29d76fbf7f1ac26d9244b1ca361fcef0b29,besu,2025-09-10T14:12:37+10:00,2025,fix method signature,44033,215,204.8046511627907
b09bea895c0ad1ce26e94a45182e5e63ef5ddd3f,besu,2025-09-10T17:43:05+01:00,2025,fixes for SDIV - treat shorter < 32 values as unsigned,44033,215,204.8046511627907
2d79fb61787804d2e4499fba9f0e9348af60adce,besu,2025-09-30T16:36:07+02:00,2025,Add changelog entry,44033,215,204.8046511627907
b7aa552de83f224fff5292c33d23765863c86d3d,besu,2025-10-21T11:40:36+02:00,2025,"added GenesisConfigService to BesuCommand, added preprocessing step for Geth like genesis files",44033,215,204.8046511627907
93e95946156f6667c7f2a2765754cf2bf78d529d,besu,2025-11-03T11:42:48+11:00,2025,Remove RetryingGetHeaderFromPeerByHashTask,44033,215,204.8046511627907
ffb9b7f434a7b575699bbbd1020199e8c29d3501,besu,2025-11-07T12:02:02+03:30,2025,"test(ephemery): enable CI/CD with in-memory storage plus keypair tests, related issue #9083 and #8180",44033,215,204.8046511627907
750579153ea24fa69f8320865d232d98a2ec2fc3,besu,2025-11-07T16:35:53Z,2025,Post-merge tidy up,44033,215,204.8046511627907
c074889a75841068fefd99b7bb7f458d4b1e6b79,besu,2025-11-17T11:51:34Z,2025,changelog,44033,215,204.8046511627907
da841a635929929d7ef53b867b7953f81c483d4f,besu,2025-11-19T13:52:27+10:00,2025,copyright,44033,215,204.8046511627907
e97616285e6c6ca0fafdae82fdd6d3b2f537eb4e,besu,2025-12-10T17:26:35+11:00,2025,Accept PR suggestions,44033,215,204.8046511627907
f87c5380cca1e3808ef083d6205f433c19c0ccb5,besu,2025-12-16T15:12:53+01:00,2025,Modernize plugins configuration,44033,215,204.8046511627907
1afb322ae0c8aa43c242857f9312ea144c1bc3e7,besu,2026-01-20T12:11:12+11:00,2026,Simplify code,44033,215,204.8046511627907
3226a6f654c8fedb32b083a77e8adbcdd895520a,besu,2026-01-20T15:55:47+01:00,2026,undo modification for debugging,44033,215,204.8046511627907
ccd0bf199c16e2d58f456d95e20b19a5d2b1a007,besu,2026-01-20T16:04:06+01:00,2026,Fix promotion to prioritized layer for gas price fee markets (#9635),44033,215,204.8046511627907
a07c7bf65a256884a9e4ab43e6baacfc215bd3e9,besu,2026-01-22T12:01:59+01:00,2026,Separate BAL from block body (#9629),44033,215,204.8046511627907
67e6731f71ea58918d43d184b140d50cb32042a1,besu,2026-01-26T14:30:47Z,2026,Add tests,44033,215,204.8046511627907
52a460e522e0041062f6a3eae2ffcadf881499fc,besu,2026-01-31T03:01:02+10:00,2026,add ability to pass a tracer into BlockSimulate (#9708),44033,215,204.8046511627907
07df6f2b8493d211fdb55ffc9dd1b4064e620aef,besu,2026-02-06T12:13:06+01:00,2026,Fix distDocker task on Gradle 9,44033,215,204.8046511627907
7cf9ff5829f0e4e991de7340d85d76df5b03c88e,besu,2026-02-10T14:34:07+01:00,2026,Remove unused `GetReceiptsFromPeerTask` code,44033,215,204.8046511627907
a859654c8f8f62425c139f29adb6d39cd75e4c09,besu,2026-02-17T13:02:43+10:00,2026,Add smart default for IPv6 interface in dual-stack configuration,44033,215,204.8046511627907
daf2d20c31261479ade8f03a29f18f1cfb2fec53,besu,2026-02-18T20:57:43-08:00,2026,refactor,44033,215,204.8046511627907
8f65eae60d25e4f4200fd9918cd160c5011da7b8,besu,2026-02-24T09:52:37+01:00,2026,Use CPU cache locality and avoid on-CPU cache misses,44033,215,204.8046511627907
ec31af8daaca924570fe795ad807c84333a78169,besu,2026-02-26T10:42:29+10:00,2026,removed L1/L2 distinction and default to max-blobs to null,44033,215,204.8046511627907
be641476ea609da2ff036f7fc2879faf3b208a81,besu,2026-03-27T15:25:43+10:00,2026,Add tests for startLowPriorityTransaction in RocksDB storage,44033,215,204.8046511627907
f2a2f423648a01d4ac5a65cb3320734312bd95ce,besu,2026-04-09T18:28:15-07:00,2026,move block traceEnd prior to trielog write,44033,215,204.8046511627907
d3055a5bb145d2493f334e7acee2152ed1c08c5c,besu,2026-04-19T13:16:32+02:00,2026,Fix data race in BlockchainBasedBlockHashLookup under parallel tx processing,44033,215,204.8046511627907
8209213e4e942202750b01b8a9129d0520d42469,besu,2026-05-04T15:34:14-04:00,2026,"hoooooo boy those links are borked, probably forever",44033,215,204.8046511627907
b90a2e1605c5fe64e0637a5a48d712585f74da81,besu,2026-05-07T20:38:40-05:00,2026,chore(changelog): add eth_baseFee entry,44033,215,204.8046511627907
a300b4d81242634c26c3aeee336e4f495c3fdb89,besu,2026-05-13T11:54:42+02:00,2026,Fix: QBFT produces blocks immediately when transactions arrive during empty block period (#10153),44033,215,204.8046511627907
562c6657ee1e0b11f21b5c7ddccb573a86b4d2df,besu,2026-05-14T17:28:57+10:00,2026,feat: add abstract trie-node methods to FlatDbStrategy with default impls in BonsaiFlatDbStrategy,44033,215,204.8046511627907
2dc5255d31f1218d47941420266e3c8558d8de27,besu,2026-05-15T02:32:42+04:00,2026,fix flaky test on BalStateRootCommitterFactoryTest (#10500),44033,215,204.8046511627907
55df3f7412c84f06a4d0a21ff2701304cdd39612,besu,2026-06-18T11:24:53+10:00,2026,chore(pow-removal): remove remote sealer / PoW job constants from MiningConfiguration.Unstable,44033,215,204.8046511627907
9cf8ce9ef82bfb37fea92bbea6a8d326af00adc8,erigon,2014-03-21T00:04:31+01:00,2014,New tx methods and added new vm to state manager,112240,549,204.44444444444446
25dd46061fc3b732056ea87fe4a9696e160179cc,erigon,2014-04-10T21:03:14-04:00,2014,Added push20,112240,549,204.44444444444446
9e8127accba0d926436d3c0adf65b91149a94783,erigon,2014-05-30T19:51:19+02:00,2014,woops,112240,549,204.44444444444446
0ee258bb75a4b6649f67499884871d4ca774cd1f,erigon,2014-06-11T10:27:58+02:00,2014,Add GasLimit to the block explorer,112240,549,204.44444444444446
cad98dc4d54c37dc2098b781d8f21b1ba5da23bd,erigon,2014-06-26T23:06:04+02:00,2014,update,112240,549,204.44444444444446
5021e0dd83bdb8b23ca3dcc72293c6737e8165a8,erigon,2014-06-27T21:35:26+02:00,2014,VM test framework updated.,112240,549,204.44444444444446
34da3b4fa8133a2042919fe344b7bc656fcad4f2,erigon,2014-07-15T20:35:07+02:00,2014,Moved,112240,549,204.44444444444446
627b7c9fd75c84e0ca3af110b8f64ab5bbda963e,erigon,2014-09-07T10:07:51+02:00,2014,Updated to latest sha3 implementation. Fixes #48,112240,549,204.44444444444446
f55e39cf1ae138f7698d8dce3aeee5eaa3f87a7d,erigon,2014-10-14T13:37:26+02:00,2014,Tests for native function calling,112240,549,204.44444444444446
09841b1c9b2553a4572590128580df37c8fa83ad,erigon,2015-01-04T14:20:16+01:00,2015,Cleaned up some of that util,112240,549,204.44444444444446
7139c1aff7ef9da9131598f7eb67bb0d1ed13b6c,erigon,2015-02-02T07:30:22-06:00,2015,Decrease log level for Sending RPC payload,112240,549,204.44444444444446
1a6b7de0af4f7eb65a9f3d70b010b58d329758bc,erigon,2015-02-02T16:47:18+01:00,2015,removed splitter.qml,112240,549,204.44444444444446
7279a485c24de3f0aaf839e1884151322a97dbf7,erigon,2015-03-15T13:31:40+07:00,2015,CLI: - js subcommand for vm - console for Frontier console interactive REPL - jspath in cli - integrate jeth apiBindings,112240,549,204.44444444444446
c8e9ca048327d7074cfd58137ebf89e065763b71,erigon,2015-03-23T18:27:05+01:00,2015,fixed bad uncles,112240,549,204.44444444444446
fa729a0c55aa4b00c2ac33d0fcee8acabed2f737,erigon,2015-04-20T00:41:50+02:00,2015,miner: go fmt,112240,549,204.44444444444446
054947def77bc2352f90f79206146c93dd5422d0,erigon,2015-05-06T17:38:28+02:00,2015,Add ethash linux & windows build fixes,112240,549,204.44444444444446
6a2fec5309e14df6b5fcd0fb76d5b123565d40d4,erigon,2015-05-06T23:19:14+02:00,2015,"p2p, whisper: use glog for peer-level logging",112240,549,204.44444444444446
67d44519ce4344d5ee5f7cf37dd785ead70e8453,erigon,2015-05-18T10:49:09+02:00,2015,core: bugfix test 2. set => hash map,112240,549,204.44444444444446
9253fc337e4f36029f90f31b1b4e116d0a77ae05,erigon,2015-05-27T00:52:02+02:00,2015,cmd/geth: exit the console cleanly when interrupted,112240,549,204.44444444444446
eedb25b22ac466d8165153589b0e4a7c7de69128,erigon,2015-05-29T19:47:00+03:00,2015,eth/downloader: clean up tests and unused variables,112240,549,204.44444444444446
261a8077c410c50999d662bd1ca871b7ef414909,erigon,2015-06-10T13:07:30+02:00,2015,p2p/discover: deflake TestUDP_successfulPing,112240,549,204.44444444444446
662285074e55a3915f7236a04fec355c3f416eb8,erigon,2015-06-25T15:54:16+02:00,2015,improved logging for IPC connection lifetime management,112240,549,204.44444444444446
29d53b20739645eb6ecab3ef79ecf3518eae6b68,erigon,2015-06-29T13:49:04+03:00,2015,eth/fetcher: don't double filter/fetch the same block,112240,549,204.44444444444446
6be527dd52f0b40da87a6e2dc372fba5a08dd33a,erigon,2015-07-02T15:26:55+02:00,2015,prevent discarding requests when parsing fails,112240,549,204.44444444444446
3be9046c21920abffa3c5ec81d5aabea8e3bab73,erigon,2015-07-04T10:24:52-05:00,2015,Rename local variable for clarity,112240,549,204.44444444444446
cd4cc309ae4ead756cbe58ad564b029e874d9832,erigon,2015-07-04T11:28:30-05:00,2015,Remove redundant function,112240,549,204.44444444444446
98d68cfa91abbfe97cd0544291e39f7376960210,erigon,2015-12-02T16:57:15+02:00,2015,Makefile: enable 64-bit ARM builds on Linux,112240,549,204.44444444444446
071af57bcf516d92a0b56c5bb119d9576d32b5cb,erigon,2016-07-26T12:26:41+03:00,2016,"eth, eth/downloader: don't forward the DAO challenge header",112240,549,204.44444444444446
ed2bc7fbe9a30c1861cffdd7d0fd570847a2ae0c,erigon,2016-11-03T13:44:16+01:00,2016,"build, internal/build: misc improvements (#3229)",112240,549,204.44444444444446
da2a22c384a9b621ec853fe4b1aa651d606cf42b,erigon,2017-01-16T10:57:02+01:00,2017,params: stable 1.5.7,112240,549,204.44444444444446
57bca0af8c51de54b8b0e6a42a9cdcf78a5fac89,erigon,2018-02-14T14:49:53+02:00,2018,containers/docker: bump legacy images to 1.8 branch (#16084),112240,549,204.44444444444446
b1917ac9a3cf4716460bd53a11db40384103e5e2,erigon,2018-03-19T18:00:45+01:00,2018,build: add GOBIN to PATH for gomobile (#16344),112240,549,204.44444444444446
e9b5e22ad121ef2251d1c72526c0994c03d2caf0,erigon,2018-03-26T19:46:37+08:00,2018,rpc: limit chunked requests (#16343),112240,549,204.44444444444446
ee8877509a0a6770688f87c58f42bfdc92dab507,erigon,2018-07-19T13:27:31+02:00,2018,swarm/readme: add link to code review guidelines,112240,549,204.44444444444446
ff22ec31b68c1d7aa5b3be3ad547865d70854efd,erigon,2018-07-26T13:26:53+03:00,2018,build: noop clean during travis debsrc assembly step,112240,549,204.44444444444446
e8f229b82ef99213f8f84b8a71f752b236024494,erigon,2018-08-29T12:21:12+03:00,2018,"cmd, core, eth, miner, params: configurable gas floor and ceil",112240,549,204.44444444444446
b35165555d737042d5f958413827c31a7a5f4805,erigon,2018-11-07T07:30:19-06:00,2018,eth/downloader: remove the expired id directly (#17963),112240,549,204.44444444444446
34c85def3eec09ee50ea2499824aeaa48705eae2,erigon,2019-03-05T23:43:05+07:00,2019,cmd/swarm/swarm-smoke: sliding window test should not time out (#19152),112240,549,204.44444444444446
7504dbd6eb3f62371f86b06b03ffd665690951f2,erigon,2019-03-12T10:40:05+01:00,2019,core/vm: 64 bit memory and gas calculations (#19210),112240,549,204.44444444444446
435020f9b3da3fd964232642613bd0922cd0a21d,erigon,2019-03-25T16:27:46+02:00,2019,core: split trie op metrics from the correct chain metrics,112240,549,204.44444444444446
7f753461cabd5cb6bf404ffda9511893c6435c4d,erigon,2019-05-06T15:42:54+02:00,2019,swarm/pss: disable failing handshake test,112240,549,204.44444444444446
b2fe7f1b0deb70d649705b518924a9bf71b911b3,erigon,2019-06-18T14:55:41+03:00,2019,debug,112240,549,204.44444444444446
ba432bf71ffee5ee5cb87e18aca768ee45f93d90,erigon,2019-07-22T15:32:33+01:00,2019,Resolver to include topLevels,112240,549,204.44444444444446
36994e4e0b2be1362f99048d08b907628088e2bb,erigon,2019-08-12T11:00:38+02:00,2019,all: replace passPHRASE with passWORD in user interactions (#19932),112240,549,204.44444444444446
f592a4d29baeb4d68ede39006b72cde694cc127e,erigon,2019-08-16T16:23:30+01:00,2019,Revert,112240,549,204.44444444444446
ffa90a4510cd87104f1de21379c512901c57bb4c,erigon,2019-11-15T22:18:48Z,2019,Fix lint,112240,549,204.44444444444446
7ce7c3967cf2c8ebf921fd90891a5105909e752c,erigon,2019-12-02T10:29:25+01:00,2019,accounts/abi/bind: fix destructive packing of *big.Int (#20412),112240,549,204.44444444444446
b6ef03089f9318379f6c02ca90bda471a0aa7610,erigon,2019-12-08T17:35:52+01:00,2019,nonce tape 2,112240,549,204.44444444444446
143383b2f84810a4d2fa88e2271f4a7da48da411,erigon,2019-12-16T11:14:42+01:00,2019,added walkthrough of block 1 (#268),112240,549,204.44444444444446
c7abb50551b74c8f858ebedff625195aa621ac71,erigon,2019-12-17T11:33:24Z,2019,Fix lint,112240,549,204.44444444444446
9388d77da9b12fcf0876a7cb6258177f32653399,erigon,2019-12-20T22:23:30Z,2019,bolt vs badger log parser and chart,112240,549,204.44444444444446
2f2bb132a27ad97494b7053e623e31209c317181,erigon,2019-12-24T15:53:46+06:00,2019,fix reusing pointer to memory inside boltdb pages,112240,549,204.44444444444446
8704e8a8fc1ae7f70478a344518a864391b13657,erigon,2020-01-15T11:38:35+01:00,2020,build: fix makefile HOME reference (#20562),112240,549,204.44444444444446
3f2a7df13320f0293c844c73071a5f7bfc875ddf,erigon,2020-01-20T07:20:17Z,2020,Fix witness threshold,112240,549,204.44444444444446
d2b034f7d9a3c854e06c9b0a0a153ef313fc4511,erigon,2020-02-07T18:02:58+03:00,2020,use cobra,112240,549,204.44444444444446
98ef11fa7e5ee3ea3ca0eef702145a839fc84725,erigon,2020-02-11T16:49:24+07:00,2020,fix iterator behaviour,112240,549,204.44444444444446
7fc2194f712c34f9cee716e3fa8051486a90fa49,erigon,2020-02-29T19:10:57+01:00,2020,set tombstone everytime for now to check if it will help,112240,549,204.44444444444446
87a70f43e12b750ce8c4c4b68ebb9fb17a2af02f,erigon,2020-03-06T09:46:00+01:00,2020,fix miss-type,112240,549,204.44444444444446
d7851e635936dc71f649b8836d0afa2e8764edd6,erigon,2020-03-27T13:52:53+01:00,2020,"graphql, node, rpc: fix typos in comments (#20824)",112240,549,204.44444444444446
f0be151349cb1440d119d3c033936e22bcb0724a,erigon,2020-04-01T01:14:42+09:00,2020,README: update private network genesis spec with istanbul (#20841),112240,549,204.44444444444446
94abaf9542740e53a7b7479c02fea7aaebd2d4de,erigon,2020-04-21T16:11:38+08:00,2020,snapshot: add Unlock before return (#20948),112240,549,204.44444444444446
1893266c59c04eb55709b911578767f1ab8a9210,erigon,2020-04-28T16:22:23+08:00,2020,go.mod: upgrade to golang-lru v0.5.4 (#20992),112240,549,204.44444444444446
68d8010a73f9ab54c105cbf529d2925ec0ba1b43,erigon,2020-05-15T11:21:39+01:00,2020,go.mod,112240,549,204.44444444444446
f06db2f37b06bf79b320b1a70fc26d54028bf15d,erigon,2020-05-23T10:19:56+01:00,2020,Stages 6 and 7 for generating history indices (#569),112240,549,204.44444444444446
aa50d5ceb97dc14205ddc1479a60f59a5c468f36,erigon,2020-06-03T16:28:29+03:00,2020,remove a couple of more variables,112240,549,204.44444444444446
45cd3199cad993fa2727ce6cd2f98fbc28ba043d,erigon,2020-07-08T19:39:26+03:00,2020,fixes for linters,112240,549,204.44444444444446
5b7a8a08964648009a530cb4543195ebeb3b77e0,erigon,2020-08-05T23:06:25+01:00,2020,More doc,112240,549,204.44444444444446
0ffe32ae165a0859a72518c8938025cb06dd8d2d,erigon,2020-08-21T08:32:11+02:00,2020,State growth restore (#951),112240,549,204.44444444444446
0dcb92ff718ad24fe52ee302e6e5d70ea80557bc,erigon,2020-08-24T09:05:15+07:00,2020,Add debug logs about tx start/commit,112240,549,204.44444444444446
fa3ee4bf6bcac3ab9591e73c0affb5ae0ac41a5d,erigon,2020-08-24T10:32:12+02:00,2020,eth: utilize sync bloom for getNodeData (#21445),112240,549,204.44444444444446
16d7eae1c8390576057a859ea4330fba895dca40,erigon,2020-08-26T12:20:12+02:00,2020,eth: updated comments (#21490),112240,549,204.44444444444446
0c5bd719f5be06b50f32042fedc61f0abafeb0c7,erigon,2020-08-27T13:45:01+07:00,2020,make all in Dockerfile,112240,549,204.44444444444446
0eee196d6b4f01ed42671f9dd22cf6886e25639d,erigon,2020-09-06T17:35:13+02:00,2020,add identity flag back,112240,549,204.44444444444446
329badfa76aa79f187dba9442d19f05c28795819,erigon,2020-09-09T10:33:20+03:00,2020,params: update CHTs for v1.9.21 release,112240,549,204.44444444444446
1cee37d201cd1855f7eb0f344d7d2679ffd14eb7,erigon,2020-09-09T11:37:17+07:00,2020,kill bolt,112240,549,204.44444444444446
6c2bc655601458fc3b7753e28ac238fbad207754,erigon,2020-09-10T14:35:39+01:00,2020,Fix types again,112240,549,204.44444444444446
1af24a80bd9f1eb977b1adf55d84a9f5c0070252,erigon,2020-09-15T10:37:01+02:00,2020,core/rawdb: single point of maintenance for writing and deleting tx lookup indexes (#21480),112240,549,204.44444444444446
8e09b6775584d58a1ecb202a0e4339e6ebdd54f7,erigon,2020-09-21T10:48:31+03:00,2020,save state,112240,549,204.44444444444446
e55893688b6d549d8fcb6e982ceee86f00d264ac,erigon,2020-09-23T13:03:22+07:00,2020,clean,112240,549,204.44444444444446
834eaedc002f11541d120e3ce280d73a915c3f09,erigon,2020-10-06T20:25:01+01:00,2020,pass_root_ctx_to_p2p_server (#1192),112240,549,204.44444444444446
6bf7f22fd79d2df879aa50c29780be8562773547,erigon,2020-10-13T19:41:42-04:00,2020,Updating as per comments,112240,549,204.44444444444446
ceca1ec34d12058afeae3b2e1b722759c7a28701,erigon,2020-10-14T09:39:58+07:00,2020,fix usage of tx object,112240,549,204.44444444444446
f359527356a1a07baf3854bcd6593473983f66aa,erigon,2020-10-19T21:17:21+02:00,2020,better logs (#1259),112240,549,204.44444444444446
d29eac4be3ec5e813f01ecfe59c1f694ffa3b585,erigon,2020-10-21T16:07:28+01:00,2020,"More log improvments, fix tests",112240,549,204.44444444444446
0a48344dfed49832117658cdab58103a66b1cdb7,erigon,2020-10-31T01:04:38+08:00,2020,"les, p2p/simulations/adapters: fix issues found while simulating les  (#21761)",112240,549,204.44444444444446
b65fa143ed4316e44456f60ff1ef107e944eb9cf,erigon,2020-11-06T22:30:23+07:00,2020,working version,112240,549,204.44444444444446
10f338b8f714846843c8e43a26ed6539d864d703,erigon,2020-11-11T17:18:34Z,2020,Add lmdb guide visualisations (#1348),112240,549,204.44444444444446
76974c0afabc257def069c60176f83ccae9a5034,erigon,2020-11-19T13:54:45+01:00,2020,begin 2020.11.4 release cycle,112240,549,204.44444444444446
18b823a5828dece098c0f18a02ddf883b6ec99f1,erigon,2020-11-23T11:17:58+07:00,2020,squash,112240,549,204.44444444444446
9862a6bed7839deb8eb477e31676f6c651731807,erigon,2020-12-06T11:37:08+07:00,2020,non-working version,112240,549,204.44444444444446
e9386f34f6bc3248bfa8c65f4fdc49e578ff686c,erigon,2020-12-14T14:08:53+01:00,2020,cmd/geth: fixed parallelization flaw in account import test (#22002),112240,549,204.44444444444446
6985515104140f4bf464c5c1476b3c44184f061f,erigon,2021-02-12T17:55:30Z,2021,Change generation accordingly,112240,549,204.44444444444446
2c56381e23eab1c35ade874dcfdd6451619be143,erigon,2021-02-16T15:44:41+07:00,2021,cache re-visit,112240,549,204.44444444444446
a8be8d14a249df4be276da8e0c7e4d5e2370edbf,erigon,2021-02-20T10:17:20+07:00,2021,squash,112240,549,204.44444444444446
5aefc37618b19042d602acd81284a4ab83f42029,erigon,2021-02-22T21:33:11+08:00,2021,les: clean up server handler (#22357),112240,549,204.44444444444446
a4008bab39a9bf6ee9ff5cd6080ed42660eb5c28,erigon,2021-03-09T12:52:48+07:00,2021,add periodical db statistic metrics,112240,549,204.44444444444446
c4ed65892016bb02884f6e045cdd384963aa5396,erigon,2021-03-10T10:08:48+07:00,2021,table stat metrics,112240,549,204.44444444444446
c2bc43e167343f2aa62c6b13b6be05e0ca33ff65,erigon,2021-03-22T18:54:12Z,2021,fix lint,112240,549,204.44444444444446
3bdcc538678d30ba6ab33559d5e79e3d048c5164,erigon,2021-03-24T11:46:56+07:00,2021,mock uncles,112240,549,204.44444444444446
d14fcd84b96ef9962208298448d805e919ee155b,erigon,2021-03-25T09:53:08+07:00,2021,subscription simplify,112240,549,204.44444444444446
146ab8b6a75de8bb14432d0da168ac16ca9add3d,erigon,2021-04-15T14:58:09+07:00,2021,tx pool remove unused import (#19),112240,549,204.44444444444446
d7f8fab631ebceba6b709f840dbc64f5252172e8,erigon,2021-04-20T10:54:26+01:00,2021,Change aleut networkID,112240,549,204.44444444444446
2b4fc5ed5478450c2a45c7f8d92ed9d66689b26f,erigon,2021-04-21T12:38:10+07:00,2021,clean,112240,549,204.44444444444446
1f839f5b5462f791adc32320fe72376667275ac2,erigon,2021-04-22T10:33:34+07:00,2021,Txpool minor fixes (#1778),112240,549,204.44444444444446
e9ca27af6237a7c5e6978f16c7095a514287504a,erigon,2021-04-27T14:57:15+07:00,2021,reborn db metrics,112240,549,204.44444444444446
39d3314b990d54e303458e1c9da8b6831e171a8a,erigon,2021-05-02T12:15:53+01:00,2021,[download.v2] Prevent deadlock by starting txPool early (#1860),112240,549,204.44444444444446
aaa851ecc7380cee99da2c8bd494ee9591abc15a,erigon,2021-05-05T12:49:20+01:00,2021,Reenable call trace index,112240,549,204.44444444444446
8577cea05cf2d09056986bbd54c86d8f96972166,erigon,2021-05-06T10:50:13+07:00,2021,save,112240,549,204.44444444444446
303e1e9d493ec1d44bae019658afc49b6c6c24cd,erigon,2021-05-18T16:55:37+07:00,2021,clean,112240,549,204.44444444444446
781a67a4ee7641bee7d594c06b468556247d0729,erigon,2021-05-19T10:47:28+07:00,2021,Auto-Close db in tests by using t.Cleanup (#1956),112240,549,204.44444444444446
575673789eebb8e76c9e37e6e0a27d77d1591fde,erigon,2021-06-02T19:58:24+03:00,2021,fix lint,112240,549,204.44444444444446
de80f4ca8679327eab8448b27c0911ca29fa2882,erigon,2021-06-03T19:27:35+07:00,2021,faster pruning del and close cursor,112240,549,204.44444444444446
0a4e0d1fa19b568a67780ab089e2fcfa0cc82f74,erigon,2021-06-14T21:52:30+03:00,2021,Various code simplificaitons (#2165),112240,549,204.44444444444446
67461a0f361da7c6070a2582403464836c5e9b29,erigon,2021-06-17T16:04:43+07:00,2021,save,112240,549,204.44444444444446
cb46b4f153d52b7174aebada412f6f2d6cca456b,erigon,2021-06-19T18:27:30+07:00,2021,move mdbx to submodule,112240,549,204.44444444444446
4c15dfeee7f278a1c0a95673e0bc8c9abfd33e19,erigon,2021-06-23T12:58:21+02:00,2021,Update README.md,112240,549,204.44444444444446
54be6013f350b38fb45035133f79cf358541c7a7,erigon,2021-06-27T15:02:20+07:00,2021,save,112240,549,204.44444444444446
ea5abbe0b51b6b6a0a1afd7c7f7b643ba7c3c32b,erigon,2021-07-06T01:53:11+07:00,2021,mdbx: add trace info to open error (#2305),112240,549,204.44444444444446
a78cb541327f4d82bc8d6606ea2dbd71ea2d6a25,erigon,2021-07-07T23:15:49+07:00,2021,step towards kv interface (#2311),112240,549,204.44444444444446
77f9959535ca2437f1440ef59f9f259bd36f8cff,erigon,2021-07-16T17:33:50+07:00,2021,remove stage builder,112240,549,204.44444444444446
574b3fe89d936b515f8a292a64e208580d41968d,erigon,2021-07-31T15:10:42+07:00,2021,extract sender from txSlot,112240,549,204.44444444444446
a24330848602a9fa00075898213d1672d470dd6b,erigon,2021-08-07T12:02:58+07:00,2021,save,112240,549,204.44444444444446
1d11dee5cab5c281675cfa4447566fa3097af1f5,erigon,2021-08-21T22:04:24+07:00,2021,Pool: senders cache - right merging and fallback logic (#2563),112240,549,204.44444444444446
6ede12dd76a0f288d88e1247532c8785e2e2c73b,erigon,2021-08-28T14:54:12+07:00,2021,add state check assert routine,112240,549,204.44444444444446
615f72135217c536e64b41f015c2c26e68d95724,erigon,2021-08-30T11:37:41+07:00,2021,clean,112240,549,204.44444444444446
9363bd977bf299b8cc4b71e6fa11bd28a72ba80c,erigon,2021-08-31T21:06:37+07:00,2021,cgocheck=0,112240,549,204.44444444444446
f043806e4935c1ce0b6a8d635b58a7140c2b573c,erigon,2021-09-02T16:43:53+07:00,2021,merge devel,112240,549,204.44444444444446
5c1fc3bf547f1e983a95c734bdf8ab42a2d848c4,erigon,2021-09-07T17:54:15+02:00,2021,core: 64bit alignment of testBlockChain.gasLimit (#23543),112240,549,204.44444444444446
3af258e9e74f99ed733619260b815163c522ad10,erigon,2021-09-18T21:06:08+07:00,2021,merge devel,112240,549,204.44444444444446
6b586ad634a160c5c993854e2a32b6c8c26dd449,erigon,2021-09-21T11:21:50+07:00,2021,deps up,112240,549,204.44444444444446
b8a4b6e6dc4dff078acd0ae62c20968ea258b4d0,erigon,2021-09-23T21:24:22-04:00,2021,Delete shh_api_deprecated.go,112240,549,204.44444444444446
4b6fd98e59101549996dfb03e83e635f1dd4f8d8,erigon,2021-10-04T09:52:08+07:00,2021,save,112240,549,204.44444444444446
48496e067552bc91c8940fc5acfab7830519e8be,erigon,2021-10-07T16:51:14+03:00,2021,internal/ethapi: use correct signer when serving old blocks (#23683),112240,549,204.44444444444446
e9ae9bfe6b47c35a183f0ae19ec9f5aa5216b69f,erigon,2021-10-21T12:42:30+01:00,2021,Committing to debug pending txs in erigon-lib submodule,112240,549,204.44444444444446
374ae18af12c833cdb867d02378bfaddb218787a,erigon,2021-11-04T08:42:31Z,2021,Update go.sum,112240,549,204.44444444444446
e12f8fdee802df804708db7aaf0b0b11a9731e78,erigon,2021-11-09T20:07:23+01:00,2021,dropped eth65,112240,549,204.44444444444446
a902880e99c5e46d23124ef702298b151d13ce7e,erigon,2021-11-15T11:07:57+08:00,2021,Refactor sentry peers (#2961),112240,549,204.44444444444446
0b6a70cd541c9f42ef7b14170406a0c7b2cdffe2,erigon,2021-11-15T15:36:08+08:00,2021,Avoid a redundant rlpHash() in TxFetcher.Enqueue,112240,549,204.44444444444446
d44f0bd71b9b74263cd986c2ca17b56a6aabf358,erigon,2021-11-18T16:38:45+07:00,2021,save,112240,549,204.44444444444446
d1d8f69122c88feae31125f9666b4e96ac79e991,erigon,2021-11-30T16:01:14Z,2021,Introduce check option,112240,549,204.44444444444446
684786fd801ba80d85ea0d8ea16c0fea0540e724,erigon,2021-12-02T07:57:52+07:00,2021,Update README.md,112240,549,204.44444444444446
683301c72bd0b910fc8b3382a2433ff548ad88c2,erigon,2021-12-03T10:42:38+01:00,2021,clean,112240,549,204.44444444444446
7c790cac4d1fcf14eeb10d5fe32676b1ec77a0ca,erigon,2021-12-03T12:36:52Z,2021,eth_getLogs to start from latest by default (#3079),112240,549,204.44444444444446
1c184890f3505538466c0a877d9ba733f4ecb3aa,erigon,2022-01-07T16:14:32+07:00,2022,create idx in tmpdir,112240,549,204.44444444444446
0935c76bf14715ea24f2a5039ceacf8fe1e53681,erigon,2022-01-09T19:06:52+01:00,2022,bug in stage headers unwind fixed for POS,112240,549,204.44444444444446
9cf11626063ff9698783948783d01bedb4f905ea,erigon,2022-01-13T18:07:28+05:30,2022,update rpc readme,112240,549,204.44444444444446
76e7d8a65e3aa7161420fcbf09c335b0149a0030,erigon,2022-01-18T18:07:08Z,2022,"Remove copy functions, introduce balance increase map",112240,549,204.44444444444446
df2fa4205d60e6c04adf846e3d94c230ae5b826c,erigon,2022-02-05T19:28:10+03:00,2022,reset header algos,112240,549,204.44444444444446
2755af2345fdf523c8cbdd26ff8898c858e62d9f,erigon,2022-02-18T09:55:39+07:00,2022,more_stable_grpc_err_check (#3542),112240,549,204.44444444444446
9d6a1c6235be2b3dc4a4559b15977320a316c565,erigon,2022-02-24T14:12:16+07:00,2022,snapshots: fix indexing of recently merged range,112240,549,204.44444444444446
37f65ae544162a5fd320d53a25bc7198751ff369,erigon,2022-03-05T15:39:25Z,2022,typo and code consistency,112240,549,204.44444444444446
a7eba6d7ef9ff7adc91502f4d0663301dca16a5d,erigon,2022-03-07T10:40:12+07:00,2022,save,112240,549,204.44444444444446
b003d07839ba0345222a309468fd691402a531c6,erigon,2022-03-10T14:48:58+07:00,2022, Add system-txs to begin end of block (#3654),112240,549,204.44444444444446
04f07a0f0850aef70b36d102203eeb9fae310fea,erigon,2022-03-10T14:57:25+01:00,2022,Discovery: split node records to a sepatate DB table (#3581) (#3667),112240,549,204.44444444444446
f7973a3f75a7dd39140739c965d41a89a8bcb9ea,erigon,2022-03-19T15:35:55Z,2022,unnecessary redeclaration;,112240,549,204.44444444444446
1184107f0570a19828dd3ae659c78b013b59f51d,erigon,2022-03-25T21:51:17Z,2022,Change API,112240,549,204.44444444444446
58f23b81193b1dbd663c04f340d38b88d3693c91,erigon,2022-03-27T09:47:36+01:00,2022,Update version.go (#3776),112240,549,204.44444444444446
4016a1a3f580e0805b4a41c7ecc51c804c4d6685,erigon,2022-03-27T09:56:23+07:00,2022,save,112240,549,204.44444444444446
da1809c208b40bf03303e5bf67165840c43705e3,erigon,2022-04-05T14:24:12+07:00,2022,grpc up,112240,549,204.44444444444446
b6d70f23cf77aecb5471e8b98ffa8c68b262d10d,erigon,2022-04-12T22:21:40+07:00,2022,recompress,112240,549,204.44444444444446
62f52909f31ca0f10abc02ad3ef43b3e53ad1bf6,erigon,2022-04-27T12:08:26+07:00,2022,Update README.md (#3987),112240,549,204.44444444444446
7b24090408d72e10187ad1662771752a166f1cc9,erigon,2022-04-27T21:12:42+01:00,2022,Update skip_analysis.go (#4003),112240,549,204.44444444444446
f98db2eeefceaf640d4df4177f14ad9cc9557559,erigon,2022-05-19T11:07:25+07:00,2022,save,112240,549,204.44444444444446
e0fd64616d93e519b4bdd4c6cb7cac893830c277,erigon,2022-05-21T08:43:23+01:00,2022,Replace the lock,112240,549,204.44444444444446
e6d7e3f74007714392f187abd8b0a1af8f7bea77,erigon,2022-06-04T22:25:23+01:00,2022,Fix,112240,549,204.44444444444446
b65a135a7ef416c45dbeb6455eea4d166bb5963f,erigon,2022-06-08T16:18:44+01:00,2022,Introduce historical reads,112240,549,204.44444444444446
c42e5596d82be40fe7ff04f24382d740aa454716,erigon,2022-06-13T19:33:19+01:00,2022,Upgate to erigon-lib main,112240,549,204.44444444444446
0ddac414d84f15ab7f4e1e518a790c4365084f1b,erigon,2022-06-14T16:18:06+01:00,2022,Clean up,112240,549,204.44444444444446
5e2f6bb2dbd4aff2af392a5489cd6e4261e0fae6,erigon,2022-06-24T12:11:38+04:00,2022,Fix/new eth filters (#4504),112240,549,204.44444444444446
211dbfbb7505c93285a9839dbf4dae9b8b46f359,erigon,2022-07-14T11:01:57+01:00,2022,fix(#4543): BeginRo use semaphore (erigon-lib bump) (#4712),112240,549,204.44444444444446
34b1737f72115a65e9ae5839418925f9fcfcb69d,erigon,2022-07-18T14:33:55+03:00,2022,"Revert ""passed in var""",112240,549,204.44444444444446
59dda485673c509ae3996ec82feaed072480a217,erigon,2022-07-19T05:11:37+04:00,2022,eth: replace maps with etl.Collectors (#4707),112240,549,204.44444444444446
60a17e9d763ce282adb5faaa3cd961288eb30996,erigon,2022-08-04T12:26:20+07:00,2022,save,112240,549,204.44444444444446
f560f3788f9fff593037aeaae73d7c8c618ba8b6,erigon,2022-08-09T01:03:39-07:00,2022,HeaderByHash segment loop should break on result (#4969),112240,549,204.44444444444446
c5cb12e25c33d2c62af7ac5c1b3634c7f411b925,erigon,2022-08-12T17:49:53+07:00,2022,save,112240,549,204.44444444444446
b3bd81dc4d119a37396db9a3decab96849b68d33,erigon,2022-08-13T15:04:41-04:00,2022,feat: Dockerfile apk add curl jq,112240,549,204.44444444444446
abbe4b4d33d14311d5bc0c87c919ca3fac52a06b,erigon,2022-08-15T08:29:45+01:00,2022,Fix,112240,549,204.44444444444446
58b5a0342a35cef926d236a19893e84e0e575682,erigon,2022-08-19T11:30:20+07:00,2022,save,112240,549,204.44444444444446
88dbb318656e3ff5ffda44b88943edd8583d89fb,erigon,2022-09-09T14:04:52+07:00,2022,save,112240,549,204.44444444444446
600837a23f938aacddf1361aac4f0804192b3a54,erigon,2022-09-13T12:34:02-07:00,2022,"Apply BSC Gibbs upgrade (for Chapel, Rialto) (#5359)",112240,549,204.44444444444446
b0a298348b0a8b09391da0df830204a0d828dace,erigon,2022-09-27T10:37:14+07:00,2022,save,112240,549,204.44444444444446
09f0588e219baf3f3fa1383103c0e04e57523def,erigon,2022-10-03T07:00:30+01:00,2022,Print,112240,549,204.44444444444446
05a8a62aa93ebc3c294e6bc1749e473e989b45c2,erigon,2022-10-05T10:08:38+07:00,2022,save,112240,549,204.44444444444446
b405dfdff7e4259fb090eba953f5989e53896d7a,erigon,2022-10-06T20:06:03+01:00,2022,Added separate logging to devnet nodes (#5618),112240,549,204.44444444444446
3428120ed7f9d2a542f23540d54e8368a16fa92c,erigon,2022-10-08T19:45:49+01:00,2022,bumped erigon-lib version,112240,549,204.44444444444446
036e2f529e73c425488da8497958108fb11bb18c,erigon,2022-10-15T02:16:56+02:00,2022,maybe unstuck,112240,549,204.44444444444446
30dda947b0c5827c6e67f0bb9f701819211bd97a,erigon,2022-10-25T13:03:13+07:00,2022,save,112240,549,204.44444444444446
c8666ae37b9c73c620430c77d7e0eae7234f0c12,erigon,2022-10-25T13:48:24+07:00,2022,save,112240,549,204.44444444444446
b2e1ad39709dac0f10219fb0f1bc2f29eeb47de5,erigon,2022-10-26T21:19:53+07:00,2022,"Initial eip-4844 work: blob, tx interface, etc.",112240,549,204.44444444444446
f70e83a438dd99764ce3c0229babe092ca783b9d,erigon,2022-11-07T11:36:48+07:00,2022,save,112240,549,204.44444444444446
ea1edf4a11a53e70ce7bdb015ad368ee12d564e8,erigon,2022-11-10T15:37:16Z,2022,trace json error fix (#6014),112240,549,204.44444444444446
29723db1891673391ba6edd21fb7ddba3528300f,erigon,2022-11-16T12:09:58+01:00,2022,Update erigon-lib,112240,549,204.44444444444446
528b340d5b5011edc806ffe172d35d2eafe64c8e,erigon,2022-11-16T15:45:20-07:00,2022,core/vm: don't validate code if EOF parse fails,112240,549,204.44444444444446
591c2c5ff4c885deecfc0590525645cc6710bf1c,erigon,2022-11-16T19:12:02+03:00,2022,e3: disalbe ci test (#6064),112240,549,204.44444444444446
83994bf0c8e39e032a71da5162eb286963fc83ef,erigon,2022-11-17T15:29:45+03:00,2022,save,112240,549,204.44444444444446
10cf1bfe0887bbe63a7bda49e7e03bd7585456df,erigon,2022-11-21T00:47:49Z,2022,Progress so far,112240,549,204.44444444444446
6cf3af8208810f04440f14875dc4a4ec818adabc,erigon,2022-11-22T10:49:33+07:00,2022,e3: some recon logs (#6107),112240,549,204.44444444444446
85212b4774d262cb87ad7f87805361855729a3e3,erigon,2022-11-30T08:36:29+07:00,2022,bsc: more static peers (#6150),112240,549,204.44444444444446
99f28cd5ea029aba6d1a4f1b7a4ff151b1da7874,erigon,2022-12-04T18:32:32+07:00,2022,save,112240,549,204.44444444444446
4e25872e91faf83614854089cecb8557be7f9d74,erigon,2022-12-06T10:11:03+07:00,2022,e3: use fact that lifecycle of readList smaller than State22 and RoTx  (#6212),112240,549,204.44444444444446
6fbc90f51c33e283ada243f847e7f52870a31db5,erigon,2022-12-12T18:51:29+02:00,2022,core/vm: mark `CALLCODE` & `SELFDESTRUCT` as legacyOnly based on EIP3670,112240,549,204.44444444444446
895fe97f2944246a312dc9d863ded71c97b5d1a5,erigon,2022-12-16T13:13:18+07:00,2022,e3: fix devel overlap tx (#6334),112240,549,204.44444444444446
4ef39ea43ccdf05b02a0d6733d8da328d249c242,erigon,2022-12-18T09:23:11+07:00,2022,unify logs a bit (#6354),112240,549,204.44444444444446
5aa9051d14c9b0fbeb519455c22b5b1c96deb787,erigon,2022-12-21T11:45:23+07:00,2022,save,112240,549,204.44444444444446
9b8212783f19eb1231a8edfb4b284d86138f4193,erigon,2022-12-23T15:55:11Z,2022,Fix tracers tests,112240,549,204.44444444444446
18e54519e3f08ac81b6014fca8bbe8ccd0ec982b,erigon,2022-12-29T08:06:52-08:00,2022,use time-based forking for sharding,112240,549,204.44444444444446
00de003302e8fc001729d87badd82b29c460cb71,erigon,2023-01-03T11:48:38-07:00,2023,core/vm: clean up eof validation,112240,549,204.44444444444446
f8918023b1fa51892ec5364aa2fadd1eeb69c91c,erigon,2023-01-09T15:03:15-08:00,2023,Define the eth_getProof structures in a common location which can be imported by cmd/rpcdaemon/commands/eth_call.go and by turbo/trie/trie_root.go.,112240,549,204.44444444444446
8603228e21482e13b11682472e76a8d6183cd322,erigon,2023-01-22T16:35:44+01:00,2023,fixed data race,112240,549,204.44444444444446
539eaf0a516ead0ac9fb1f2d727224def98c65cc,erigon,2023-01-24T11:18:32+07:00,2023,e3: prepare trace_transaction env without execution (#6675),112240,549,204.44444444444446
8663a835adebb6c978d2e3a8e1a3885c4ae0ca4f,erigon,2023-01-26T11:53:50+01:00,2023,common.Address & Hash in AccessTuple (#856),112240,549,204.44444444444446
aa35a792bb8ec45e709037ec43ea7a4a32b651d4,erigon,2023-02-09T14:30:05+07:00,2023,clean,112240,549,204.44444444444446
75c06c45c7dca6c382936dac5b5363c24d50a8ff,erigon,2023-02-13T20:55:24Z,2023,Bump github.com/pion/dtls/v2 from 2.1.5 to 2.2.4,112240,549,204.44444444444446
ed0522e923b22f4ef2ea338f5cdca355bc1ce627,erigon,2023-02-15T02:26:00+01:00,2023,fixed ein bisschen,112240,549,204.44444444444446
30a884bf0be3381b638c2a3b651aa71377769d2d,erigon,2023-03-08T18:13:19Z,2023,made it runnable,112240,549,204.44444444444446
48c80b68845aacacbd66bc561fb2f29dca2c639d,erigon,2023-03-10T12:17:00+07:00,2023,save,112240,549,204.44444444444446
cad430b3c3a55410b6ba30f9cc37da74186fcd6f,erigon,2023-03-10T19:21:10Z,2023,e4: added some metrics to code (#7078),112240,549,204.44444444444446
49e84bfb32d9cb6d184967a27a4de45f7b2e25b3,erigon,2023-03-25T11:25:13+01:00,2023,added first instance of a changeset,112240,549,204.44444444444446
d74be737acc7e55988a846e82789f318e61488d5,erigon,2023-03-28T05:38:33+01:00,2023,remove uber atomic,112240,549,204.44444444444446
9c3579dd1d8d4c5410a36dba0f0a40455c2db843,erigon,2023-03-29T18:15:02+02:00,2023,Aaa,112240,549,204.44444444444446
a87efca2af4efc49604426069af22b3f095ac4f5,erigon,2023-04-02T16:27:38+07:00,2023,save,112240,549,204.44444444444446
19e1f42dc4801a66b3be03bc16d0f896181c2e15,erigon,2023-04-04T15:27:37+07:00,2023,save,112240,549,204.44444444444446
a49ac351331b8c1b1df37c104f3e69bdd4f9c8fe,erigon,2023-05-05T19:09:21+01:00,2023,Restrict failing test from windows again,112240,549,204.44444444444446
f50a99fd08fbd4cd30095ad0efe176369df5d2f9,erigon,2023-05-07T09:12:27-05:00,2023,simplify,112240,549,204.44444444444446
f38ec1e7726068fa694480ef0d6fe0f1e46683b3,erigon,2023-05-09T18:11:31+01:00,2023,"[devnet tool] side-quest: logging, step 3 (#7471)",112240,549,204.44444444444446
0c50a022f7dbf2d892afd7a69592c9dc0bb22bdc,erigon,2023-05-15T14:43:39+01:00,2023,Logging in more stages is separated,112240,549,204.44444444444446
fd060d72d620e3c6a679759e8b84389cf0f9bc04,erigon,2023-05-17T10:38:21+06:00,2023,try,112240,549,204.44444444444446
74360c75a650a0c1150d30d3927b945902f8d5da,erigon,2023-05-24T14:46:26+07:00,2023,save,112240,549,204.44444444444446
4cf0b6459ad10e7dc866b663f1ad1b52bfb9168d,erigon,2023-05-26T21:43:57+05:30,2023,parameters added for header downloader monitor,112240,549,204.44444444444446
873b2d84fb2323ac192ca9eac4619140456256a3,erigon,2023-06-01T10:03:16+07:00,2023,save,112240,549,204.44444444444446
36042391eabf35108fadb8a466e02fa7801f090f,erigon,2023-06-03T15:38:05+07:00,2023,save,112240,549,204.44444444444446
e4911f39a91afa6f62b21380a3214f55b1b88006,erigon,2023-06-04T21:14:05-05:00,2023,split interface more,112240,549,204.44444444444446
05850bbada52707b77fb2eb273e8c4a663757eb8,erigon,2023-06-13T09:30:40+07:00,2023,save,112240,549,204.44444444444446
6acd9ef8e838635c91b5bf296e011ffcf3457929,erigon,2023-06-13T12:13:20+07:00,2023,save,112240,549,204.44444444444446
fbf393dd0bf3fc3c7191b955279920c3dfd48d3b,erigon,2023-07-04T14:07:25+07:00,2023,save,112240,549,204.44444444444446
63ba140263de4fb21120541ef5684cfe8267a092,erigon,2023-07-05T15:52:01+07:00,2023,save,112240,549,204.44444444444446
9ba008dd1421c9a928e913ce28db64f8219e621b,erigon,2023-07-06T13:29:57+07:00,2023,save,112240,549,204.44444444444446
6272559fb7aa4914f3d62f2fcd600d833c079c00,erigon,2023-07-10T19:22:03+02:00,2023,Separated PendingBlock behaviour to be chain agnostic (#7859),112240,549,204.44444444444446
7b8e1abc73fda2fbae1fe2e06668482fcd6cecef,erigon,2023-07-11T09:47:59+07:00,2023,save,112240,549,204.44444444444446
da9959343412dd1ebd1d373c9779677cad0644c4,erigon,2023-07-16T09:53:36+01:00,2023,More,112240,549,204.44444444444446
7c858f185c239b2bf3eedc835bbc05e16bbd5d8f,erigon,2023-07-19T14:30:29-05:00,2023,start on domnios,112240,549,204.44444444444446
db0799a58704f58cca91c5bb84a91570412cca9b,erigon,2023-07-26T18:44:44+07:00,2023,save,112240,549,204.44444444444446
a78c9c5bc88442fcc3a8b7f6cdd2a3482cd3fd01,erigon,2023-07-29T20:04:33-05:00,2023,sz,112240,549,204.44444444444446
2a73b5569e8782d9bf4d3f812fe9d11bab5f9f98,erigon,2023-08-03T13:34:03+01:00,2023,Remove prints,112240,549,204.44444444444446
c7945e96c645cf2762de138b7c325eafd1cb9de4,erigon,2023-08-11T17:33:29-05:00,2023,wip,112240,549,204.44444444444446
2b6e1e6a62d85df40ff3608f0b96c49f67b267f3,erigon,2023-08-25T09:51:07+02:00,2023,Skip failing TestBlockchainEIP,112240,549,204.44444444444446
b0a2cd65308d55e03be87e8712e1df28b0f59d45,erigon,2023-08-25T11:20:09+07:00,2023,save,112240,549,204.44444444444446
f0f0f33b019aaf0101d226e3196acc3b1ae94487,erigon,2023-08-28T14:26:28+07:00,2023,try commit,112240,549,204.44444444444446
84788d6490e3b88600392a27fd2d42c07260e6e8,erigon,2023-08-31T12:03:29+07:00,2023,merge devel,112240,549,204.44444444444446
c114e94d62932f61a069540056ac58a479ded190,erigon,2023-09-01T10:54:15+07:00,2023,merge devel,112240,549,204.44444444444446
47e50d2294d12007d6aa2e84b91c53251a6008f0,erigon,2023-09-03T12:19:06+07:00,2023,save,112240,549,204.44444444444446
afbfa79b55cdcdfe4f50b268a0c27abe4bb6bd0c,erigon,2023-09-21T16:12:55+02:00,2023,save,112240,549,204.44444444444446
f7e0ae860580c4c027831213429f34ba1dd4ed7a,erigon,2023-09-30T03:47:05+05:30,2023,Lint,112240,549,204.44444444444446
82c9efec8d70cbf997a555d755a8ee4767a8e793,erigon,2023-09-30T15:04:54+07:00,2023,save,112240,549,204.44444444444446
9e5697fdbfed6e85baa1c2b8d7fb67af87bd165f,erigon,2023-10-03T10:45:41+07:00,2023,save,112240,549,204.44444444444446
afbfb8ba3de2463c5798c0b2b27ffa1720539d16,erigon,2023-10-03T14:00:39+05:30,2023,renamed KnownAccounts to KnownAccountStorageConditions and Value to KnownAccountStorageCondition,112240,549,204.44444444444446
854f0ef912e727ecdb90630520fcfbcaf57cd789,erigon,2023-10-03T14:37:34+07:00,2023,save,112240,549,204.44444444444446
aab72a9c0420e37be443181f853c47d2222eadd7,erigon,2023-10-09T16:08:27+07:00,2023,save,112240,549,204.44444444444446
992faea25152332c0ef57aff16273895ca15d3dc,erigon,2023-10-09T22:49:30+02:00,2023,add new test,112240,549,204.44444444444446
48faacfa7055f73b53e5b2c4ddfcd4ddd743d818,erigon,2023-10-17T12:01:12+07:00,2023,save,112240,549,204.44444444444446
7fed77796ff296bcecd5f7396137cb5e949aab19,erigon,2023-10-19T10:31:14+02:00,2023,"Revert ""Simplify RLP size calculations (#8506)""",112240,549,204.44444444444446
f622c52520a6d92608a95c55d5e33f42959f0bd4,erigon,2023-10-24T13:23:57+02:00,2023,save,112240,549,204.44444444444446
d61649b14fc2ea80b48e9c56ce9aaf9f997fc499,erigon,2023-11-02T18:56:29+08:00,2023,fix vm bugs,112240,549,204.44444444444446
ea3f9a0a7e1675f4f8805c6fd78f134661cb1446,erigon,2023-11-12T10:34:55+03:00,2023,save,112240,549,204.44444444444446
27a1d6dfaa6f8c60cdfb2ddc0720c073822e4fa4,erigon,2023-11-21T09:56:59+07:00,2023,save,112240,549,204.44444444444446
754276909b673fdeef4503f5a7880198ccd9bfb9,erigon,2023-12-06T19:12:43+07:00,2023,"bor snaps: ""erigon snapshots retire"" to build bor files   (#8912)",112240,549,204.44444444444446
a94fda0c3bf4653be120800d0ddac45e702d2a88,erigon,2023-12-09T15:50:03+07:00,2023,save,112240,549,204.44444444444446
a0bfe61883fe7132dd4b16ed85342ccba6c5d565,erigon,2023-12-21T10:27:12+07:00,2023,merge devel,112240,549,204.44444444444446
eaf0348bd07b61cbb9f68375c3d83bda800a44a9,erigon,2023-12-25T02:34:13+01:00,2023,"[Grindmas] Added tests to Beacon API, also fixed stuff.  (#9074)",112240,549,204.44444444444446
f270218f1102611d101176186511edc819d61606,erigon,2024-01-08T09:42:24+01:00,2024,save,112240,549,204.44444444444446
ac41ba89119c0cfc45ed1172593ab0cde7b5e2c3,erigon,2024-01-23T13:17:14Z,2024,hmm,112240,549,204.44444444444446
338834b253f6cabf989e28f1938651f8b0c5c905,erigon,2024-01-24T16:04:23+02:00,2024,testing and fixes,112240,549,204.44444444444446
65e27987b851e8513db1227b7b23fe6589fe10e8,erigon,2024-01-31T14:24:13+07:00,2024,save,112240,549,204.44444444444446
7b16d02ce3d2a7d4ec97022a554a35e4a8db4bce,erigon,2024-02-06T11:14:57+02:00,2024,fix cardona genesis (#106),112240,549,204.44444444444446
6b23ff74592c6b231cf08e532f74e190f87266f3,erigon,2024-02-10T14:07:30+01:00,2024,save,112240,549,204.44444444444446
50acf1fd41084f6cdf96c989312af27306b7e0a3,erigon,2024-02-10T16:18:21+01:00,2024,fix: update broken link to gnosis,112240,549,204.44444444444446
a8ca0afea93c8f949753dbc8a63118314dd2f535,erigon,2024-02-12T14:48:43+01:00,2024,save,112240,549,204.44444444444446
2a012f45792589a6d6d3825bc6b7f279512c6ae8,erigon,2024-02-13T02:14:56+01:00,2024,save,112240,549,204.44444444444446
ab506a32315a656f54f2afda40a7f6cc68e77592,erigon,2024-02-14T22:15:04+01:00,2024,sav3,112240,549,204.44444444444446
83e876b3e22f171f602444183f27a64b4a588925,erigon,2024-02-16T21:24:10+05:30,2024,tidy up imports,112240,549,204.44444444444446
5824bc9098b4d9991724effb15c0a9f035fea959,erigon,2024-02-17T17:22:43+01:00,2024,save,112240,549,204.44444444444446
e3eb7e40f079155d650b06b07ce3c0093dd6aa46,erigon,2024-02-27T16:35:40+05:30,2024,polygon/sync: use header downloader interface (#9520),112240,549,204.44444444444446
bca610507e3f692b78485acb7b0f18a895fa2f1f,erigon,2024-02-28T15:51:44+07:00,2024,don't filter out e3 files (#9423),112240,549,204.44444444444446
b73eaee53366aa650416b8010954b4f46e1f6471,erigon,2024-02-29T12:01:03Z,2024,sequential requests sent to peer,112240,549,204.44444444444446
258901debb0b7bf3e35a1c6cef11e3a9be29725e,erigon,2024-02-29T20:28:53+08:00,2024,fix: typo in turbo/app/README.md,112240,549,204.44444444444446
1f22ad72ef553a118df3f0fa3d908a7af92b5f01,erigon,2024-03-01T02:04:34+01:00,2024,save,112240,549,204.44444444444446
1cfc375d9eb53bd3ed5215688fd695216a783f1a,erigon,2024-03-14T18:37:22Z,2024,lookupByShortenedKey,112240,549,204.44444444444446
a6838c1d4f7147a63ef81c4eeb7b44326e907337,erigon,2024-03-22T09:15:46+07:00,2024,save,112240,549,204.44444444444446
f4aefdc32a711d8b776673934ab1d9bb5f02025f,erigon,2024-03-22T10:45:14+01:00,2024,Fix new_heads Events Emission on Block Forks (#9738),112240,549,204.44444444444446
20ea57b71576f090846ff9a69330f383e42cb952,erigon,2024-03-23T02:37:11+01:00,2024,save,112240,549,204.44444444444446
7a4edb2ac2c8e9989ad7cd4cf8024fff54c58287,erigon,2024-03-23T17:09:33+01:00,2024,save,112240,549,204.44444444444446
dd535196feda43923123c0e969e331d87eb02bc7,erigon,2024-04-08T16:32:24+02:00,2024,polygon/p2p: fix issues found during testing (#9872),112240,549,204.44444444444446
9ac330afcfcb2d5872aaff343ff3d3881469569f,erigon,2024-04-08T20:48:46+02:00,2024,save,112240,549,204.44444444444446
bd15c617773e72c9cc9921c07ddefa67eca4272b,erigon,2024-04-12T12:06:39+07:00,2024,save,112240,549,204.44444444444446
c7e0660c3d9e5144f4318ae48ae1121febdb6eff,erigon,2024-04-12T13:03:10+02:00,2024,save,112240,549,204.44444444444446
cd315fa92dfbc563452fabcfc5ba830ace59f40b,erigon,2024-04-16T16:06:54+03:00,2024,Feat/gas price calculation (#299),112240,549,204.44444444444446
1cb32c94f794781c9f4e01fe182b9c433b78aba7,erigon,2024-04-19T18:18:10+07:00,2024,save,112240,549,204.44444444444446
84ce8c514f38dbe3c4028a1ab61d0782a6d8d27c,erigon,2024-04-24T13:37:32+02:00,2024,save,112240,549,204.44444444444446
4af6fabf18ccd844f1e1c26063d542f0dd59fa77,erigon,2024-04-24T21:11:58+03:00,2024,eth/stagedsync: add skeleton for new polygon sync stage (#10047),112240,549,204.44444444444446
af8eb48856b6387cfb3f4ba732e6dd83e09676ef,erigon,2024-04-25T17:49:36+01:00,2024,pool for branch encodings,112240,549,204.44444444444446
72cf4cc79374cca4f60c0f0deda5c2c125bdfe0f,erigon,2024-04-26T08:08:12+01:00,2024,Fork Enablement: fix + test (#339),112240,549,204.44444444444446
b4002a851e6543f64de69cfa573b7aafe8d5ddf3,erigon,2024-04-26T15:03:10+02:00,2024,save,112240,549,204.44444444444446
287e4a2fb21e12f700acd31ec613011b41d7bfd8,erigon,2024-04-29T16:31:26+02:00,2024,"Revert ""mdbx: pre-open read pagesize from db"" (#10125)",112240,549,204.44444444444446
953a2fb18329260be1e6d7664adf112bdace6a28,erigon,2024-04-29T19:11:54+05:00,2024,dividing flags into categories,112240,549,204.44444444444446
ce242567b6fd82626b0c58d98d51398f8b1560eb,erigon,2024-05-01T12:59:30+02:00,2024,Turn NoPruneContracts into DepositContract (#10062),112240,549,204.44444444444446
1d8fba625e76db73b3d5ca5b73c344a7198e3f09,erigon,2024-05-10T18:01:59+01:00,2024,added snapshot files downloaded stats (#10277),112240,549,204.44444444444446
25d8b8c4689e8ffdfbedfadc7c2306184961f7c1,erigon,2024-05-14T10:42:37+02:00,2024,save,112240,549,204.44444444444446
0da8305c56613a25619d8a8112f5e6d129c6edfa,erigon,2024-05-15T00:41:35+02:00,2024,save,112240,549,204.44444444444446
6549a017e58b9678377178db0d5e8854f511046d,erigon,2024-05-16T19:23:55+02:00,2024,save,112240,549,204.44444444444446
1b6f3d46bfc019d6826fd01eab633cbf4944cc61,erigon,2024-05-20T06:22:45-03:00,2024,Fix nil check causing panic during files merge,112240,549,204.44444444444446
5d57b9d03473e02ae26b3646eafe65a07efb7261,erigon,2024-05-20T20:03:08+07:00,2024,save,112240,549,204.44444444444446
b3053d3f1919041442dc87ec14ee0b9856173e0c,erigon,2024-05-22T15:22:10+08:00,2024,err handle,112240,549,204.44444444444446
f3c2f5decb10243dc370925ec89da5927a22561a,erigon,2024-06-02T22:57:47+02:00,2024,save,112240,549,204.44444444444446
44e595b2da9620d960ca9fc635af396e2a6f2bc6,erigon,2024-06-05T15:03:24+01:00,2024,do not panic when executor is not available (#557),112240,549,204.44444444444446
1c8bb902dd91f1f49f0dc0d031b912630c0df7d8,erigon,2024-06-09T22:42:48-07:00,2024,"Update tests with proper comparison, Fix SyncMap, improve readability",112240,549,204.44444444444446
5415c6f44a778b48a7388d639c7de8dce238ecb5,erigon,2024-06-10T11:56:54+07:00,2024,save,112240,549,204.44444444444446
ca3600455f5e491867421a808638cee508c9f10b,erigon,2024-06-12T15:49:21+07:00,2024,save,112240,549,204.44444444444446
6847aeb52aa23cda806d555c1ed18823e43f5070,erigon,2024-06-13T13:54:25+02:00,2024,Fix nightly bridge erc20 test (#613),112240,549,204.44444444444446
4e4c12984a3f11a931531f74f8f9eea02afb2891,erigon,2024-06-13T14:41:15+03:00,2024,set initial forkid to datastream client (#611),112240,549,204.44444444444446
194bd72655cdad9e07097cc31142308e0fd5cc80,erigon,2024-06-13T19:21:00+02:00,2024,E3: Remove HistRange-Based unwind (#10714),112240,549,204.44444444444446
aeded082cd8aa71a44ee3e30516183d5f700d963,erigon,2024-06-21T14:28:21+07:00,2024,save,112240,549,204.44444444444446
c1a692e9975d5afbf05a2842b59eed499c4c5396,erigon,2024-06-24T20:14:23+01:00,2024,save,112240,549,204.44444444444446
28f83d19a3ff5548abe1867b81b365bdee899014,erigon,2024-07-03T20:39:11+03:00,2024,execute-sload-sstore-during-errors (#695),112240,549,204.44444444444446
fd4f1acf3b9e4ddd89115369b97a6776fdf9fe55,erigon,2024-07-04T19:40:50+07:00,2024,dl: additional pre-check for having info  (#11012),112240,549,204.44444444444446
3401510e745a7b87403a0ca38ae31a561ae9243d,erigon,2024-07-08T02:43:26-06:00,2024,fix regression in json encoding of stack values in traces due to change of uint256 String() method (#11061),112240,549,204.44444444444446
d97d516b0f1884e92960c9620c7a5b43d8248a18,erigon,2024-07-09T17:32:02+07:00,2024,save,112240,549,204.44444444444446
fb1260c2a67264c37d1174f853b9a49d248c6410,erigon,2024-07-12T15:00:43+02:00,2024,save,112240,549,204.44444444444446
a2830914f89bc08297fb85646d9466898d46603a,erigon,2024-07-15T11:57:40+07:00,2024,save,112240,549,204.44444444444446
c0165cc3d099293e0b490c7d5f3b429ad5fa4ebc,erigon,2024-07-17T17:07:29+01:00,2024,tidy rename,112240,549,204.44444444444446
cd182aea0fabee58103d2ebb5547f9c34bcc3918,erigon,2024-08-02T19:10:21+01:00,2024,save,112240,549,204.44444444444446
1a8e69497c655fffdc575408f7d833dc224ab880,erigon,2024-08-06T21:28:04+02:00,2024,save,112240,549,204.44444444444446
919e0480dd7245121019a2b1fa0d2532fee9986d,erigon,2024-08-07T18:00:41+07:00,2024,save,112240,549,204.44444444444446
5a1c4a3bdb35d3854a106428bbb264f86daff9a5,erigon,2024-08-12T20:36:21+08:00,2024,fix concurrent rw on touchedLeaves map (#11566),112240,549,204.44444444444446
e9b7e7e50510a6dded9eb991168aeab09a13d79e,erigon,2024-08-14T13:51:08+05:30,2024,fix incorrect return type for `eth_egtProof` (#11605),112240,549,204.44444444444446
ef233ed73846fb2b2ff3b84f64ebb65143f6711a,erigon,2024-08-15T13:08:42+01:00,2024,polygon/heimdall: introduce event.Marshall/Unmarshall funcs to hide abi (#11620),112240,549,204.44444444444446
ef7a8d87ae39b854147cd6f15d7b314e5bb2967a,erigon,2024-08-20T15:18:16+01:00,2024,fix,112240,549,204.44444444444446
1d6e40e4cd13c4e6e90134cf4b3e5b073044996a,erigon,2024-08-21T12:48:50+01:00,2024,wip,112240,549,204.44444444444446
4d6abd8b75a3b93dfd94e73a55ff293be0730e8d,erigon,2024-08-23T11:30:50+01:00,2024,save,112240,549,204.44444444444446
165232ce2e049f46e6a7af7e239a5eec0fdc10e0,erigon,2024-09-04T16:12:50+01:00,2024,remove example code,112240,549,204.44444444444446
81f709f96b29df71fa5e0b1bd49b436ef0949588,erigon,2024-09-09T09:04:24+07:00,2024,merge main,112240,549,204.44444444444446
78d8cfd073ff5110a8d994d598031b7de4f81359,erigon,2024-09-09T09:58:48+07:00,2024,save,112240,549,204.44444444444446
72b7f8de91e4d75c59244131736236172ee474cc,erigon,2024-09-11T18:01:50+05:30,2024,add back BlockHash check in mock_sentry,112240,549,204.44444444444446
eedf11cb91ee5a224607bd2bf3b301f15be08f36,erigon,2024-09-12T14:21:33+01:00,2024,save,112240,549,204.44444444444446
ee45f2800fe74536c7d4ece2660702849b079b6d,erigon,2024-09-13T11:56:43+07:00,2024,save,112240,549,204.44444444444446
7496488061bb1d50933d84bec8d42b1314480de0,erigon,2024-09-19T11:56:25+08:00,2024,fix(turbo/execution): skip if header number is nil (#12033),112240,549,204.44444444444446
157301215b3998e0ca086ec1bc5a285f9b6321ee,erigon,2024-09-25T11:31:17+05:30,2024,oops,112240,549,204.44444444444446
1e3eab3a1ceea2dc6b57953e082c34373618e254,erigon,2024-09-29T14:32:09+02:00,2024,save,112240,549,204.44444444444446
ef4c34a9f8ec1025e1b8c850195a55c99bdf4d96,erigon,2024-10-08T11:50:32+01:00,2024,"Revert ""polygon/sync: block downloader to not re-insert blocks behind start (#11929)""",112240,549,204.44444444444446
90799b38288e2eb0d6d7d1012c7cb0af18f6f3e6,erigon,2024-10-20T03:40:49+02:00,2024,save,112240,549,204.44444444444446
2a5de502de412e21bbc181bae96160ca1f6c0035,erigon,2024-10-22T11:43:19+02:00,2024,fix artifact download and unzip,112240,549,204.44444444444446
4df47c78461c885e68985c7105e5a18505b2e855,erigon,2024-10-27T17:45:45+01:00,2024,save,112240,549,204.44444444444446
8de8a89556c66d4ffffacd566dde1767a9ec48f8,erigon,2024-11-04T16:08:08+07:00,2024,save,112240,549,204.44444444444446
405e1f788d482a1889cc1b3bbb721e326a2427c8,erigon,2024-11-06T11:19:19+07:00,2024,save,112240,549,204.44444444444446
5b705335823f8f75f5f929637b51f1faf637f951,erigon,2024-11-06T14:39:45+07:00,2024,save,112240,549,204.44444444444446
ce004d0499bfb778e1e6f0fc8cf18a1b4d2ecf72,erigon,2024-11-07T11:04:53+01:00,2024,feat(ci-cd): enable pectra if ref is release/2.61,112240,549,204.44444444444446
2168b99a2cf022b088722a89b47df159f960a1f6,erigon,2024-11-08T12:31:32Z,2024,tidy,112240,549,204.44444444444446
746f0071a735f1f1b1d55cf541adc31bf8d1222e,erigon,2024-11-08T12:38:29+07:00,2024,save,112240,549,204.44444444444446
73591fe196097c83c5d5d08e6d0cfc405dc581ae,erigon,2024-11-12T12:19:21+02:00,2024,fix: use stage_execute block numbers for a sequencer in rpc calls (#1444),112240,549,204.44444444444446
097a523fda4bac0ed3ecd00b585c70c1b592fa4d,erigon,2024-11-17T12:03:08+01:00,2024,save,112240,549,204.44444444444446
5a548b9c3e55ba76490896692155bb248a34c89c,erigon,2024-11-19T19:34:06Z,2024,"Revert ""example prints""",112240,549,204.44444444444446
5d24b67b78e7a7487d133011a37abb8958e2f16e,erigon,2024-11-21T10:05:54+07:00,2024,save,112240,549,204.44444444444446
3bc65a59c80e7c5142d526b9146069ed683fad50,erigon,2024-11-21T12:41:33+07:00,2024,save,112240,549,204.44444444444446
03387e060d8fdd2eb0e6e692cc2ce3fd762e9875,erigon,2024-11-25T10:39:51+01:00,2024,save,112240,549,204.44444444444446
1920ca64a10beee78513e15091c951bd183b4a29,erigon,2024-11-27T16:25:17+04:00,2024,Rename branches for on-push directive,112240,549,204.44444444444446
550d8958d787502b6723b30e957eb39d527ddc0f,erigon,2024-11-29T13:17:24+01:00,2024,Move  erigon-lib/rlp  to erigon-lib/rlp2 (#12915),112240,549,204.44444444444446
fd65c7ea67c1c5182d11bc38b4273e9d38e2c33c,erigon,2024-12-02T14:43:31+07:00,2024,save,112240,549,204.44444444444446
db23c91f0aa3cfdfb35723ddc271d8f56212f0f8,erigon,2024-12-05T16:07:37+08:00,2024,update,112240,549,204.44444444444446
61a3a9bebbb5620921887d26c7afd778f5c1452d,erigon,2024-12-08T23:35:36+01:00,2024,save,112240,549,204.44444444444446
f849c2d921e5405ea667ab24d79f89593cb5dbc9,erigon,2024-12-09T16:44:53+08:00,2024,Update diag_downloader.go,112240,549,204.44444444444446
41549b4733437e8849ceb2e9980ab2dc28fb5ac8,erigon,2024-12-09T16:53:56+07:00,2024,save,112240,549,204.44444444444446
ce5ca92a0eca3a8c3b6f8dc6aedadbbe6a04e561,erigon,2024-12-12T17:38:15+08:00,2024,udpate,112240,549,204.44444444444446
8d1133e23669d84ca07d7de04f0d55e78e42bed4,erigon,2024-12-29T15:12:14+07:00,2024,save,112240,549,204.44444444444446
f5eefba3d4598143b968fd7985b91f1fc6246aa9,erigon,2024-12-30T11:46:37+01:00,2024,use prebuilt db for tip-tracking and clean-exit tests without copying it,112240,549,204.44444444444446
08e99fb771a1bfab75b4b17bcb9cdd18aedde247,erigon,2025-01-02T18:05:57Z,2025,shutter: add decryption keys listener,112240,549,204.44444444444446
ee7b7b1140a69bc329105e37bbac0325ce687659,erigon,2025-01-07T12:31:29+05:30,2025,remove PruneSmallBatchesDb,112240,549,204.44444444444446
1c99b3468c0770944df9f4c1b7e2001587445e9c,erigon,2025-01-07T22:00:03+01:00,2025,save,112240,549,204.44444444444446
0d6d174f11fc705194db0d104ca409430b0a1743,erigon,2025-01-07T22:15:58+01:00,2025,save,112240,549,204.44444444444446
d26e09fb3c8c8dae8ac5acdb818ed389eb7bed94,erigon,2025-01-13T20:52:56Z,2025,fix,112240,549,204.44444444444446
7f57911875ee74097ab35ab08f1cf6cbbd1ba809,erigon,2025-01-17T12:54:46+01:00,2025,Caplin: fixed nil ptr in extra data field. (#13476),112240,549,204.44444444444446
8772ed4d0dcc7cb9562f7c6d822889e6740804a8,erigon,2025-01-23T12:13:45Z,2025,feat(zk-config-merge): create tool for merging dynamic config into 1 (#1672),112240,549,204.44444444444446
ae977d5c0026e9ad25d1f87bfaa1d2843ef2f05d,erigon,2025-01-26T11:51:42+07:00,2025,save,112240,549,204.44444444444446
0c335640948b0c7bfa4c145170597cbcc821f563,erigon,2025-01-27T04:10:04+08:00,2025,Remove `headHash` from fork choice log (#13565),112240,549,204.44444444444446
762a5338a0a5031e5bca79cafd9307268b8f950e,erigon,2025-01-28T14:05:20Z,2025,shutter: move proto pkg to internal (#13599),112240,549,204.44444444444446
9caab255bc72fcf812c9b38fb5914033baee02a6,erigon,2025-01-31T16:48:06Z,2025,polygon/sync: add missed log prefix in prev commit (#13644),112240,549,204.44444444444446
c14b954337c759a67aebb976e4070f28efbcb2ac,erigon,2025-02-03T03:27:28+01:00,2025,save,112240,549,204.44444444444446
9fca94dc9d0aefa4f845687b86e72e2a9da89ec8,erigon,2025-02-05T13:34:12Z,2025,fix,112240,549,204.44444444444446
d7517607c7601fb84d601d5dfd9a479a9f766fa7,erigon,2025-02-12T16:19:17+01:00,2025,feat(qa-externalcl): exclude gnosis with prysm,112240,549,204.44444444444446
9da58c0bd335c9e9474361c8520d6ac5ee4d80ab,erigon,2025-02-18T12:31:15+01:00,2025,Fix dependent jobs in release workflow (skip_tests case) (#13857),112240,549,204.44444444444446
b91e9d3355c25f432b5e0659078a0fda8a119802,erigon,2025-02-24T22:40:17+08:00,2025,implement LRU cache for decoded tx and remove duplicated sleep on SequencerTimeoutOnEmptyTxPool (#1775),112240,549,204.44444444444446
2ae64c137fe5054ab462a5f57460040ec296be38,erigon,2025-02-26T15:44:28Z,2025,svae,112240,549,204.44444444444446
ac4d4b5081a9eda20ddba42e5483aa2ce0223e49,erigon,2025-03-06T20:43:31+02:00,2025,block building universe,112240,549,204.44444444444446
660da5aec0357f9fb4afa71679f2330c60c0dffa,erigon,2025-03-14T15:07:36+01:00,2025,save,112240,549,204.44444444444446
bd8f498534a89d660ba2e889840a3fea7a237a0d,erigon,2025-03-17T00:05:44+05:00,2025,state_tests: pass all v2.2.0,112240,549,204.44444444444446
874b40039ca3277a47734c4fcb5ef579f18ccd1d,erigon,2025-03-18T14:51:06+04:00,2025,Restore holesky cl params,112240,549,204.44444444444446
5c09865a63882e5254282f5a89428bdc8867d210,erigon,2025-03-18T20:23:33+04:00,2025,Add configs for Hoodi testnet (#14211),112240,549,204.44444444444446
c68918a142f05668a8aeafb77804ad375f29b44f,erigon,2025-03-20T14:34:27+08:00,2025,fix(docs): correct broken link in README.md,112240,549,204.44444444444446
8471a7970c9074de2bd6dc20ad967e14d285775c,erigon,2025-03-23T04:30:41+05:00,2025,eof state_tests: pass all,112240,549,204.44444444444446
2d2f4413055f3165d0eccb401f3bb95b50c71a0b,erigon,2025-04-02T09:36:43+01:00,2025,diagnostics: Expose subpool marker (#14390),112240,549,204.44444444444446
57df74666c8d6c043fd8e548f995e9d1ac563742,erigon,2025-04-03T13:01:41+01:00,2025,execution: debug log for ufc domain ahead of blocks err (#14414),112240,549,204.44444444444446
d420460ea50b6309c41e6473df993b7b25e6421e,erigon,2025-04-11T18:05:00+04:00,2025,engineapi: increase externalcl spam timeout (#14561),112240,549,204.44444444444446
fdc188415ec9fa7ba07627ebfda4a1e14fc81a81,erigon,2025-04-14T16:35:47+04:00,2025,execution-spec-tests: mv to blockchain tests (#14256) (#14597),112240,549,204.44444444444446
9f3d52a375af1ae4346a381432ef4facf78e689c,erigon,2025-04-15T10:06:54+07:00,2025,save,112240,549,204.44444444444446
4c47fc6c6d14deda708a36f20edaeebd9a1614ef,erigon,2025-04-18T13:03:57+07:00,2025,save,112240,549,204.44444444444446
2317732de910406486eb70755838edcc95b3bd3d,erigon,2025-04-25T13:00:20+04:00,2025,Makefile: bake in kurtosis tests (#14736),112240,549,204.44444444444446
a6668777f3926fa4d4c943bcdd2899e149edf270,erigon,2025-04-30T10:11:49+07:00,2025,save,112240,549,204.44444444444446
80d430125f917c912c7eede9403f42b9e3d28eca,erigon,2025-05-06T17:42:29+02:00,2025,use correct block height in beacon downloader,112240,549,204.44444444444446
6f3c22b04f1b7ac5cb98701da1ab06fd849f7856,erigon,2025-05-13T13:00:42+07:00,2025,[r30] rcache missed 0-txn receipt (#15022),112240,549,204.44444444444446
1543c470858e34fab1916b0a7f72f235415a01a2,erigon,2025-05-14T10:21:59+02:00,2025,ci: update QA workflow to include 'long-running' label in runner configuration,112240,549,204.44444444444446
e6da1b0a1484eeff2201404dd863c148a963c87e,erigon,2025-05-17T14:12:41+07:00,2025,save,112240,549,204.44444444444446
8c2072dfd2831b46758c72e1de061389ba0bcf71,erigon,2025-05-20T14:24:40+07:00,2025,save,112240,549,204.44444444444446
f9acf3912176c55b258dfc4783f604844f759ca9,erigon,2025-05-23T20:20:35+07:00,2025,save,112240,549,204.44444444444446
ca071adc46833d8c5328aed410484f67a68c94a0,erigon,2025-05-25T23:59:46+07:00,2025,save,112240,549,204.44444444444446
7deae93d8e7b2d15d7847b668e61eecc466c485c,erigon,2025-05-31T16:47:17+07:00,2025,save,112240,549,204.44444444444446
835bd1d3fa8148813a453deef3fc4e37b03034c6,erigon,2025-06-01T12:49:37+02:00,2025,save,112240,549,204.44444444444446
e248f039c8da50fb487d7d0952dc10481324fd44,erigon,2025-06-02T18:29:30+01:00,2025,remove unneeded domains,112240,549,204.44444444444446
0604498e11cee751fef92dfd44b5249b7c32f91c,erigon,2025-06-03T17:57:48+02:00,2025,"1. bump base images (go 1.24.1 --> 1.24.3, alpine 3.20 --> 3.22) 2. add comments for a future binaries stripping we may want to make images slimmer (PROD only)",112240,549,204.44444444444446
bc29f3f55749a2d36454aa9e7693f59093d8b392,erigon,2025-06-04T10:48:47+02:00,2025,ci: more automation for RPC Integration Tests (#15432),112240,549,204.44444444444446
e6db89d646e8841f164eddaf9b9e710bb06a100b,erigon,2025-06-04T12:48:09+01:00,2025,Fix feecap naming to follow rpc api,112240,549,204.44444444444446
1a710095043de9584da8a551fe5809b892269d2e,erigon,2025-06-05T20:44:27+02:00,2025,build: update golangci-lint-action to v8,112240,549,204.44444444444446
67c447255e2e0cadf2635369bd3f387f3331368c,erigon,2025-06-06T11:00:06+02:00,2025,dummy,112240,549,204.44444444444446
26184e9cdd20164b677e90b43db62ab275d77ce7,erigon,2025-06-12T21:58:39+08:00,2025,debug,112240,549,204.44444444444446
e77b404a221905d23ba52b4b73aa78a816661039,erigon,2025-06-13T14:42:53+10:00,2025,Fix up Downloader verify to fail on incomplete,112240,549,204.44444444444446
81f9fa675460a861621d3f9dc353c7d19342de64,erigon,2025-06-14T02:24:24+08:00,2025,update,112240,549,204.44444444444446
0068344382610c228ed3d3d862cb1d68304df6b0,erigon,2025-06-28T10:12:56+02:00,2025,debug,112240,549,204.44444444444446
5f484c17ede82d62702042f2a8d8985f3706197c,erigon,2025-06-28T10:56:50+07:00,2025,save,112240,549,204.44444444444446
7bc84625528476180bc6d71bb57040387f801284,erigon,2025-06-30T22:04:02+05:30,2025,save,112240,549,204.44444444444446
3cdc5865bf51e27e81e81ff940b837ef882e66b4,erigon,2025-07-22T15:58:30+09:00,2025,update,112240,549,204.44444444444446
5eda9b8edf657d163b59f68c98fed83ef8129257,erigon,2025-07-23T09:22:41+02:00,2025,Feat/txpool percentage values (#16211),112240,549,204.44444444444446
84fdcceab1c4cf2ac67600405ca3416770a4947b,erigon,2025-07-24T12:56:31+08:00,2025,serve post-merge blocks,112240,549,204.44444444444446
76e11370e99346b09b71513d8bb706e2d23bde74,erigon,2025-07-25T06:24:21+02:00,2025,Properly handle file close errors when writing LLDB script (#16260),112240,549,204.44444444444446
24e08b60427d75f37fae26bbaba8a3ac9ce6a7c3,erigon,2025-07-26T10:22:03+07:00,2025,save,112240,549,204.44444444444446
1f2c882023bf3c6926a36f0a11f660a236bbddb3,erigon,2025-07-30T00:59:34+04:00,2025,[r31] workflows: re-enable parallelism (#16352),112240,549,204.44444444444446
04e4ec9fff02b00356b63e07567ac0033d22fb4b,erigon,2025-08-06T13:31:14+02:00,2025,remove unused consts,112240,549,204.44444444444446
5ff096e8747dc9a1c7481a5284c38ccce70d64fd,erigon,2025-08-07T15:12:42+01:00,2025,do not print timings if empty,112240,549,204.44444444444446
924d365001e25c2c8baedad5d3b19d61dc364f7f,erigon,2025-08-11T14:09:46+02:00,2025,recsplit inner version 1 incompatible fix (#16543),112240,549,204.44444444444446
e39d9dead6d18f48ff928fd1c42ee9fb2e74df0f,erigon,2025-08-19T23:24:47+01:00,2025,added metrics,112240,549,204.44444444444446
25b6ffc6972a4968a6d6a0773743624d4d4c0f21,erigon,2025-08-20T21:02:23+05:30,2025,move salt not found error to `GetIndexSalt` (#16746),112240,549,204.44444444444446
876b41c1e4d3e156e8870851a235b91c552e1a29,erigon,2025-08-22T20:40:00+05:30,2025,[r31] fix for bor events prune (#16778),112240,549,204.44444444444446
e756af19358792f3ec81b75316905ab15a82ecc8,erigon,2025-08-27T13:14:59+07:00,2025,save,112240,549,204.44444444444446
65ed448ae2ddeb337f8c3ceb4b6d9376662b7e0c,erigon,2025-08-27T14:43:51+02:00,2025,Fix: guard pool iteration with mutex from metrics,112240,549,204.44444444444446
7a20346128666398598867bb1cd6f0819fa0c335,erigon,2025-08-28T14:57:05+03:00,2025,integrity: fix descending block boundary reset in HistoryNoSystemTxs (#16823),112240,549,204.44444444444446
5f4c979c49462714add49e35c4b88d91bbef9cad,erigon,2025-08-29T13:43:10+07:00,2025,save,112240,549,204.44444444444446
858ed465adc3b3398b739c9c5b1fcc9b9774e207,erigon,2025-09-03T11:59:07+07:00,2025,save,112240,549,204.44444444444446
668e20c276d776fb4bff1429cf9f54c366aed06e,erigon,2025-09-03T16:34:44+07:00,2025,save,112240,549,204.44444444444446
55ea6a86f48dd10ade4082aa51015fdc64dc118a,erigon,2025-09-07T01:30:52+07:00,2025,Add merge conflict resolution script,112240,549,204.44444444444446
fb8a235a51519331fd7684955ad62239657fd76e,erigon,2025-09-10T11:02:27+02:00,2025,pass chainConfig in tests,112240,549,204.44444444444446
dd4010c2711bba085b375612625372ba8b955653,erigon,2025-09-15T10:18:21+02:00,2025,replace bor-mainnet with gnosis,112240,549,204.44444444444446
9bb739dd799ec8ca7262992af4ab5d42dac3206d,erigon,2025-09-17T22:40:40+02:00,2025,commit,112240,549,204.44444444444446
1923a56c75db03371309462b67c442efa281ec79,erigon,2025-09-23T18:07:50+02:00,2025,add blockTimestamp to RPC log serialisation,112240,549,204.44444444444446
5e79f37add0e87abe731728fd2a81822e2ad57b8,erigon,2025-09-23T18:25:01+02:00,2025,move assignment of parent-base header fields calculate state root for the latest block,112240,549,204.44444444444446
76e96556a591a723ba49a0a41766bda4565b33c7,erigon,2025-09-29T19:48:22+02:00,2025,update dump,112240,549,204.44444444444446
b2a01a7b56fa590ec6041169871397ddf6fc830f,erigon,2025-10-14T16:55:57+02:00,2025,mv app to cmd/utils,112240,549,204.44444444444446
03332afcf732ddd68075123a6d7072d7203da499,erigon,2025-10-14T20:04:24+09:00,2025,Return proper error when no snapshot files exist (#17417),112240,549,204.44444444444446
b23a189dc229931ca9d639f8dc49b9e7935fa936,erigon,2025-10-14T20:35:22+09:00,2025,refactor: use b.Loop() in benchmark tests for better performance (#17456),112240,549,204.44444444444446
5909790b4b539264ab6dfde23e979847847608d3,erigon,2025-10-16T17:13:47-03:00,2025,Externalize step size parameter,112240,549,204.44444444444446
fdc209bc5d335af742a1a8d4e1cd257a1db501f0,erigon,2025-10-17T12:47:05+05:00,2025,commit,112240,549,204.44444444444446
af68e67538df75f72d7a7135980fde1a9752e425,erigon,2025-10-20T13:28:02+07:00,2025,save,112240,549,204.44444444444446
788f43a1be1e8acffb6fa7527be2e5bf7cfee129,erigon,2025-10-21T09:40:02+07:00,2025,save,112240,549,204.44444444444446
64ee97a19ee9c0eeefc6491c06aef516e0a07145,erigon,2025-10-21T09:49:25+07:00,2025,save,112240,549,204.44444444444446
fc90c2b0eb013e9050cb6f3c0139d73e8abd91f6,erigon,2025-10-23T01:11:32+08:00,2025,update,112240,549,204.44444444444446
38af9b6cc27a855cd86a85b493f3d392ff95045f,erigon,2025-10-23T13:51:00+02:00,2025,Make arb eest pass,112240,549,204.44444444444446
abc8d49b850afb07f84594e50e4472ba9b289960,erigon,2025-11-05T07:16:02Z,2025,GITBOOK-26: No subject,112240,549,204.44444444444446
2bab177f7fe2b4d0490b3cfea0dbee55110c79d4,erigon,2025-11-14T09:57:52+07:00,2025,save,112240,549,204.44444444444446
159ef466964934d049ab4b24ebd2dd4c3022dfb2,erigon,2025-11-17T10:52:40+01:00,2025,Some progress,112240,549,204.44444444444446
8f27b8ee5dde6630ccdbb05ea76d7cdeeebd8a54,erigon,2025-11-26T13:37:42+07:00,2025,save,112240,549,204.44444444444446
d4385b1f8b94b26fde477946a1bae057ce3f13d8,erigon,2025-11-26T18:50:25+08:00,2025,update,112240,549,204.44444444444446
8f1804816119d1432fb79e531e659b0e59bac0d1,erigon,2025-11-30T15:39:52Z,2025,use sender value in abi,112240,549,204.44444444444446
87021826d0646bdd4e4195650585d4521518e924,erigon,2025-12-04T22:12:35+01:00,2025,trace with only stateDiff,112240,549,204.44444444444446
e7208df5b82509e01fc6a4f2aa86c487ad5c005f,erigon,2025-12-06T16:11:24+11:00,2025,Use metainfo http client and context with requests,112240,549,204.44444444444446
627461dc44db68b177f272502f3e6c328846f272,erigon,2025-12-08T03:43:06+01:00,2025,rpc: eth_getLogs() change error code for invalid parameter errors (#18199),112240,549,204.44444444444446
a4cbce4a20b8ec82ac484632f6a8aca0965a9bb1,erigon,2025-12-11T14:52:09Z,2025,Added bitmask typedef,112240,549,204.44444444444446
647f77735399c2589db7e431878d569a9eb5b427,erigon,2025-12-12T10:50:17Z,2025,testing fixes,112240,549,204.44444444444446
bb20d297bb6cea39bf2cb73b83f85d746c491205,erigon,2025-12-18T02:16:09+05:30,2025,fix blockReader decision logic to build missed indexes (#18355),112240,549,204.44444444444446
14fdd067b58cec1fd3b26a2296452324b1b5eae7,erigon,2025-12-30T12:49:57+07:00,2025,save,112240,549,204.44444444444446
e3fda55526727fed0f409147d72952f38ec9f5cc,erigon,2026-01-09T17:58:36+01:00,2026,added recentReorg flag,112240,549,204.44444444444446
1ce034c4d9a9b1e8048e447641555e766b4b41d6,erigon,2026-01-10T15:58:47+01:00,2026,s,112240,549,204.44444444444446
6e535f9faa36d99c3f856288995395e749df2a15,erigon,2026-01-10T22:17:26+01:00,2026,save,112240,549,204.44444444444446
e3fea515e557477fa60bb36d9ecb2c2bacfd2ab6,erigon,2026-01-21T00:12:30Z,2026,fix lint,112240,549,204.44444444444446
4e4c40596990d4bb2b52fa0afe05fad5174f2a14,erigon,2026-01-21T14:06:10+02:00,2026,execution/execmodule: avoid BaseFeePerGas allocation in GetAssembledBlock,112240,549,204.44444444444446
f473a97f342b5977f131338decc3f45fa14772f4,erigon,2026-01-21T15:17:45+05:30,2026,update version to 3.3.4 (#18739),112240,549,204.44444444444446
eaab53164cd74c30fa947a9084825ba2290fdc5f,erigon,2026-01-22T11:32:39+01:00,2026,commit,112240,549,204.44444444444446
d9be71e4958574375ee7548701181ef62c6d3278,erigon,2026-01-29T13:02:18Z,2026,fix line insertion errors,112240,549,204.44444444444446
acb975fec9084f650e4742d29b6a360dd7cab14e,erigon,2026-01-29T15:57:54+03:00,2026,save,112240,549,204.44444444444446
f48b20f64d164d2424a6b16d87240f46a4683d70,erigon,2026-02-06T17:22:25+11:00,2026,execution/engineapi: fix flaky tests due to engine api tester regression,112240,549,204.44444444444446
69739f9440ab1b2e7396fc0284ff4a91475f84aa,erigon,2026-02-11T09:22:59+07:00,2026,tracing/logger: replace sort.Slice with slices.SortFunc (#18990),112240,549,204.44444444444446
3e8725086accfcecce0d8cd9506144474c3d8433,erigon,2026-02-19T07:38:20+07:00,2026,save,112240,549,204.44444444444446
0eb355ae4d0c8281d7ce61001e7a15f65b438b91,erigon,2026-02-19T14:14:12+01:00,2026,fix nil dereference in makeHeader when CalcDifficulty returns nil,112240,549,204.44444444444446
911ab267ab28e60650e80b36723825c074154700,erigon,2026-02-20T11:33:24+07:00,2026,save,112240,549,204.44444444444446
5d1e28b9504dbaabc0eee472d2264c4354f29a3a,erigon,2026-02-24T22:53:37Z,2026,don't use deffered commitment for parallel execution it causes issues during reorgs,112240,549,204.44444444444446
7673b1657cb59aaf3bc808da4180693616480a2a,erigon,2026-02-27T08:37:28Z,2026,transaction_signing: remove redundant Amsterdam checks,112240,549,204.44444444444446
6c7eb6eb9e754ad39f1bd67e44acc21f126cfd33,erigon,2026-03-03T00:04:42Z,2026,"BAL: block building refactor, parallel exec fixes, touchAccount revert fix",112240,549,204.44444444444446
615132d5f73d25fa0209bea131716862cbfad6f3,erigon,2026-03-04T15:18:50+07:00,2026,update,112240,549,204.44444444444446
42c9f331c1333bb0d957a1f0922dd42b1d32bb2a,erigon,2026-03-04T23:26:08+01:00,2026,[SharovBot] p2p/discover: extract Table.loop select-case handlers to reduce stack frame,112240,549,204.44444444444446
df8dee154b56f22228b2c5d171e11a6dc5d8305f,erigon,2026-03-05T21:20:47Z,2026,fix: use ethash faker engine for Arbitrum chains in CreateRulesEngine,112240,549,204.44444444444446
23c3e2855a63ea053cbe016e226513cc2f0b4a35,erigon,2026-03-06T11:54:46+07:00,2026,lint,112240,549,204.44444444444446
a3744a84a5224d1aed52c399c4ea10f9c007335c,erigon,2026-03-06T12:33:15+07:00,2026,save2,112240,549,204.44444444444446
197e1c248f2616dbdbaa201c7ee8f7d019c054c2,erigon,2026-03-09T16:59:55+01:00,2026,docs: remove MCP documentation from main (3.3.x) — MCP ships in 3.4,112240,549,204.44444444444446
fad1db53c11de6cbd7ff8d3c39b2835a4cb7aa3a,erigon,2026-03-09T18:13:31+01:00,2026,eth/70: fix Hive CI by reordering protocol list and adding ProtoIds,112240,549,204.44444444444446
1e0da619e943a8c3e6ada0dcac664cff8bf119c4,erigon,2026-03-11T21:41:29+07:00,2026,save,112240,549,204.44444444444446
cbd85faf9d8a9393e76409b8be0d3572038bda6b,erigon,2026-03-12T21:52:44+11:00,2026,fix restorations on revert/halls and reverted spills,112240,549,204.44444444444446
4fc5424593c8c303691cde256f8c2ad84f3ea502,erigon,2026-03-14T12:54:25+01:00,2026,save,112240,549,204.44444444444446
b305916ea890860d9825d5a02338545273e93371,erigon,2026-03-14T20:34:53+01:00,2026,gofmt formatting fix,112240,549,204.44444444444446
45f1cb2e14658e208c70a99250ff86673fe356d9,erigon,2026-03-15T13:44:34Z,2026,vm/modexp: reduce allocations with raw-limb Montgomery path,112240,549,204.44444444444446
b70a1acf5e858b870664c9e8c0c6395be214fe63,erigon,2026-03-19T15:35:16+01:00,2026,execution: move SplitIntoMdGas to misc/eip8037.go,112240,549,204.44444444444446
3feff37e6b08ed8ca63ce7c182e7e4e5d9d27d6e,erigon,2026-03-19T20:04:21+05:30,2026,db/state: add doMerge param to BuildFiles2 (#20001),112240,549,204.44444444444446
709ce605c0bf67463623950dbe21e259b9dc6f16,erigon,2026-03-21T03:55:50+01:00,2026,tests: VersionedIO BAL validation for expected-invalid blocks,112240,549,204.44444444444446
7171cc974deb1a8116baa565f2e8b444478f158c,erigon,2026-03-26T21:30:03+01:00,2026,integration: stage_exec_replay respects --block as both from and to,112240,549,204.44444444444446
66c50870804113706aa571ff2b45bfe640320317,erigon,2026-03-26T22:55:43Z,2026,fix: address code review findings,112240,549,204.44444444444446
3efa7f0e36e68f2b3f4d39deed59d0ca4447caea,erigon,2026-03-28T12:52:39Z,2026,execution/types: point frame_transaction.go at canonical EIP-8141 spec URL,112240,549,204.44444444444446
258042aa6735a9dfda940e0e99dc79fc59ae6cd9,erigon,2026-04-03T10:22:59+07:00,2026,save,112240,549,204.44444444444446
df230a7d67e635ac28bed69e53d85b41fdb45d30,erigon,2026-04-03T14:28:30+05:30,2026,execution/state: add TRACE_ACCOUNTS hooks for CodeDomain write/delete paths,112240,549,204.44444444444446
24d1510d4e4e4ad0ecf7ba3491590ee25e2f4db9,erigon,2026-04-05T17:50:24+07:00,2026,save,112240,549,204.44444444444446
bfdea6f30627904b79d9925e22408c1e3a608217,erigon,2026-04-07T21:25:44+02:00,2026,execution/tests: fix TestHeaderVerification to use TestChainBerlinConfig,112240,549,204.44444444444446
39819c659bda7a14782c1b3686933893e1988c93,erigon,2026-04-08T23:53:36Z,2026,docs/plans: close out genesis consolidation plan,112240,549,204.44444444444446
055f36df9546f1f797f1cd01ac1f15ec1561fdc3,erigon,2026-04-09T02:05:30+08:00,2026,cl/spectest: skip GLOAS proposer_boost fork choice tests (upstream test data bug),112240,549,204.44444444444446
4417cf506199b58bb7fde5aef44ae2b3c23ed39b,erigon,2026-04-09T09:50:11Z,2026,snapshots: address review feedback on alignment check,112240,549,204.44444444444446
11174039b93aa6c3a162f06b83f6ca19e6a969a5,erigon,2026-04-09T12:03:18+02:00,2026,don't skip on win/mac,112240,549,204.44444444444446
29e16bb6c4031a33ebba6502d3c81de83bbb06d5,erigon,2026-04-10T12:56:17+01:00,2026,db/state: address code review findings,112240,549,204.44444444444446
f60f41d2ba972f8b4e7138019569109a6589de3e,erigon,2026-04-14T17:21:52Z,2026,db: atomic per-key prune deletion + collation invariant check,112240,549,204.44444444444446
b94e81796beeae653d52a69789ff304d939e17a5,erigon,2026-04-15T12:03:11+02:00,2026,"Revert ""cmd/snapshots: add verify-domain-values subcommand""",112240,549,204.44444444444446
951b72c272b9eef3f731723a7e4b1a0ceddf01db,erigon,2026-04-15T18:50:44+01:00,2026,bench: add config_B.toml with B-side port map for A/B benchmarking,112240,549,204.44444444444446
cb07fe905fc593c85fec92c0eacac3e1006eee26,erigon,2026-04-23T09:59:59+07:00,2026,db/state: collate - remove double buffering; improve build log,112240,549,204.44444444444446
2f6b6f1724360c932f9c52eb11498fe88cb6a39a,erigon,2026-04-24T03:47:20Z,2026,cl/gossip: pass conditions to pubsub validator in registerGossipService,112240,549,204.44444444444446
4d83a16f51b0bfce85701b784a4dcc24f5833ef5,erigon,2026-04-25T23:44:35+02:00,2026,[experiment] iter 8: bump hive to a3c9afd9 (pool reset-port fix),112240,549,204.44444444444446
d6365a4b863134542bc8b1c0dabaa2cd90e5bfc7,erigon,2026-04-28T15:01:08+02:00,2026,"docs(versioning): fix v3.3 landing page, add section index pages, clean up about section",112240,549,204.44444444444446
9fbc2dbac49bc2ad678b7120edac9193de09022c,erigon,2026-04-28T21:46:19+02:00,2026,"Reapply "".github: tighten engine-cancun max-allowed-failures to 0""",112240,549,204.44444444444446
969b0b0e59e835c2dec45aa2a3e19b787b8e1025,erigon,2026-04-29T15:23:22Z,2026,"[bal-devnet-3] execution/stagedsync, cmd/utils: --exec.no-prune now disables all DB pruning",112240,549,204.44444444444446
4a2462f160a47cc9bd9bbda1b1ef95ed4f5dd990,erigon,2026-04-30T09:47:24+01:00,2026,bench: unset TMUX before launching session (allow nesting),112240,549,204.44444444444446
4c072a8b0dbcd38a0942956d97ebf21f1b94b369,erigon,2026-05-01T16:37:54Z,2026,state: synthesize account from BAL preload when no base in state reader,112240,549,204.44444444444446
9a82c5871adc576d1ce3f797394d25667d9cdbef,erigon,2026-05-01T18:07:48+05:30,2026,cmd/integration: allow resume of commitment rebuild (no history case) (#20939),112240,549,204.44444444444446
e32ffa4e7c17edc5a41735798c61d3e0763e6bd7,erigon,2026-05-07T08:22:28Z,2026,docs: fix http.addr quoting and torrent.download.rate description accuracy,112240,549,204.44444444444446
d08cfd7e351bc50f4e269e9e233f1c687145fbcc,erigon,2026-05-08T19:26:09Z,2026,"commitment, state/execctx: trunk-preload progress logs + max-branches cap",112240,549,204.44444444444446
86202636fc193711493589b4260e06eefc5ac860,erigon,2026-05-09T23:24:38+02:00,2026,fix(docs): import SidebarsConfig from plugin-content-docs,112240,549,204.44444444444446
37b76800034d925825ff2608e1de9e65cdea52b0,erigon,2026-05-13T16:25:00Z,2026,"db/rawdb, p2p/eth, execmodule: BAL cache + on-demand regeneration for eth/71",112240,549,204.44444444444446
00997687c16de39580518608f974b79f6317aa6b,erigon,2026-05-14T07:05:38+02:00,2026,execmodule: gofmt forkchoice.go imports,112240,549,204.44444444444446
6d91c9d2afe3e387834e52ac704dc3f189d024ea,erigon,2026-05-18T12:02:03+07:00,2026,ShardedFuse: support ForceInMem mode (#21222),112240,549,204.44444444444446
4ab0771b4932709e741d00e423b59270134e1768,erigon,2026-05-19T07:50:17+02:00,2026,execution/state: dirty createObject of selfdestructed-previous in parallel exec,112240,549,204.44444444444446
3eb221e9151225310297e5c729d3a38090d56a7f,erigon,2026-05-23T11:56:19Z,2026,cl: fix spec URLs and spec function names in CLAUDE.md,112240,549,204.44444444444446
1ec17a16b1531e6a07f27adf266797f3b9f145a7,erigon,2026-06-03T05:56:42+01:00,2026,feat: emit witness address keys only for existing accounts,112240,549,204.44444444444446
997d57c73cce0413f75ffd97af57f997a910bc56,erigon,2026-06-05T19:27:20+10:00,2026,ci: seed sonar scanner engine jar into actions cache from push runs,112240,549,204.44444444444446
eae9793b6ae41a68398a02b9ce51a4d3cd383ac9,erigon,2026-06-08T16:24:04+01:00,2026,execution/commitment: bulk whale re-fold benchmark for the nested storage cache,112240,549,204.44444444444446
247356fd576f887fecb85aa29d59a604dcf8a18a,erigon,2026-06-11T16:09:16Z,2026,thread ctx: root the remaining no-caller-ctx read leaves,112240,549,204.44444444444446
00ad21c8f7c4c5e36bdc370dfb7b502bb86497ca,erigon,2026-06-11T22:03:41+05:00,2026,save,112240,549,204.44444444444446
0008ec6d12f25c67c81b56703b79e0b4f98948b8,erigon,2026-06-13T12:15:52+05:00,2026,save,112240,549,204.44444444444446
7fd0314abd0e0fe62222cb9022e535d051db2485,erigon,2026-06-18T15:11:43+07:00,2026,execution/commitment: apply trace writer eagerly; restore per-block trace,112240,549,204.44444444444446
bf3db3a412cb74f2c8003744889693d49ec2c976,erigon,2026-06-21T16:14:30+07:00,2026,save,112240,549,204.44444444444446
08bad752ed0702bfc23e2ef38ba601aac71d0858,erigon,2026-07-01T12:13:13+07:00,2026,db/state: remove FilesItem.frozen field,112240,549,204.44444444444446
cd8978658c7c44b3296118e4c74d911e902739a8,erigon,2026-07-01T13:16:29+02:00,2026,db/snapshotsync: fold commitment-history filter into buildBlackListForPruning,112240,549,204.44444444444446
db59979c3ac67c6a9d94095d5c6480f9dd64e77a,erigon,2026-07-02T02:13:52+10:00,2026,.github/workflows: run CI Gate on PRs against any base branch,112240,549,204.44444444444446
164d7c4f0b8d8c35f7a50c32e0fdfb2aae8b6ebe,geth,2014-01-10T10:58:55+01:00,2014,before install,65678,321,204.6043613707165
39bb2c94c066c36cc8e245e737bbc5a106583f92,geth,2014-01-12T22:14:19+01:00,2014,Atomic syncs on connection states,65678,321,204.6043613707165
07578fe25f475bb81ad308f592de2d89016d8431,geth,2014-03-17T11:13:35+01:00,2014,Pretty print nonce,65678,321,204.6043613707165
9c6aca78933c14ca107da30c4690808950718368,geth,2014-04-16T04:06:51+02:00,2014,Merged accounts and contracts in to StateObject,65678,321,204.6043613707165
b902de20c7119ec521a28bba986a0cc9d14354c0,geth,2014-05-21T23:46:16+02:00,2014,Fixes #49,65678,321,204.6043613707165
34da3b4fa8133a2042919fe344b7bc656fcad4f2,geth,2014-07-15T20:35:07+02:00,2014,Moved,65678,321,204.6043613707165
ecc2c609d4dfe210c66c9316cf5b060f9b3a4ff0,geth,2014-08-20T10:00:02+02:00,2014,Implemented QML message filtering,65678,321,204.6043613707165
9ed5b4d90e287de788d9079abab54578064864ba,geth,2014-09-22T16:28:28+02:00,2014,Support C++ GetBlockHash by assuming empty = done,65678,321,204.6043613707165
3af211dd65d6690afce9976a9f47ab1cdddb8d58,geth,2014-09-30T23:26:52+02:00,2014,Implemented WebSocket package,65678,321,204.6043613707165
46eb6283ae6c147f7efa910dadc18a504b6725ed,geth,2014-10-11T12:18:13+02:00,2014,"tested new opcodes (JUMPDEST,CALLCODE) and created test for CALL/CREATE depth",65678,321,204.6043613707165
0d9740514a54d7d5944602f1b8d737ec15b0e046,geth,2014-10-14T14:52:15+01:00,2014,Initial implementation for CALLDATACOPY [Delivers #80644732],65678,321,204.6043613707165
dfac5a0033e08a2461b19333f82efb57ea8c383f,geth,2014-10-17T11:29:20+02:00,2014,Using ExtVM provided by test engine,65678,321,204.6043613707165
ec75119341167b0b7924911d9ceeba1295b21f04,geth,2014-11-15T18:42:48-06:00,2014,Update deps script,65678,321,204.6043613707165
4b52cd512d3c54451e680fcc6c3d67d059065bec,geth,2014-12-22T15:01:52+01:00,2014,"Removal of ""debug"" url :)",65678,321,204.6043613707165
09841b1c9b2553a4572590128580df37c8fa83ad,geth,2015-01-04T14:20:16+01:00,2015,Cleaned up some of that util,65678,321,204.6043613707165
c71aff99dbb45d5998049604109457aa34ecf573,geth,2015-01-26T16:13:55+01:00,2015,Update EVM JIT runtime data layout,65678,321,204.6043613707165
0da3b36175a68d5b29fa18cdbc452c2fec368e26,geth,2015-02-04T22:46:25+01:00,2015,dht logic for retrieval request handling,65678,321,204.6043613707165
b979ab0ae20b0e85c3b7ef4702b1510ebc7ab2ef,geth,2015-02-09T18:35:52+01:00,2015,using sourcesanspro fonts,65678,321,204.6043613707165
d46c7bcaf9268a191f0156d36abf394df5374795,geth,2015-02-25T19:21:59+07:00,2015,errs pkg for error code based errors,65678,321,204.6043613707165
35f53abc786e2a83fdc8817c13cf753e418abd7d,geth,2015-02-28T20:57:55+01:00,2015,more memmory hard quadratic complexity tests,65678,321,204.6043613707165
0f67f1e9de856404136dcdce78fc0ab93bab6a84,geth,2015-03-10T14:55:00+01:00,2015,xeth: fix signing transaction after unlock,65678,321,204.6043613707165
ece29c5d8da2a8477ec2a95c8d0307a55ab21b76,geth,2015-03-10T19:34:07-05:00,2015,Nil check block,65678,321,204.6043613707165
67f8f83a1ba2a4dbd0f6f2fd075bb440f5c420ad,geth,2015-03-13T18:37:13+01:00,2015,cmd/ethereum: add blocktest command,65678,321,204.6043613707165
9f84c78eb5cceb5f413fbdeafe63786f1b958e83,geth,2015-03-27T15:54:54+01:00,2015,BlockFilterArgs,65678,321,204.6043613707165
6f3857a8c8b800bfe10ae3412ce35625b41d52d2,geth,2015-05-07T15:50:35+02:00,2015,Removed arbiter abstraction. Won't work.,65678,321,204.6043613707165
13ddf20bd20707141309fbfa969183a7afbe5a80,geth,2015-05-09T12:04:00+02:00,2015,"miner, cmd/geth: settable gas price from flags and console",65678,321,204.6043613707165
83226762c20dbf48939d76046ad32422a44feda0,geth,2015-05-15T13:14:46+03:00,2015,"eth, eth/downloader: detect and handle madeup hash attacks",65678,321,204.6043613707165
021182f822858361f956383976cbddff4c700250,geth,2015-05-30T11:06:45+01:00,2015,http access: fix regression and improve - correct slash handling and path matching in manifest - fix subpath match and use deepest path instead of longest for matching - http POST: give key as http response instead of fmt.Printf - improved logging,65678,321,204.6043613707165
76148515fa7c4681d9d5d22d98e84474a645d014,geth,2015-06-09T15:19:20+02:00,2015,skip sol on new compiler,65678,321,204.6043613707165
7584e68c21cfd155a9e72b29422d8d458691d4ae,geth,2015-06-10T09:42:14+02:00,2015,upgrade web3.js with _extend support,65678,321,204.6043613707165
ff5b3ef0877978699235d20b3caa9890b35ec6f8,geth,2015-06-10T10:59:44+02:00,2015,core/vm: added structured logging,65678,321,204.6043613707165
c3f6c322c07a96d3930c75d05ed3859e7d80ddbc,geth,2015-06-16T14:59:39+02:00,2015,added DB api,65678,321,204.6043613707165
92ef33d97a437dce2d7b55f06342de388d95f575,geth,2015-06-24T18:30:00+03:00,2015,"rpc/api, cmd/geth: retrievel all percentiles, add time units",65678,321,204.6043613707165
0b53a5c67381b3843ae01bf4210b57416ab5d210,geth,2015-07-07T22:14:35+02:00,2015,Update Ethereum JSON test files and wrappers,65678,321,204.6043613707165
be6205d6ecca355c6eee725a09cd8d406a7fcde0,geth,2015-07-09T10:42:35+03:00,2015,"eth, ethdb: fix a data race during startup/shutdown",65678,321,204.6043613707165
d5f56ad5c5dcdc393da46c5bfab1274e1596697d,geth,2015-10-16T16:27:51+02:00,2015,godeps: update ethash following GPU miner merge,65678,321,204.6043613707165
301a0aaf8b72db6c595765a009156cb642ac71b5,geth,2016-01-13T19:35:48+01:00,2016,"light: implemented light chain, VM env and tx pool",65678,321,204.6043613707165
5da7ec7c18b0e37cec0950e9656f6cdddc1ae60c,geth,2016-01-27T18:01:30+02:00,2016,"cmd, eth, rpc: fix some RPC issues with pending blocks",65678,321,204.6043613707165
dda5af0e6ca3059649ff2ee36b92ab5acff20677,geth,2016-02-09T16:03:04+02:00,2016,"eth, miner: move the public miner api into eth to access etherbase",65678,321,204.6043613707165
467bb7a719d9cc3731bfaa1b6342c8ed1e085f0c,geth,2016-04-04T13:53:54+02:00,2016,rpc: use go-winio instead of vendoring a named pipe implementation,65678,321,204.6043613707165
016d464043851ef2194d8a28cf765bfa6cd2c914,geth,2016-05-10T06:07:50+01:00,2016,gofmt,65678,321,204.6043613707165
dfcd42e9173db854453ada34b76fbd793f300aa7,geth,2016-05-16T22:42:41+03:00,2016,fixed multi uploading images,65678,321,204.6043613707165
b2d29f9e9af6b1076059a12b5974042fa6e10409,geth,2016-06-03T15:03:09+10:00,2016,Implement block signing,65678,321,204.6043613707165
5cd86443ee071b5e3abe4995c777ce467c29f2c5,geth,2016-10-31T11:32:05+01:00,2016,tests: added new EIP158 tests,65678,321,204.6043613707165
21701190ac0a838e347f31b7a918bb0a60c1e8c1,geth,2016-11-13T12:34:50+01:00,2016,les: cleaned up logging (#3256),65678,321,204.6043613707165
9762cbf101689f32b15863271ee49ab8214bd59c,geth,2016-11-18T22:45:29-10:00,2016,Modify DefaultDataDir,65678,321,204.6043613707165
b4fff69f72919c9c2137a36973c3b6f0b1266c86,geth,2016-12-03T11:07:49+01:00,2016,core/vm: inline docs,65678,321,204.6043613707165
ce5906c55f0089df06ff2c0d82195560782373bd,geth,2017-01-10T19:06:45+02:00,2017,"internal: update web3.js to 0.18.1, embed deps with go-bindata",65678,321,204.6043613707165
342898fdd78645b57334e2e12786bc3dff99c32f,geth,2017-04-12T01:20:04+02:00,2017,eth: make fast sync the default mode,65678,321,204.6043613707165
96c2ab22e0980f1aa0767abe14f9306badd28538,geth,2017-05-02T16:14:35+03:00,2017,eth/downloader: fix a potential issue against future refactors,65678,321,204.6043613707165
17f0b1194232ebebc4e14f905e6e1d2d148aa5b6,geth,2017-05-11T09:55:48+08:00,2017,core: typos and comments improve,65678,321,204.6043613707165
bc75351edfd820235c7609eefc8b0035e01215b8,geth,2017-05-22T01:47:27-05:00,2017,README: fixing typo in documentation (#14493),65678,321,204.6043613707165
3ecde4e2aa45e2be7ef5584a0457a59e5aa56561,geth,2017-06-01T00:21:47+03:00,2017,cotnainers/docker: fix the legacy alpine image before dropping,65678,321,204.6043613707165
3a678a15c92e287c90eabab75463bbed97ba832c,geth,2017-07-24T08:09:03-04:00,2017,cmd/abigen: update generated go file header text (#14845),65678,321,204.6043613707165
51a1616f145ecf3249799401d2199342b8a74471,geth,2017-08-11T08:15:16+02:00,2017,vendor: update urfave/cli.v1 dependency,65678,321,204.6043613707165
3207cd136ad1edb2d1cd17037987151aa43ad354,geth,2017-10-10T12:35:09+03:00,2017,cmd/puppeth: use dumb textual IP filtering,65678,321,204.6043613707165
5d2c947060b55089adc64dbe0b3cbbe1644f73ad,geth,2017-10-17T14:55:21+03:00,2017,cmd/faucet: dynamic funding progress and visual feedback,65678,321,204.6043613707165
8f19589ed7ac70539720cfd9879fcebdce3cad70,geth,2017-10-20T16:43:14-07:00,2017,build: Retrieve git commit hash from the enviroment,65678,321,204.6043613707165
38cdb375dd8ecb9c1004eae750f079d00b6fd118,geth,2017-12-21T15:18:46-05:00,2017,Fixed out of date comment,65678,321,204.6043613707165
36a10875c8c1a34aab851e3f65da48ccbb5367ce,geth,2017-12-29T21:18:51+01:00,2017,p2p/enr: initial implementation (#15585),65678,321,204.6043613707165
0ee22eb061545d10efec424cdc0c17510bfaafc4,geth,2017-12-31T00:09:26+02:00,2017,build: fix Go version comparison for Windows linker,65678,321,204.6043613707165
397c6cde1e2fd3636024cad5d23d5e06796772dc,geth,2018-01-23T11:53:09+01:00,2018,p2p/discv5: fix topic register panic at shutdown (#15946),65678,321,204.6043613707165
863ad2bea8ef8135aa4e66a04221070fd1019115,geth,2018-02-22T11:08:11+01:00,2018,p2p: simplify tcpPipe function,65678,321,204.6043613707165
cd31000dd886a4e8a7e93679443a794518fe9eed,geth,2018-02-23T15:25:23+01:00,2018,swarm/metrics: introduce metrics export flag,65678,321,204.6043613707165
49ee6551ef4b0f89da4f5ae05d10696d7c7fa68c,geth,2018-02-26T15:01:11+01:00,2018,swarm/api/http: Fix compile error,65678,321,204.6043613707165
7c7ffbac36623cd10cdad16718df91b01c9aa75b,geth,2018-03-05T13:49:27+01:00,2018,"github: use stale label, instead of wontfix",65678,321,204.6043613707165
0fb9691705e33e9825d573bf94bcc4fc72113639,geth,2018-03-27T16:04:03+02:00,2018,whisper: Allocate the full topic length in the copy,65678,321,204.6043613707165
00e2ee69f06035e003b3d03148da5a942163ee20,geth,2018-05-01T16:06:22-07:00,2018,whisper/*: Golint fixes in whisper packages,65678,321,204.6043613707165
c4a4613d9504db43a26a3c79dda8bf6be0d1237a,geth,2018-05-08T18:05:27+03:00,2018,p2p/simulations/adapters: fix websocket log line parsing in exec adapter (#16667),65678,321,204.6043613707165
4e7dc34ff1a7469b95eb16f5b4084c26a0ab3662,geth,2018-05-09T16:29:25+08:00,2018,eth/filter: check nil pointer when unsubscribe (#16682),65678,321,204.6043613707165
537b76b0607287c04a52de4d6386a4aae7ed20a3,geth,2018-05-14T16:05:59-04:00,2018,recording tx reciepts and wip updating contract address in tables,65678,321,204.6043613707165
62d120ed25baa069a11293c8d6f20cfb21dc62ae,geth,2018-06-05T06:22:02-04:00,2018,cmd/abigen: support for reading solc output from stdin (#16683),65678,321,204.6043613707165
4210dd150074f527af2e8c3abb400e771260ca68,geth,2018-06-12T10:32:29+02:00,2018,"tracers: fix err in 4byte, add some opcode analysis tools",65678,321,204.6043613707165
6e4c9d938761fe8003d01c76dde87e9424963e22,geth,2018-06-24T14:29:24+05:30,2018,added DYNAMIC-VALIDATOR,65678,321,204.6043613707165
dfadc5104f4e06bfeea8191dc78e582e87270c51,geth,2018-07-02T12:19:41+03:00,2018,trie: fix a temporary memory leak in the memcache,65678,321,204.6043613707165
80698f7bc6ef171eae5c750a1b4cdb96953c6067,geth,2018-07-14T19:02:23-04:00,2018,[ changed line endings for bash files to LF ],65678,321,204.6043613707165
f0998415ba9a73f0add32f9b5aed2aec98b9a7f3,geth,2018-08-08T12:15:08+03:00,2018,"cmd, consensus/ethash, eth: miner push notifications",65678,321,204.6043613707165
9f40c788951cfbcca4db18dfbd1cd6a007c3884e,geth,2018-08-16T18:26:52-05:00,2018,swarm/swap: corrected limit handling,65678,321,204.6043613707165
272b5cae5f1e418474f447e9ff711579e377757c,geth,2018-08-18T06:36:16+09:00,2018,cmd/puppeth: fixed comment typo,65678,321,204.6043613707165
e232ba43a3d241eadc8f527ddc0ff8b302606d38,geth,2018-08-21T15:43:50+10:00,2018,db type conversion,65678,321,204.6043613707165
3998a372aa80972625af25a7f1def99f7a370e07,geth,2018-09-10T14:29:36+07:00,2018,Update README.md,65678,321,204.6043613707165
001e851b62b2ae4a3df5980b8579f48f225e1143,geth,2018-09-12T22:33:50+02:00,2018,contracts/ens: Expose Add and SetAddr in ENS,65678,321,204.6043613707165
0cbf64d8c9d9d709e9f71ae90a5f6040168c2db2,geth,2018-09-17T16:10:51+02:00,2018,code gofmted,65678,321,204.6043613707165
f5056b68e2b718db2e8d5436b4e6d6cc26347e0c,geth,2018-09-18T19:24:52+03:00,2018,p2p: redo typo fix,65678,321,204.6043613707165
c528e3e3cf934f10ab23e603233c9b23848913a5,geth,2018-09-21T13:15:09+03:00,2018,"cmd/faucet: cache internal state, avoid sync-trashing les",65678,321,204.6043613707165
fc0bf4030aef89a89eda0c559b1d5c93187d5bab,geth,2018-09-24T11:28:42-05:00,2018,swarm/network/stream: Different chunk delivery msg types for syncing and retrieval,65678,321,204.6043613707165
844aa56f63cb33109c47eec23c821f05701a17fa,geth,2018-10-17T13:57:49+01:00,2018,Added (very) basic tests,65678,321,204.6043613707165
f6fff81c001a6ceaf9ae76ced85e9888cef20600,geth,2018-11-02T15:53:21+05:30,2018,refactor bootnode docker,65678,321,204.6043613707165
346518d44222315fafc2fb357e9316c584ec9b75,geth,2018-11-10T00:04:46+02:00,2018,Added pretty print to data/typed UI,65678,321,204.6043613707165
de7c60ed4905a1f3b2bbfec1abd85f69f839492c,geth,2018-11-12T11:45:26+05:30,2018,sleep time when fetch receive future block,65678,321,204.6043613707165
eb8fa3cc89ae3a3247c649486839b1c250554d2d,geth,2018-11-14T15:21:14+07:00,2018,"cmd/swarm, swarm/api/http, swarm/bmt, swarm/fuse, swarm/network/stream, swarm/storage, swarm/storage/encryption, swarm/testutil: use pseudo-random instead of crypto-random for test files content generation (#18083)",65678,321,204.6043613707165
6ad335097c989ff1e22129a3a2e0d73f0e16fb49,geth,2018-11-17T12:10:37+05:30,2018,remove faster tx invalid nonce,65678,321,204.6043613707165
51c88fe8ce63ce3d25e8b5390bdacc4445784580,geth,2018-11-19T11:21:42+05:30,2018,create new api get reward,65678,321,204.6043613707165
93854bbad4fb819375463d04cf6b7e66b7f272f7,geth,2018-11-26T12:39:38+01:00,2018,swarm/network/simulation: fix New function for-loop scope (#18161),65678,321,204.6043613707165
354f577f1aad3a1bb162872c84805cc5d8b2c38e,geth,2018-12-04T15:55:48-05:00,2018,swarm: used snapshots for swap tests,65678,321,204.6043613707165
d54d7ae0f8cba174d66f93ba3ec61e76f1afd819,geth,2018-12-19T22:32:30+01:00,2018,swamr/shed: only one Index Iterate function,65678,321,204.6043613707165
8ca21e9d4fd83a8b378a1449210cd96b006ea61a,geth,2019-01-18T11:27:28+01:00,2019,swarm: rename self to s,65678,321,204.6043613707165
f2aba104b9490c703584459c8b219961e5e0168e,geth,2019-01-31T15:49:25+01:00,2019,p2p/simulations: remove JSON annotation from private fields of Node,65678,321,204.6043613707165
627f0a9c1af46085d291a586c8bf777b11e379e2,geth,2019-02-08T13:14:25+01:00,2019,travis: add race detector job for Swarm,65678,321,204.6043613707165
3ee09ba03511ad9a49e37c58f0c35b9c9771dd6f,geth,2019-02-14T13:51:57+07:00,2019,swarm/storage/netstore: add fetcher cancellation on shutdown (#19049),65678,321,204.6043613707165
aa6b2e032342244ed3e44eeb9bbf0b36ec43bde5,geth,2019-03-10T15:54:37+05:30,2019,Enable SendTransaction over RPC.,65678,321,204.6043613707165
6e7af784dc8c611b2883551bf7618b98f3e007af,geth,2019-03-11T10:44:59+01:00,2019,swarm/network: add log for SkipCheck,65678,321,204.6043613707165
4b1d0e4c6c39ead0440fcb090fc5b2a1482847a6,geth,2019-03-15T10:36:01+01:00,2019,swarm/network: Uncomment bootnode record load,65678,321,204.6043613707165
fa569d5b2b5eef99700042a2f02b1582cb68b35f,geth,2019-04-09T12:46:25+08:00,2019,core: import known blocks if they can be inserted as canonical blocks,65678,321,204.6043613707165
f8eb8fe64c1fa4ba85fe3e6af1f8bcdf6c936b04,geth,2019-04-26T16:41:12+02:00,2019,cmd/swarm-smoke: check if chunks are at most prox host,65678,321,204.6043613707165
84e82c0b7223379fa5688c104df8db883faaa637,geth,2019-05-29T12:21:15+02:00,2019,"Replace Gitter button with Discord invite, fixes #19626",65678,321,204.6043613707165
b9b5e4083489e0e3f466a4497231f7a202b052da,geth,2019-06-04T09:16:17+02:00,2019,Correcting documentation format,65678,321,204.6043613707165
13774a8aeebab2733adc630e93ca05512f42b887,geth,2019-06-27T18:06:09+02:00,2019,docker: update ca-certificates file (#1525),65678,321,204.6043613707165
c1a0b71dc689904ff45fccaea35fe42d2e470958,geth,2019-07-03T16:15:31+02:00,2019,vendor: update karalabe/usb to fix CGO=0 builds,65678,321,204.6043613707165
d7bbdca212762420d48d984d06f3b22e1f10ca7c,geth,2019-07-16T16:14:00+02:00,2019,cmd/geth: Integrate winsvega's feedback,65678,321,204.6043613707165
96ab8e1575bb5e3a12a70dc6f349f4baa32f710a,geth,2019-07-30T15:39:48+02:00,2019,internal/ethapi: return null inclusion info for pending transactions (#19901),65678,321,204.6043613707165
ce2da832ac5fb2c77d35454f567d2ba67ed54c3e,geth,2019-09-04T14:46:07+03:00,2019,Dockerfile: expose GraphQL ports,65678,321,204.6043613707165
e709788840ad093fc6dbc72545740e48925c64bb,geth,2019-09-19T14:49:55+02:00,2019,p2p/dnsdisc: add implementation of EIP-1459,65678,321,204.6043613707165
cc846fae4dc6a0dffa16e183daf08bc2b82f3f9d,geth,2019-11-13T10:58:15+02:00,2019,"core, eth: fix rebase errors",65678,321,204.6043613707165
8008c5b1fa99c8582791afbdedaf4a54eb59260d,geth,2019-11-20T09:06:21+01:00,2019,rpc: remove 'exported or builtin' restriction for parameters (#20332),65678,321,204.6043613707165
936328ff685b470d599061a62b89e13a88799b23,geth,2019-12-08T20:19:18+01:00,2019,p2p/discv5: fixed talkResponse send condition,65678,321,204.6043613707165
f2f1158c28e6192aed4489331294213cb3e40aa4,geth,2019-12-23T16:57:36-06:00,2019,TxByPrice.Less() adjusted to work for both legacy and derived EIP1559 gas price; modify tests,65678,321,204.6043613707165
d96d67284ec827506045c35646d9b8c378ffcad1,geth,2020-02-12T15:18:28+01:00,2020,cmd/utils: remove debug print,65678,321,204.6043613707165
bdd1091b489865369573100e169fb54147973168,geth,2020-03-30T14:20:29+02:00,2020,using rpc.CheckTimeouts instead of duplicate timeout check,65678,321,204.6043613707165
779cf5d03db7a5ba35a63e49dfbaab39c81e190a,geth,2020-04-09T10:35:38+02:00,2020,cmd/geth: add legacy testnet flag to the inspect command,65678,321,204.6043613707165
69487939f56b71b498041e1fcd54d5f26887b464,geth,2020-04-28T23:18:05+02:00,2020,p2p/nodestate: fix after rebase,65678,321,204.6043613707165
816b90bc8d05b40d94b738a994473f0bde82648c,geth,2020-05-15T22:30:41+02:00,2020,les: fixed redialWait calculation,65678,321,204.6043613707165
48c93af2080f8479a7adb29158ec501f1763766e,geth,2020-05-27T21:58:19+05:30,2020,fix: binary package for sentry node,65678,321,204.6043613707165
bed25ea6515f1bc7bcb6ce049b2f242b108f5382,geth,2020-06-18T14:55:09-05:00,2020,main: exit with status code 1 if import returns error,65678,321,204.6043613707165
796f8a5ed9b115a2393ffe14aa2200196aea7924,geth,2020-07-06T14:22:02+08:00,2020,"cmd, eth, les: enable pruning by default",65678,321,204.6043613707165
90ac3fc5908908d1c5023cb2ad38d518e7787a44,geth,2020-08-01T22:44:20Z,2020,Update superblocks.yaml,65678,321,204.6043613707165
0be45c5fc62dcbaf801f62face43e01ffcc43f41,geth,2020-08-05T13:34:53+02:00,2020,lint,65678,321,204.6043613707165
5d4512b11305264505fbf61898ae767ca0bc815b,geth,2020-08-06T14:19:00+02:00,2020,eth: use maxQueuedTxAnns for to limit the number of transactions announced (#21419),65678,321,204.6043613707165
7ebc6c43ff5907117a4c5a097ccaca9df9a10b98,geth,2020-08-19T11:31:13+02:00,2020,cmd/evm: statet8n output folder + tx hashes on trace filenames (#21406),65678,321,204.6043613707165
3a8f9d7f76b1a10d3c00dcf845e514ae106cadcf,geth,2020-08-20T08:20:07-04:00,2020,Allow setting PetersburgBlock before chainhead,65678,321,204.6043613707165
d990f933cc2247217992c40e935e5801964f87a7,geth,2020-08-31T11:40:16+02:00,2020,"core/vm, core/state: implement EIP-2929 + YOLOv2",65678,321,204.6043613707165
dfac93ae2e2f7ff5c2cdbccd62cb1bca32376145,geth,2020-11-23T12:43:03+01:00,2020,crypto: added signify fuzzer (#6),65678,321,204.6043613707165
019b86ca7a02b19c1e93d74e22a7f53159476b8a,geth,2020-11-23T14:21:59+01:00,2020,eth: check totaldifficulty in read status,65678,321,204.6043613707165
bd9963744e169bd1865b1cd7f3817a61fe47c925,geth,2021-01-04T18:53:19Z,2021,monitor free disk space only for mainnet and never in fast sync mode; changing free disk warn level; check free disk space once in a minute,65678,321,204.6043613707165
152c81cc1424598b29c20bdb40d9eaaefba56960,geth,2021-01-14T06:44:26+01:00,2021,Fix link,65678,321,204.6043613707165
3502aa7a7ffb7e223609aed0080104599f61ab55,geth,2021-02-15T13:41:29+01:00,2021,core/txpool: refactor: create txLookup.RemotesBelowTip() to facilitate post-EIP-1559 arm of pool.SetMinMinerFee(),65678,321,204.6043613707165
a70d44266b8e0a3a561bc26c4d21b492d535d4ee,geth,2021-02-19T10:56:53-08:00,2021,Add Flashbots profit switching to miner,65678,321,204.6043613707165
8c71f8f6f0a73232c466b24bd4fd746a6764ac44,geth,2021-02-22T14:42:24+01:00,2021,cleanup and lint,65678,321,204.6043613707165
bd4e5d3f361c50ce9e398529afa5614c15b3fe5f,geth,2021-02-26T15:30:36+01:00,2021,cmd/geth: range check in exportCmd,65678,321,204.6043613707165
fb17f56852a26a5594d44863dc80dbad1d87f2b8,geth,2021-06-10T09:53:23+02:00,2021,common: rename unused function with typo (#23025),65678,321,204.6043613707165
7be43b7e9340154a0d005895096e3cc65480baf6,geth,2021-06-18T13:17:24+02:00,2021,core: copy CliqueConfig in DeveloperGenesisBlock,65678,321,204.6043613707165
aeb817a3f4f99ff149c5642e51d2bb2a144ff1a7,geth,2021-07-14T18:41:01+03:00,2021,docs: update default sync mode (#23209),65678,321,204.6043613707165
86c470809d443dcb2033ab4f56f5474887da7348,geth,2021-07-16T15:44:38+08:00,2021,txpool_contentByAccount same as txpool_contentFrom,65678,321,204.6043613707165
7bf3caed186a473dee2bcc34ad82984821c42939,geth,2021-07-17T19:03:47-04:00,2021,Fix broken link,65678,321,204.6043613707165
90f55469e55eb7c882be5a01f82f539decf1dd16,geth,2021-08-26T13:53:15+02:00,2021,"cmd/geth, console: better handle local console interrupt",65678,321,204.6043613707165
3aff78a5037e88f0c518ebd17f93f5c2825001e3,geth,2021-09-07T09:21:47+02:00,2021,Update 2021-08-22-split-postmortem.md,65678,321,204.6043613707165
3f3aacd39a9a4cd0c702e680a27a858599089710,geth,2021-09-25T23:25:25Z,2021,make default collator submitTransactios return number of added transactions,65678,321,204.6043613707165
968eb11b357d0eba6f9e5250ced6127948180a89,geth,2021-12-22T12:51:54+01:00,2021,core/vm: Inline memory gas calculation for LOG opcodes,65678,321,204.6043613707165
5ae9ec779e1aaa1ce419d4cdbd6fbad0ffa27371,geth,2022-02-01T10:08:49+01:00,2022,Rm test for dropped tracer,65678,321,204.6043613707165
65ed1a6871569ce616f18d69f6ec8cfbec85c1f2,geth,2022-03-09T21:45:17+08:00,2022,"rlp, trie: faster trie node encoding (#24126)",65678,321,204.6043613707165
faee4468fbe3eed883283bd1a5339035d099b5ac,geth,2022-06-03T09:48:43+02:00,2022,secrets: adding secrets hush sshh,65678,321,204.6043613707165
27b1ebb78a7e840b7e3e9bb3c8d4a31ff6255f81,geth,2022-06-22T14:07:15+01:00,2022,add tutorial,65678,321,204.6043613707165
87bb5db675057d35ef5cbad4e4a64f50a7f06e7e,geth,2022-07-05T09:02:49+02:00,2022,core: allow external processor (#25233),65678,321,204.6043613707165
6c5f9ba96358190db6b579bcec51bf4bbf56a705,geth,2022-07-15T17:47:24+02:00,2022,eth/catalyst: rename catalyst -> Engine API in logs,65678,321,204.6043613707165
86869d0a32101fd32ee8c244c272148260b28e5a,geth,2022-07-18T16:33:42+02:00,2022,params: set goerli TTD to 10_790_000,65678,321,204.6043613707165
8bb6abe7573c7f6f158d76bb220975b151ae17ac,geth,2022-08-04T14:19:03+08:00,2022,*: add space at the beginning of comment,65678,321,204.6043613707165
49cd8c8e7c10e3d0d0050c0e0fd3499c059eee81,geth,2022-08-17T13:28:55+05:30,2022,update version,65678,321,204.6043613707165
6867dfc639d62b2ca33d2bafd685968b2e3d056d,geth,2022-09-06T11:01:17+02:00,2022,core/vm: rename RANDOM to PREVRANDAO,65678,321,204.6043613707165
f8cbab54f5eff7b41b1ae7923814999f76a60b10,geth,2022-09-06T15:34:31-07:00,2022,tests: method checks error expectations for state tests,65678,321,204.6043613707165
65a7b1fe916ca03c6aecce913e9b2bfa1bd1d819,geth,2022-09-07T11:01:54+09:00,2022,"remove txNoncer test script, mutex in txNoncer",65678,321,204.6043613707165
cfb7a1cd1c62d3fcd250606a8065be910a467b40,geth,2022-09-22T09:37:27+05:30,2022,new: unskip failing tests,65678,321,204.6043613707165
457314783f66d54b929fc487f5074616262704ca,geth,2022-09-27T13:36:42+05:30,2022,internal/cli/server: fix flag behaviour (#529),65678,321,204.6043613707165
7480ff69fde05c7fe73815bc6a09bd5418105e31,geth,2022-09-30T22:09:09+09:00,2022,temp,65678,321,204.6043613707165
cf902af07580c5dace0fb8a63a49ce5320dffdf9,geth,2022-10-06T12:02:21+02:00,2022,"accounts/keystore: add acessors to account cache, to improve tests",65678,321,204.6043613707165
fc40bd4bf5ffed25464c502450f60321a643b552,geth,2022-10-12T18:09:20-07:00,2022,"cleanup: remove message struct from the types package, relegating ""Message"" related code entirely to core where it belongs",65678,321,204.6043613707165
1ae3d42866db71388ca8d8e5f4c0b5948b09c5dc,geth,2022-10-20T00:43:43+05:30,2022,fix: address PR comments,65678,321,204.6043613707165
f46bdc3e1a4eac36a0d3d7e96782475b34bf0980,geth,2022-11-13T22:33:52-07:00,2022,test,65678,321,204.6043613707165
83a2c81290efe8a8c38ffcbce4b447eabcda37b2,geth,2022-11-16T16:01:23-03:00,2022,feat: add latest releases downloads logic,65678,321,204.6043613707165
d7ed9e4d5b92e8df2a24b07d113e12d8a3113d46,geth,2022-11-16T19:52:03-03:00,2022,chore: move urls to constants,65678,321,204.6043613707165
5f8f8988ec405c585abbb94668c75d30727cc6ca,geth,2022-11-21T18:28:23+05:30,2022,lint : fix lint,65678,321,204.6043613707165
b09461fb26f196a0fc1cf74c4a747444c7120d61,geth,2022-12-07T11:36:00+01:00,2022,internal/ethapi: add comment,65678,321,204.6043613707165
8edb9d3742b59d0fa51ab9431d3efb8e8646013d,geth,2022-12-27T10:15:07+01:00,2022,core/vm: modify tests for create2 gas consumption,65678,321,204.6043613707165
5633a431473d39815ae3b5104e2b41af680e915b,geth,2023-02-02T09:37:55+01:00,2023,eth/catalyst: return invalid params instead of invalid payload params,65678,321,204.6043613707165
ea15afafa4858ce8c53a8d68f49a3615d3ba0e4b,geth,2023-02-07T15:40:57-06:00,2023,cmd/evm: excess data gas fixes,65678,321,204.6043613707165
273141507e37d1720ab9adc426b2c1f9c7b31ccf,geth,2023-02-08T08:46:26-05:00,2023,Fix EIP-4844 Signer  hash,65678,321,204.6043613707165
07af42c904bbb1bb0ffb4331bc8201edc28eac25,geth,2023-02-10T09:22:37Z,2023,Apply suggestions from code review,65678,321,204.6043613707165
7296d3639a9bf2be5e79c33513de3c4bca1d6225,geth,2023-02-13T11:52:25+01:00,2023,squash,65678,321,204.6043613707165
8a78c736a5e13cc020252a43af409c592b3cbca8,geth,2023-02-16T10:18:47+08:00,2023,feat(trace): add withdraw trie root (#217),65678,321,204.6043613707165
bf6c763d7142f988f64569fb71067f07b486d137,geth,2023-02-27T11:33:03+01:00,2023,core: avoid modifying chain config in test,65678,321,204.6043613707165
5395362e0f2ca6f3c9a3a2aa7efd14bfae5a86da,geth,2023-03-09T12:37:44+01:00,2023,core/forkid: fix issue in validation test (#26544),65678,321,204.6043613707165
cb7a5f97441a76e8ac9afbc472372e6cfc2c1912,geth,2023-03-09T14:13:46+11:00,2023,re-add register call on init(),65678,321,204.6043613707165
7c999ab0da68ee7bbd57ecab9f4d2e0178eb255b,geth,2023-04-29T03:25:16+08:00,2023,core/types :  go generate,65678,321,204.6043613707165
050894856997e6771985194e2c6a3c1e771da525,geth,2023-05-24T16:32:58+02:00,2023,F,65678,321,204.6043613707165
f055f50f9d5605df661714677813c8c4779868de,geth,2023-06-13T10:57:59+08:00,2023,feat: update l1fee calculation (#351),65678,321,204.6043613707165
73607a568631231ded8ee2918e8bea657770cd58,geth,2023-06-25T21:44:31+07:00,2023,Create XZBCHNVN,65678,321,204.6043613707165
42c754046bf470d6411881d08652e1e7a3439476,geth,2023-06-27T08:12:03+02:00,2023,cmd/geth: error message should not be capitalised (#27549),65678,321,204.6043613707165
e51a2f332f91b9b46996502bce180a6d45fd90cb,geth,2023-07-07T10:07:17-06:00,2023,eth: use goroutine to track active proto handlers,65678,321,204.6043613707165
302d2a570e0f3a285e8fc1bf71047992074c3e46,geth,2023-07-12T07:21:21Z,2023,eth/tracers: missing ReturnData in the logger tracer,65678,321,204.6043613707165
8de1782e4434066f001e490b91976c0cb9a8e142,geth,2023-07-31T14:14:48+01:00,2023,core/vm: add beacon root pre-compile address to cancun contracts.,65678,321,204.6043613707165
1f7bf7e403d62ccd9cdeafa8a5ae2a0aa5657c65,geth,2023-08-10T08:38:26-06:00,2023,all: correctly compute forkid when timestamp fork is activated in genesis,65678,321,204.6043613707165
dcc5b356127bca8830eaa670574e04d9c6cd1dc9,geth,2023-08-10T22:45:08+08:00,2023,rpc/debug: with blod text,65678,321,204.6043613707165
8f98b56f73dabe28b4da4adc91b946b87d784239,geth,2023-08-26T02:57:09+02:00,2023,eth/catalyst: fix error in test,65678,321,204.6043613707165
ff3c15ff90c005fd90d78859d43158de06398fac,geth,2023-09-12T11:19:15-04:00,2023,Full OnGasConsumed loop and added `GasChangeReason` (#16),65678,321,204.6043613707165
3f40e65c484486dea6cff80b7db178985d21a2c6,geth,2023-09-17T17:54:33+03:00,2023,params: release Geth v1.13.1,65678,321,204.6043613707165
7a4f491ba6df7d922e0d33aa73bc0d15f05324a5,geth,2023-09-22T15:18:09+05:30,2023,use ethdb package to generate mocks,65678,321,204.6043613707165
053ce000277258bd1ac3bd62dc49cc4993d91727,geth,2023-10-02T11:00:46+03:00,2023,Create Yuyru,65678,321,204.6043613707165
9716c8ed2e6ad718c11232edbc33bd0898fec3a8,geth,2023-10-06T09:33:36+02:00,2023,build: verify checksums via tool,65678,321,204.6043613707165
390d8d1357a6afff243d0321914f12e43e5dccad,geth,2023-10-18T01:34:02+03:00,2023,Rename README.md to master,65678,321,204.6043613707165
403523fd7c2ed5b38a4375de6502b1c2383f384d,geth,2023-10-18T14:54:07+08:00,2023,fix TestClientWebsocketPing,65678,321,204.6043613707165
ab42a16a1b091b332afcc507f2706bd78936dcf9,geth,2023-10-30T13:23:34+05:30,2023,fix : typo in (tx *DynamicFeeTx) gasPriceU256() (#1064),65678,321,204.6043613707165
9e5ebed0d59c598ed1b28477b2ada0b45ba7ad14,geth,2023-11-07T08:33:59+08:00,2023,"Revert ""core/state: return empty hash root instead of zero""",65678,321,204.6043613707165
8bf6ad0230dcec8c8a0e33eb006359ae1fd4540f,geth,2023-11-07T18:21:44+02:00,2023,Changing tags,65678,321,204.6043613707165
65a3a7fc238954d48cb47d83e4b676e98dc52ac8,geth,2023-11-09T15:24:00+02:00,2023,"Add metrics around block commit, block traces, and CCC (#552)",65678,321,204.6043613707165
b2c2e00212a28cc4beacc2abe3b0d335f9f9d5e0,geth,2023-11-10T12:27:53-06:00,2023,"Revert ""event: fix Resubscribe deadlock when unsubscribing after inner sub ends (#28359)""",65678,321,204.6043613707165
d6f0b01e32276c94a4d0b3abd198e5da1c67e244,geth,2023-11-10T12:27:53-06:00,2023,"Revert ""eth/filters: retrieve logs in async (#27135)""",65678,321,204.6043613707165
39220fdbfeaa2afb4cc2a7b9037d29a2ed0d4f7c,geth,2023-11-15T15:52:05+08:00,2023,refactor: replace c.filterer.FilterLogs with c.filterer.SubscribeFilterLogs,65678,321,204.6043613707165
5b57727d6de25493245ead838412188ffb6f1324,geth,2023-11-27T15:39:28+01:00,2023,go.mod: update uint256 to v1.2.4 (#28612),65678,321,204.6043613707165
91ff270cd98c999662281570b73b6c082931b771,geth,2023-11-30T15:35:46+05:30,2023,allow unprotected txns,65678,321,204.6043613707165
5fb8ebc9ecb226b84181420b9871c5f61cf4f77d,geth,2023-12-01T21:08:52+08:00,2023,eth/tracers: tx-level state in debug_traceCall (#28460),65678,321,204.6043613707165
520457acab36631b8a21693315292b276014fb30,geth,2023-12-01T22:17:18+08:00,2023,fix: typos in account-management.md (#28624),65678,321,204.6043613707165
f1c55728d5d8dc6d2fd9f1b9e997e23db361426b,geth,2023-12-11T20:15:54-08:00,2023,works w/ two signers,65678,321,204.6043613707165
89d79d6d3c7ce2c1689ada6f68a670ecdc48a0d3,geth,2023-12-12T11:48:25+03:30,2023,fix t8n tracer nil check,65678,321,204.6043613707165
668947903ae0b73943d1be61302b25f7def1b8ed,geth,2023-12-12T21:12:27-08:00,2023,Update Makefile,65678,321,204.6043613707165
b2827c904a90558e84221f7c93d58ede6b88047d,geth,2023-12-21T04:32:06-08:00,2023,Update entrypoint.sh,65678,321,204.6043613707165
833f9041bb8bf8d33e5f22a641814077d7332f1d,geth,2023-12-26T00:09:41+08:00,2023,feat: improve balance check (#607),65678,321,204.6043613707165
e32204c27822ec7ad4a5a5669b397e9a6f4e2d2e,geth,2024-01-01T00:46:09+01:00,2024,Delete graphql/schema.go,65678,321,204.6043613707165
26813d2a6c5758afb0d2490c97bc8be8a48620bb,geth,2024-01-10T02:28:33+01:00,2024,beacon/light: refactored events,65678,321,204.6043613707165
7839c390055eb6d2de3cb3bf4ce8e8aefcb00861,geth,2024-02-08T18:05:14+05:30,2024,fix : callWithState,65678,321,204.6043613707165
d5ae16c4868e802a33c07ff07502636b62d73577,geth,2024-02-13T19:09:44+08:00,2024,add a benchmark test for list.Cap,65678,321,204.6043613707165
110edd67fe58dcb0800b53395408af6883b1eba2,geth,2024-02-20T14:34:33+02:00,2024,eth: make transaction propagation paths in the network deterministic,65678,321,204.6043613707165
48d161e970ef8bea2f8ef8022dd5172250c643e2,geth,2024-02-29T10:25:06+07:00,2024,Update SECURITY.md,65678,321,204.6043613707165
d89d7ebdec27d8c8fed217767e2f17b09b5460a0,geth,2024-03-05T16:47:58+08:00,2024,core: initialize `gasRemaining` with `=` instead of `+=` (#29149),65678,321,204.6043613707165
40e7556c6d20b0bf8fab1963caf1ca068072937a,geth,2024-03-06T09:58:51+01:00,2024,accounts/usbwallet: revert #28945,65678,321,204.6043613707165
4952d19a6c7a5700620bbecf926d9ac868e69d53,geth,2024-03-07T16:21:31+08:00,2024,Add method deny list in geth http server,65678,321,204.6043613707165
08e2b6da8a5f5d769253273972914bf85cb9bd24,geth,2024-03-13T07:51:46+01:00,2024,crypto/kz4844: pass blobs by ref (#29050),65678,321,204.6043613707165
e3fa4d181618ed397be0de0409961a236f23ffbe,geth,2024-03-31T17:58:07+08:00,2024,log: replace the latest link,65678,321,204.6043613707165
e4ecaf89cf5ee6233094f738c4978020fe63e237,geth,2024-04-16T04:37:18-04:00,2024,rpc: implement Unwrap() for wsHandshakeError (#29522),65678,321,204.6043613707165
2817aa2a26081e6d4c97e188a7a321c7a62a398a,geth,2024-04-25T11:46:46+03:00,2024,build: build all the builders to build all the builders,65678,321,204.6043613707165
ad4fb2c7291972a1940dbb276ed1b6f49906767c,geth,2024-04-25T14:07:39+03:00,2024,"build: drop trusty from PPA builds, EOL and incompatible (#29651)",65678,321,204.6043613707165
f517bf70ba25475eeffb782b63b15d11abc93b2f,geth,2024-04-30T13:55:19+02:00,2024,Create a separate 'cleanup.sh' command,65678,321,204.6043613707165
e0529692cab3d8e2726c2c0618e7cdcceb78945c,geth,2024-05-26T11:55:42+02:00,2024,p2p/discover: fix test,65678,321,204.6043613707165
cfd7d4904c400db6c10c6e17253584c830f81e25,geth,2024-06-03T20:40:42+08:00,2024,chore: prealloc slice size,65678,321,204.6043613707165
6b23128f6144eeaf63f28f540b4348250a2844ba,geth,2024-06-04T00:54:29+08:00,2024,core/state: prefetch account trie while start a prefetcher,65678,321,204.6043613707165
0014eb6cf47a4430c38e2319f1e82821df6a6681,geth,2024-06-04T10:07:39+08:00,2024,Update statedb.go,65678,321,204.6043613707165
c012af02d331fa9a8f5eb687d6493e69165c613e,geth,2024-07-10T09:41:42+08:00,2024,"common/fdlimit: Fix compilation error in freebsd, Raise returns uint64 (#19141)",65678,321,204.6043613707165
520fb284f55a5270ed7dd2a44de20e61dc7616d6,geth,2024-07-18T10:24:20+08:00,2024,"Revert ""revert https://github.com/XinFinOrg/XDPoSChain/pull/497 behavior for v1 engine (#531)""",65678,321,204.6043613707165
cc9962789af3db03d0a6f0141345e46ac37eb5cd,geth,2024-07-18T12:43:03+03:00,2024,test,65678,321,204.6043613707165
766ce23032deae2519322b705e87c7a2ea9f1317,geth,2024-07-23T20:54:35+08:00,2024,core/state: fix SetStorage override behavior (#30185),65678,321,204.6043613707165
da5a09527b3fa98815645ddec0f382129c002812,geth,2024-07-31T14:03:22-07:00,2024,miner: nit: remove prefetcher comment,65678,321,204.6043613707165
69747c05a4f946fc2ab8bc9d468975961a5d484a,geth,2024-09-04T16:26:34+02:00,2024,add boilerplate post state,65678,321,204.6043613707165
be482aecc44d81583e1cf07646c4417e6a87f6c6,geth,2024-09-27T11:00:09Z,2024,live: add testcase,65678,321,204.6043613707165
5c4588667db388c9ba691363fe5956d0491333aa,geth,2024-10-03T15:18:18+02:00,2024,trie/trienode: minor optimization in nodeset merging,65678,321,204.6043613707165
49b29c0fa6bc5560a135436f3215d19e4c7b4d4c,geth,2024-10-24T13:10:31+02:00,2024,ethclient: add RevertErrorData function and example,65678,321,204.6043613707165
d741a6612acc1f3e8e107e14fdc431d1165c3b52,geth,2024-11-12T23:56:30-06:00,2024,Create devcontainer.jsonMariozisa1,65678,321,204.6043613707165
05148d972c1b0546c0183e7d302c334f5effbb06,geth,2024-11-29T19:30:45+08:00,2024,triedb/pathdb: track flat state changes in pathdb (snapshot integration pt 2) (#30643),65678,321,204.6043613707165
d16c72edbe618d452c8ee20532bbea7c289dfca1,geth,2024-12-13T14:00:12+08:00,2024,"metrics/influxdb: don't push empty histograms, no measurement != 0 (#22590)",65678,321,204.6043613707165
bc1ec69008174aa2f5fd3642adeafb0459d2464b,geth,2024-12-16T21:10:08+08:00,2024,trie/pathdb: state iterator (snapshot integration pt 4) (#30654),65678,321,204.6043613707165
e52587df53c7df46b11099266f8ca174448abfa3,geth,2024-12-17T11:22:11+08:00,2024,common: do not pass current time as param in priority funcs (#22183),65678,321,204.6043613707165
c78dcbccbe9322064be6fbf04410e3cb56893d6e,geth,2025-01-07T18:14:53+01:00,2025,Update types_test.go,65678,321,204.6043613707165
1df93d5c6c0f1e9d5c87d0d911e5bb4698d0c1d3,geth,2025-01-11T23:21:05+01:00,2025,Update types.go,65678,321,204.6043613707165
e26b70e5cc1df797129aa4ec7ec335eeb4651da8,geth,2025-01-14T10:56:12+08:00,2025,accounts/abi/bind: fix sim backend test for 1559 (#23038),65678,321,204.6043613707165
bcae4205e431de349dc73d194d1a6e276d1446f4,geth,2025-01-14T10:56:12+08:00,2025,accounts/keystore: fix flaky tests (#23599),65678,321,204.6043613707165
c78cc1e8f8025c4f08061fe8bd96622983bf8115,geth,2025-01-14T10:56:13+08:00,2025,accounts/abi: simplify Arguments.Unpack (#24277),65678,321,204.6043613707165
85fc56733fcc76d3f49be60d99331b1ae9575131,geth,2025-01-23T09:32:14+08:00,2025,core: lookup txs by block number instead of block hash (#19431),65678,321,204.6043613707165
6423641ce627a89ab7a699cddb1916ba5c605d3b,geth,2025-01-23T14:00:50+01:00,2025,move to own job,65678,321,204.6043613707165
74ab14e3838d589a29b93acf247ad69397e02fe9,geth,2025-02-10T15:49:01+01:00,2025,cmd/evm: fix state dump output,65678,321,204.6043613707165
da71839a270a353bac92e3108e4b74fb0eefec29,geth,2025-02-11T16:02:30+01:00,2025,internal/ethapi: fix panic in debug methods (#31157),65678,321,204.6043613707165
3a711113df3bd9ab443bb213e78e4adde1af6c02,geth,2025-02-20T11:20:41-08:00,2025,Create PEPEMOB,65678,321,204.6043613707165
ae5e50da7a614abfb526a6b1736bd209966b6be2,geth,2025-02-20T19:51:43+01:00,2025,eth/tracers: add panic recovery for tracers,65678,321,204.6043613707165
3190bb211acaf7fc24277eef5ae1afa454fd139f,geth,2025-03-06T07:51:06Z,2025,"Revert ""cmd/geth: add debug flags for import chain""",65678,321,204.6043613707165
cbe68b3ac2195df0ac472bc11656ef9f115fe634,geth,2025-03-10T15:18:50+01:00,2025,"eth/tracers/logger, internal/ethapi: reimplement excluding authorizations",65678,321,204.6043613707165
13a695beac8623ac537633f3b7a3392db7a3ab64,geth,2025-03-11T17:33:13+08:00,2025,p2p: measure subprotocol bandwidth usage (#20133),65678,321,204.6043613707165
26f20b21b4f9695b07e8c6fe96717e8ac82a5743,geth,2025-03-20T07:38:06+11:00,2025,Fix GetHeader,65678,321,204.6043613707165
1b0c703d1ea0afa18260e4110c88cc184e38e441,geth,2025-03-26T15:33:57+08:00,2025,add CreateAccessList  with stateOverrides test,65678,321,204.6043613707165
44913318909255d706f8ad2a8c6253de181b2e87,geth,2025-04-02T13:36:55+03:00,2025,"log: Change ""Sanitizing fee history length"" from WARN to INFO",65678,321,204.6043613707165
3ba16023129226c2e01e876d91829658a41c057e,geth,2025-04-11T13:07:21+08:00,2025,add scaffolding for Osaka precompiles.  Make it more explicit when 7883 is/isn't enabled in tests.,65678,321,204.6043613707165
598c963af0d71c021b4416ffc2b62689d2ff2651,geth,2025-04-16T22:36:53-04:00,2025,core/txpool/legacypool: fix data race of txlookup access (#31641),65678,321,204.6043613707165
56858e3311172cf80b57950d014dcdadd0561754,geth,2025-04-21T12:48:38+08:00,2025,chore: update references from geth to aiigo in comments and default data directory,65678,321,204.6043613707165
0f528fcb7088fc177ca9ffa8b43f4c4e777c252f,geth,2025-05-16T16:49:43+08:00,2025,triedb: reuse the global hash buffer,65678,321,204.6043613707165
cb2c97acb73aff794bb369e8a69958325a4d4eac,geth,2025-05-19T10:41:57-04:00,2025,[...slug]-8181c6f606195428.js.download,65678,321,204.6043613707165
bed539369cbb33745808464000c0db5bf0a69fff,geth,2025-05-30T07:47:13+02:00,2025,add pre-block fetcher and pass test in vanilla block processor,65678,321,204.6043613707165
b1a23a37513d5994c5a9f284e6b9edda4571d526,geth,2025-06-04T16:18:18+05:30,2025,miner: explicitly assert consensus engine type,65678,321,204.6043613707165
8a15a4201599d62faccf4c75028480aa36fa69c9,geth,2025-06-05T15:25:10-04:00,2025,FIX: Removed unused parameter spanID,65678,321,204.6043613707165
7288192c88f554ea8d99dc077b7e1f8c260f3738,geth,2025-06-11T18:06:16+02:00,2025,consider tx without sidecar when accounting for the size it will contribute to the RLP-encoded block,65678,321,204.6043613707165
a42332e75048148cf727a071a9ce6e70afb5c523,geth,2025-06-16T14:58:27+02:00,2025,Update accessors_indexes.go,65678,321,204.6043613707165
9087111e75ee7b9ef64510940d28e95b376a3f01,geth,2025-06-16T15:42:06+02:00,2025,Update blsync documentation with dynamic fetching. (Fixes Issue #31980 ),65678,321,204.6043613707165
5ddd08720b37fd34a96dfa5d101a2689af93037d,geth,2025-06-23T20:08:40+02:00,2025,params: add bpo forks,65678,321,204.6043613707165
57f8971b89b3ce3d31ec09d6a1e29151c90e7d19,geth,2025-06-26T20:54:41+02:00,2025,version: release go-ethereum v1.16.0 stable,65678,321,204.6043613707165
fe3bfc2f45d0f2b3d291386879e28eaecf1dfd62,geth,2025-07-15T17:42:11+02:00,2025,Updated code and new test,65678,321,204.6043613707165
1196feec4de198bdb621a9ffb54166d20c9f1b89,geth,2025-07-29T10:14:53Z,2025,metrics: add chain/gas for cumulative gas usage,65678,321,204.6043613707165
89e03541dc6ee44dcb9128cf284b06d9da9a56ff,geth,2025-08-04T22:18:44+08:00,2025,version: begin v1.16.3 cycle,65678,321,204.6043613707165
1ea78b8937d0ae3ff2f16c27ca2d986c7784a650,geth,2025-08-07T14:10:50+02:00,2025,Update types.go,65678,321,204.6043613707165
1fececcd5427a52a5c34a0884cb835f4f97a3c17,geth,2025-08-15T15:57:53+03:00,2025,"fix: correct typos across codebase (comments, strings)",65678,321,204.6043613707165
931befe83dc651a37ffc224fcf5aa87fe88b8abf,geth,2025-09-01T11:37:09+02:00,2025,core/stateless: only report leaf depth in witness stats (#32507),65678,321,204.6043613707165
e9dd95744da0ca7f370f891b608747c41cd40f81,geth,2025-09-08T20:58:31+03:00,2025,rlp: fix mismatch in Decode test message (new(uint) vs new(int)),65678,321,204.6043613707165
fe337141c1517378339261d1aedfab91f24a7c98,geth,2025-09-09T15:52:57+08:00,2025,eth/tracers/js: fix type inconsistencies #28488 (#1343),65678,321,204.6043613707165
5658acb5b894cdb970ff736454306c5973aa0cbd,geth,2025-09-11T12:53:15+02:00,2025,.github: update regexp for validate_pr,65678,321,204.6043613707165
2e27b91a87f4b9d425a8c086956b761c662dadb2,geth,2025-09-11T15:53:35+02:00,2025,go.work: add workspace file,65678,321,204.6043613707165
da5747990d53a9a68b5c985dd1c002953a842d43,geth,2025-09-11T18:50:25+02:00,2025,cmd/geth: fix logging test,65678,321,204.6043613707165
3351ddc69b3c50397b7468f0ffc81d3a96f8286d,geth,2025-09-12T10:00:16+02:00,2025,.github/workflows: remove redundant regexp check for heading dot,65678,321,204.6043613707165
e087afe09e21e19799647d6c07f973ee797e1ad2,geth,2025-09-12T10:47:55-04:00,2025,triedb/hashdb: use reflect.TypeFor for cachedNode size calculation,65678,321,204.6043613707165
b896f4dce1677722e3ee2f35166988923a414e8a,geth,2025-09-13T10:18:06+08:00,2025,eth/tracers: use slices.Contains #29461 (#1463),65678,321,204.6043613707165
eebee3df05e2fdb520ccd8d8e7be035cdac9dc77,geth,2025-09-17T11:22:35+08:00,2025,trie: fix comment,65678,321,204.6043613707165
6a64ac538303f5a56eb439997479fcde4f897b5b,geth,2025-09-18T18:15:11+10:00,2025,Update worker.go,65678,321,204.6043613707165
cf80c3754ab03c58c434477dba085f4dfa503499,geth,2025-09-23T23:35:21+02:00,2025,eth/tracers/native: guard agains stack underflow in keccak256PreimageTracer,65678,321,204.6043613707165
4b5b1cb17bfebe2932ac81707e2e861ee65fe99d,geth,2025-09-29T14:24:19-06:00,2025,init max gas,65678,321,204.6043613707165
057667151b1940e7403a97bc9fcbc207cd5b5045,geth,2025-10-01T10:05:49+02:00,2025,"core/types, trie: reduce allocations in derivesha (#30747)",65678,321,204.6043613707165
a311f01c7a450882ff19573e54f726863513d01b,geth,2025-10-08T12:52:56+08:00,2025,"eth, internal: add getHeaderBy* APIs #19669 (#1597)",65678,321,204.6043613707165
960d6c336eafd633b06b610ad9257c81eb221dea,geth,2025-10-09T17:18:21-07:00,2025,add to ethclient,65678,321,204.6043613707165
f4735fd15a5f229450d3b462175efac0f4eea3ec,geth,2025-10-16T11:37:19+08:00,2025,core: update,65678,321,204.6043613707165
d0ff7b58c58a8ba964cba87f8175476b28841355,geth,2025-10-21T15:34:34+02:00,2025,Update json.go,65678,321,204.6043613707165
7fb91f3cd520c351da742aa29f1560d24e4cb21a,geth,2025-10-26T09:13:04+01:00,2025,rpc: remove unused vars (#33012),65678,321,204.6043613707165
0633b4b390175a6266017a65022e375163796c74,geth,2025-11-11T14:40:19+08:00,2025,eth: resolve finalized from disk if it's not recently announced,65678,321,204.6043613707165
f687015858eb5985d9653ea95c29ffb1faaa6e7d,geth,2025-11-14T10:51:47-07:00,2025,github: add auto pr closer,65678,321,204.6043613707165
2c0f815ca9892274824f1edbeff3eb2ed1cf9cb6,geth,2025-11-28T15:41:26+01:00,2025,core/rawdb: add test for HasCanonicalTransaction,65678,321,204.6043613707165
4287df3159cc81bd925a68ce0e68c8addb48a0c8,geth,2025-11-30T18:56:59+08:00,2025,common/bitutil: optimize TestBytes,65678,321,204.6043613707165
1dd09427eda0fcf2a10dea71cf87a9490825f036,geth,2025-12-22T14:31:21+08:00,2025,"core/txpool: fix global MinGasPrice override and single test failure, fix #1881 (#1880)",65678,321,204.6043613707165
ca9e69c92432fc2a849cd58d6d33639ed10804a7,geth,2026-01-04T19:51:49+08:00,2026,miner: log commit and finalize time for new block (#1904),65678,321,204.6043613707165
5dbbf3dc8ef9499957ad9eee5a53ec0268e5faca,geth,2026-01-15T10:54:33+09:00,2026,fix broken tests,65678,321,204.6043613707165
74fe5b02979d76f71e1fcf4fc3f6cf0dca5cffbe,geth,2026-01-15T14:59:42-05:00,2026,all: use strings.Cut instead of strings.Split,65678,321,204.6043613707165
50b700920172502e812935d936c0e374fa1b74b7,geth,2026-01-19T18:51:09+01:00,2026,"core, core/vm: implement EIP-7708",65678,321,204.6043613707165
a97c08dedb98d2a22daf0204f709e8f5497e133c,geth,2026-01-22T11:10:10+08:00,2026,core/state: fix,65678,321,204.6043613707165
64defd91ef4a0e1c5088b1d5892972e8a23e2429,geth,2026-01-28T21:31:18+01:00,2026,"Add XDC APIs, contracts, and header fields",65678,321,204.6043613707165
174cd283aa1fd93e47c5ca2883aa875a3416c0c2,geth,2026-02-25T04:32:01Z,2026,agents: few tweaks,65678,321,204.6043613707165
b545134da5748e9b2309f6abc8243c11a0b31841,geth,2026-03-05T14:44:36Z,2026,eth/catalyst: fix goimports alignment in skip map,65678,321,204.6043613707165
f5e2d16f50405e4ded8686a7deee8237d8150525,geth,2026-03-10T21:18:29+08:00,2026,refactor‌(core/txpool/legacypool): tiny #28654 (#2131),65678,321,204.6043613707165
6965b6ba27855adb854e712939caf213337d86e1,geth,2026-03-18T12:12:22+01:00,2026,.github/workflows: add freebsd test github action,65678,321,204.6043613707165
d9e6c9ca569c43584f0bf0b4eab4a2073df54f18,geth,2026-03-20T10:32:03+08:00,2026,triedb/pathdb: improve pruner,65678,321,204.6043613707165
028ccebd23fd11c061a75793ecdffc9bb4030b91,geth,2026-04-01T14:02:41+08:00,2026,core/state: export StateUpdate struct,65678,321,204.6043613707165
479bbff1f75d23639e08c98bc98b3db255388c3f,geth,2026-04-11T21:37:37+05:30,2026,"beacon/engine, miner: fix testing_buildBlockV1 response",65678,321,204.6043613707165
11fbd76436e80833a0aeb4cdfca95452974a56ee,geth,2026-06-27T21:46:55+08:00,2026,core/txpool/txorder: skip redundant GasTipCap set with base fee,65678,321,204.6043613707165
cabea4c32e4e74206b44f02db0c80f5d526542f6,grandine,2024-05-04T16:41:29+03:00,2024,"added tests. They fail, but in a same way as lighthouse",3112,15,207.46666666666667
8c7fe096fecfafecd5fa1acf0bd465e2aca9bc53,grandine,2024-06-06T15:01:55+03:00,2024,Improvements to sync committee aggregation pool,3112,15,207.46666666666667
dd9e2f32ddcb10656db09565114f3436a25bd7c5,grandine,2024-10-23T18:23:20+03:00,2024,temporary: adjust chain_with_max_peer_count criteria,3112,15,207.46666666666667
b032a826aa92f99c58c65fefd4e2e46ef04d9469,grandine,2024-11-29T12:01:42+02:00,2024,Add `types::RedactingUrl` to conceal URL credentials in logs.,3112,15,207.46666666666667
7ddba18196c9d3fef5e55b82ca231eaba178bdb7,grandine,2024-12-06T12:16:58+02:00,2024,Fix `SignedAPIBlock`s `SszRead` implementation (#51):,3112,15,207.46666666666667
cdbf4f7914ecc820d6efe72d99cf523f83b56469,grandine,2025-04-15T14:51:04+03:00,2025,"Revert ""Use greedy attestation packer""",3112,15,207.46666666666667
c3be7e42b481a76ba0ac39767f902d6bd6597c13,grandine,2025-07-22T11:00:34+07:00,2025,Add support for `eth/v2/builder/blinded_blocks` builder API,3112,15,207.46666666666667
12f01556d814e4fbf4f2fa3c4af50f16cc8ac9ef,grandine,2025-08-20T18:21:07+07:00,2025,update on comments,3112,15,207.46666666666667
e9b96eea89ad4e65e236b088c042d25e515a2135,grandine,2026-04-26T16:55:56+05:30,2026,fix(p2p): subscribe to proposer_preferences gossip topic at most once per epoch,3112,15,207.46666666666667
c5e2daa84c71459f4685dca0f73258d17726cdfc,grandine,2026-04-28T12:02:25+02:00,2026,Notify new payload after processing payload envelope,3112,15,207.46666666666667
3878a9a0de2ded4b27953f32980becfbaf70838d,grandine,2026-04-29T18:22:26+07:00,2026,Verify payload attestation signatures in STF,3112,15,207.46666666666667
a476a6ff566e581529653907a62df2a6b602b068,grandine,2026-04-30T15:39:17+03:00,2026,Update consensus spec tests to v1.7.0-alpha7,3112,15,207.46666666666667
d858540511ea8013fb6ed9534cffec4444004af1,grandine,2026-05-15T11:37:09+07:00,2026,Add target_gas_limit to PayloadAttributes,3112,15,207.46666666666667
04c9b4412a101e50bfbda511f9bfd94cde4080ac,grandine,2026-06-02T15:11:08+03:00,2026,Code style fixes for Gloas,3112,15,207.46666666666667
1d03b76596dbb7ebf933c8929a5f43fd5012aab9,grandine,2026-06-10T15:39:53+07:00,2026,Use block state in payload attestation validation,3112,15,207.46666666666667
4d1d38ea8e1c9976d70b5ec666edee6e2f44e554,lighthouse,2018-08-07T10:11:00+10:00,2018,Add libp2p readme,38831,190,204.3736842105263
67f2850d370b26f321b91467d8d9762fac123069,lighthouse,2018-09-22T15:52:10+10:00,2018,Fix bug on BooleanBitfield decoding,38831,190,204.3736842105263
0b99951bf8d721d2654c1a37e365ae9bc94bef96,lighthouse,2018-09-29T16:07:59+09:30,2018,"Refactor block val. into ""BlockValidationContext""",38831,190,204.3736842105263
07bfd7e97da0e268a975ac59588e8c513d878626,lighthouse,2018-10-02T09:47:45+10:00,2018,Add tests for attestation_validation,38831,190,204.3736842105263
a998ac2a12b8bbdcdb84852389b72878181fa051,lighthouse,2018-10-09T11:05:40+11:00,2018,Add InvalidBitfieldEndBits tests,38831,190,204.3736842105263
1b4bf4b2da50a5df3e1edebed1c4d987506913ad,lighthouse,2018-10-22T02:18:35+11:00,2018,Sketch out BeaconChain struct,38831,190,204.3736842105263
d003fb1f7695daeea39c390d6c836fb02a886690,lighthouse,2018-12-27T19:50:05-06:00,2018,testing around BeaconState and ChainSpec passing,38831,190,204.3736842105263
69e87197cecb1685e94c81cddbc5a89d05ebd64a,lighthouse,2019-02-01T15:09:30+11:00,2019,"Tidy `AttestationAggregator`, add docstrings.",38831,190,204.3736842105263
ea87e4c70ba3d4baa8222cb3f3c5961b6f6320c7,lighthouse,2019-02-22T18:48:35+13:00,2019,Fix bug in Epoch.slot_iter(),38831,190,204.3736842105263
902b80a579315499cd61925076d19e454483ce3d,lighthouse,2019-03-14T22:16:21+11:00,2019,Optimise epoch building,38831,190,204.3736842105263
fc35525d40aad0eb3a6f901c86e0e9764cf805e6,lighthouse,2019-03-29T00:47:42+11:00,2019,Add new build method for cached hashes,38831,190,204.3736842105263
4881641499e803d784de3266c7145214d5e4da09,lighthouse,2019-04-03T12:25:05+11:00,2019,Add topics to chain id,38831,190,204.3736842105263
89282c1e09336db743f92274b66f7dd861bccdd5,lighthouse,2019-04-15T13:58:41+10:00,2019,Adds env logger to output libp2p logs,38831,190,204.3736842105263
b62b963c4ea5e2e09fd0d75446654ceafdc4ea96,lighthouse,2019-05-13T14:13:15+10:00,2019,Add docs to SSZ,38831,190,204.3736842105263
c840b76cac0609b5816f275fa11858e08cac1e40,lighthouse,2019-05-21T18:49:24+10:00,2019,"Tidy `store` crate, add comments",38831,190,204.3736842105263
5823a8fdf056cc976ad92c69ae0cc36e9a0d74ca,lighthouse,2019-05-22T17:22:12+10:00,2019,Add new `CompareFields` trait and derive,38831,190,204.3736842105263
307e7df378b149fdb1f7ae396600d890e7189cf5,lighthouse,2019-06-30T19:02:30-04:00,2019,is_valid and fill completed for Partial,38831,190,204.3736842105263
5943e176cf497442beb3fa3bea97edf95a2cda65,lighthouse,2019-07-05T17:33:20+10:00,2019,Add ssz_types crate,38831,190,204.3736842105263
99d5e690ebd9b4473f4e31fb420edd2cef7021d6,lighthouse,2019-07-18T11:31:37+10:00,2019,epoch_processing: committee & active index roots,38831,190,204.3736842105263
7cdfa3cc279be167b933b3cb632f83233d35baf8,lighthouse,2019-07-19T14:52:01+02:00,2019,Looser check on beacon state validity.,38831,190,204.3736842105263
c51d68f64a6984118bf0b61154cf136322d659af,lighthouse,2019-08-20T13:36:29+10:00,2019,Use sig set tuples instead of lists of two,38831,190,204.3736842105263
7edc5f37b9759b328d31221d747eff42af2d1ddb,lighthouse,2019-09-04T10:25:30+10:00,2019,Move BeaconChainHarness to interop spec,38831,190,204.3736842105263
50fca17308914e2bd9c52fd4a583556b28ca6faf,lighthouse,2019-09-05T00:40:23+10:00,2019,Updated ChainSpec serialization and added some comments about potentially missing components.,38831,190,204.3736842105263
a9dd8c440154592ea91e9b92779b6dc93edccf1e,lighthouse,2019-09-05T04:06:04-05:00,2019,Refactor `get_eth1_votes` to return a Result,38831,190,204.3736842105263
833991365c304ece70490e6067fc1fdb414b0099,lighthouse,2019-09-15T10:55:25+02:00,2019,Add about and onbiarding document to book,38831,190,204.3736842105263
a1e2c3fb3059fe52e15ce05ab54f0b46d4ba8ad8,lighthouse,2019-09-18T11:07:43+02:00,2019,Add Serenity docs,38831,190,204.3736842105263
95d1d9deb0bfb91c7ecda8b6e79ceb35bba4a929,lighthouse,2019-10-05T14:45:48+10:00,2019,Add tests for running two updates at once,38831,190,204.3736842105263
acbdc3c3f17b403aedbeb2d94523582fd910393b,lighthouse,2019-10-24T15:47:08+11:00,2019,Add more comments to genesis service,38831,190,204.3736842105263
538caedcd79a03fe910a8e8c5e66c4499624d16e,lighthouse,2019-10-26T08:14:40+02:00,2019,tests working,38831,190,204.3736842105263
b9c6befea53c6972867d2d766a6b0a3a5d17dfab,lighthouse,2019-11-12T16:51:10+11:00,2019,Remove commented-out code,38831,190,204.3736842105263
b29a60c6b7cca3c0681657589baafdc604fdaf14,lighthouse,2019-11-18T13:51:31+01:00,2019,add tmpdir to cargo,38831,190,204.3736842105263
e31f76e79b0b22917255fdf7519da666b2a6ae50,lighthouse,2019-11-28T14:58:53+11:00,2019,Upgrade tesnet deposit contract version,38831,190,204.3736842105263
012624ca2e181cd435d0c46bc3c8aa1e967e45cb,lighthouse,2019-12-30T10:34:59-08:00,2019,add command line args,38831,190,204.3736842105263
0c68a677d07ab16ebe4fde4c805fa77fd883de85,lighthouse,2020-01-03T12:24:57+05:30,2020,Expose only mutable `add_enr` method from behaviour,38831,190,204.3736842105263
508dbb49eebdc48d220a20816ab605471b7000f7,lighthouse,2020-01-15T10:30:32+05:30,2020,Remove outdated cli options from docs (#802),38831,190,204.3736842105263
996d6623dfc044c33eaf5d2c8b00dedceb87be8a,lighthouse,2020-01-15T15:36:12+11:00,2020,Document the freezer DB space-time trade-off (#808),38831,190,204.3736842105263
991223db1e975a2bab41e508d9736bcdaf66017c,lighthouse,2020-01-17T12:48:29+11:00,2020,Rename JustificationManager,38831,190,204.3736842105263
986468a93ae98c24a7efef838c950884d92e8f06,lighthouse,2020-01-29T14:09:36+11:00,2020,Remove dangling file,38831,190,204.3736842105263
65b603724efd712c8303dd692d2f27737abb1414,lighthouse,2020-02-10T13:32:46+05:30,2020,Fix persistence test,38831,190,204.3736842105263
d645d1d2494170fe668dbcdcaf8958ea5fa783dc,lighthouse,2020-03-03T18:36:48+11:00,2020,Fix failing network test,38831,190,204.3736842105263
420496b74615f581bbc46e217127368ec1aa1b3f,lighthouse,2020-04-14T16:40:46+10:00,2020,Add deposited command to account manager,38831,190,204.3736842105263
993b9ab7acb00f81f22e489c396e410793b76248,lighthouse,2020-04-23T13:02:44+10:00,2020,Update finalized/head sync logic,38831,190,204.3736842105263
5d00e05b816e49a15e389ef24f0cbca227d8ca75,lighthouse,2020-05-12T18:06:48+10:00,2020,Move long-running tests to dbg,38831,190,204.3736842105263
b2e088b7d7d314d6253d5fdb97c4db6564e03098,lighthouse,2020-05-13T18:36:01+10:00,2020,Tidy notifier,38831,190,204.3736842105263
24a7f2b75064f3470af442ab6c3e7c626d134d97,lighthouse,2020-05-15T22:30:40+10:00,2020,"Improved logging, fix panic",38831,190,204.3736842105263
e6ceac177c77fb5414cdff0302d4e91ffbf61eb8,lighthouse,2020-07-28T22:13:48+10:00,2020,Prevent dialing disconnected peers,38831,190,204.3736842105263
85a2020ce8e7f7aab128592307931a1e039cd458,lighthouse,2020-07-29T12:40:06+05:30,2020,Fix sending empty subnet queries,38831,190,204.3736842105263
185b2fa1300c43966e700d2ae66cc4e86e59d48a,lighthouse,2020-08-18T11:39:31+10:00,2020,Add chain head when child is failed,38831,190,204.3736842105263
cdae37fe120f6f44da29f644e95c810150b01e6a,lighthouse,2020-08-25T09:52:39+10:00,2020,Fix bug in database pruning,38831,190,204.3736842105263
feaa5e899fc450b7b7f88410c4c20dc1aebf7471,lighthouse,2020-09-14T19:32:23+05:30,2020,Remove redundant tests,38831,190,204.3736842105263
810b1c5b1d261a8412e4a4ce9d903c523f6576ac,lighthouse,2020-09-21T16:05:10+10:00,2020,Apply hotfix for inconsistent head,38831,190,204.3736842105263
23eacfed7c5516cedc298e920bd3ac66522ebdb7,lighthouse,2020-09-23T18:21:08+05:30,2020,Create a spadina config,38831,190,204.3736842105263
8387f36708e733ac3f2fd32e8bdaa9f9a29063a2,lighthouse,2020-10-09T11:42:49+11:00,2020,Add sigp boot node,38831,190,204.3736842105263
d048dc21bf64475ed769cfb08aaa436e4bdd87a9,lighthouse,2020-10-27T18:02:40+05:30,2020,Return early if beacon node is not synced,38831,190,204.3736842105263
3c46106acdb7fd7bea13bc73d6c33615f544e195,lighthouse,2020-11-27T10:40:16+01:00,2020,fmt,38831,190,204.3736842105263
39969395e2f6a844e100a3994f9ba6a785bc3582,lighthouse,2020-12-01T14:05:56+05:30,2020,Add a purge-eth1-cache cli option,38831,190,204.3736842105263
bf1b1f13e441840521a4ec6540ab2a9cd6317685,lighthouse,2020-12-08T15:55:52+11:00,2020,Try alternate implementation,38831,190,204.3736842105263
d8e8d972181c4a1f14eb468150fab939746ad7ea,lighthouse,2021-03-04T17:27:51+11:00,2021,Implement schema migration,38831,190,204.3736842105263
0e692e96f9943be0a8120d3d9a90b18f1135b09c,lighthouse,2021-03-31T16:15:33+11:00,2021,Control profiling via env var,38831,190,204.3736842105263
1bad0642a4c85e700475da009105b9a70f3f57f5,lighthouse,2021-04-22T11:28:32-05:00,2021,update docs and constants,38831,190,204.3736842105263
3b5b253278bcff3b0bf9f40ef13d17ca3611b684,lighthouse,2021-04-27T11:40:40-05:00,2021,add initial test,38831,190,204.3736842105263
d32cc3d37d827b61b28604070d87fdd67d590143,lighthouse,2021-04-28T10:43:09+10:00,2021,Fix cargo-fmt --all,38831,190,204.3736842105263
17b6d7ce8611d272ee62c74bb48fb214256b2572,lighthouse,2021-07-21T07:10:51Z,2021,Add `http-address` flag to VC (#2467),38831,190,204.3736842105263
ec3a3b31e2ee80a8d134cde58373deb032399310,lighthouse,2021-09-17T18:54:02+10:00,2021,Prep for upcoming lip2p upgrade,38831,190,204.3736842105263
5e753048094f43d022f405ab96e59211338f966f,lighthouse,2021-09-23T18:48:06-05:00,2021,Various Changes to Conform Closer to Merge Spec,38831,190,204.3736842105263
87a1841dbe7b4eb076e6831008633aa9a818e20a,lighthouse,2021-09-30T12:05:54+10:00,2021,Fix clippy lints,38831,190,204.3736842105263
0f50588b4cbeabc00aa77fec3946c2dfa9bf2a53,lighthouse,2021-09-30T16:01:51+10:00,2021,Address clippy lints,38831,190,204.3736842105263
cdb437bb27e93d712492037801c120cf4e5104e5,lighthouse,2021-10-20T09:51:06-05:00,2021,better reorg of imports,38831,190,204.3736842105263
c29d124b72f0864fa4556b47b9e6e391684d53eb,lighthouse,2021-10-21T17:37:13-07:00,2021,Refactor handle,38831,190,204.3736842105263
a5eb038986d2ecf02ff481a5051e366be629382f,lighthouse,2022-01-14T10:19:24+11:00,2022,Cleanup dialing connection update code,38831,190,204.3736842105263
08d2ada88752383f8d3b3ce77b75b14b0b06d4e8,lighthouse,2022-01-25T09:22:03+11:00,2022,Update thread_local,38831,190,204.3736842105263
f112f4f7354ccfb6dafc101c7efb79bb55385814,lighthouse,2022-01-25T16:36:08+11:00,2022,Publish on startup,38831,190,204.3736842105263
56f8219c204f5d7a93155886313eedb0aebd1cee,lighthouse,2022-01-26T11:02:37+03:00,2022,Build feature for gnosis spec,38831,190,204.3736842105263
3760658e766c58a5b826e200ad4378bb0d1d9284,lighthouse,2022-03-10T16:24:26+11:00,2022,Update HTTP API to include `execution_optimistic` flag in responses,38831,190,204.3736842105263
6efd95496b636b734dc7d94fd12e773ea31ff41d,lighthouse,2022-03-28T07:14:13Z,2022,Optionally skip RANDAO verification during block production (#3116),38831,190,204.3736842105263
fc8d81b6201ef1d115aa1edd8b93c4ccdc8e0f01,lighthouse,2022-05-23T16:08:32+10:00,2022,Bump versions,38831,190,204.3736842105263
f7f52547b92fee28a1a161d89b52c47443bb8b65,lighthouse,2022-06-02T01:04:28+05:30,2022,Notify sync manager when execution status changes,38831,190,204.3736842105263
3d51f24717d63bfd9d03f724db3633b2ee849d63,lighthouse,2022-06-04T21:24:39Z,2022,Update Ropsten TTD (#3240),38831,190,204.3736842105263
ab748523891d041f6c97c66b47c98059403d78dc,lighthouse,2022-07-01T16:24:19+10:00,2022,Address other comments from @michaelsproul,38831,190,204.3736842105263
2d59c313ccc13963f0335d6b23f8ca11e746fade,lighthouse,2022-10-18T19:27:47+11:00,2022,Move tests into `ssz_derive`,38831,190,204.3736842105263
27a5a36bc5b01ae07716afdcc95b475e680f178c,lighthouse,2022-11-14T17:24:59+11:00,2022,Use tuple index rather than assuming 0,38831,190,204.3736842105263
ccd8d9402b98982f9557f4088cc045e6d3eb1d40,lighthouse,2022-11-19T22:28:42+01:00,2022,remove commas from comma-separated kv pairs,38831,190,204.3736842105263
28c96035053d6709762e0cbb8f5e934d1f8bc2e7,lighthouse,2022-11-22T21:42:58-06:00,2022,Stuuupid camelCase (#3748),38831,190,204.3736842105263
bc47bb0ac6487508b77e14ca3f99dc2a29a5b2e5,lighthouse,2022-12-12T11:04:38+11:00,2022,Fix bug in proposer shuffling determination,38831,190,204.3736842105263
9b29113a4ae19ac894588be12a7abf15b0b9c9b7,lighthouse,2022-12-16T00:32:34+08:00,2022,Rewrite logic for sync_committee_rewards,38831,190,204.3736842105263
3f82fab68a4d52f23844a73c3b456bfef3ad2098,lighthouse,2022-12-16T09:09:19-05:00,2022,switch el endpoints at capella fork,38831,190,204.3736842105263
5de5034e57c8989eebcd037c5f395000ba5476b6,lighthouse,2023-01-14T11:24:09-06:00,2023,fmt,38831,190,204.3736842105263
5a4039d5962c0d147e9a06dfb94aea9de623fb8d,lighthouse,2023-01-23T00:41:33+08:00,2023,Compute proposal reward,38831,190,204.3736842105263
6dff69bde9da8a68a328a557064b1cb4df341bf8,lighthouse,2023-01-24T10:27:30+01:00,2023,Atomically update blob info with pruned blobs,38831,190,204.3736842105263
a32aa66edb65e340af1c02a5617bb8b54f108bde,lighthouse,2023-02-02T21:07:42+01:00,2023,fix clippy,38831,190,204.3736842105263
c964b60ed5f28a73a2db4520a6a559e579af3122,lighthouse,2023-02-10T17:43:52+11:00,2023,Fix compilation error,38831,190,204.3736842105263
74542843a751b7b5404925d6b8db7d6e17cab704,lighthouse,2023-03-03T12:07:04-05:00,2023,define BELLATRIX_FORK_EPOCH in scripts/tests/vars.env with same value as ALTAIR_FORK_EPOCH,38831,190,204.3736842105263
909c34c8db6b8082cec019783d9d24f359675686,lighthouse,2023-03-14T04:33:02-05:00,2023,removed unused imports,38831,190,204.3736842105263
a8bb5260c8c45ab4539d9df7a1041af563ebf075,lighthouse,2023-04-05T15:20:59+03:00,2023,updated logfile-no-restricted-perms help text for windows,38831,190,204.3736842105263
3d9f8e4c001f8f90302c4acffd0adab159b96055,lighthouse,2023-04-20T17:31:38+05:30,2023,add q-factor comment,38831,190,204.3736842105263
bada8506746a5ddaf5a5138ed68cf91771d00d39,lighthouse,2023-05-02T21:53:15+08:00,2023,Update book/src/voluntary-exit.md,38831,190,204.3736842105263
35ca086269f4f231445828f559dd6c5f8466f323,lighthouse,2023-05-05T03:49:23Z,2023,Backfill blocks only to the WSP by default (#4082),38831,190,204.3736842105263
9b55d74c1cbff5db007a5b487480763da93f4537,lighthouse,2023-05-16T09:43:26-04:00,2023,fix db startup (#4298),38831,190,204.3736842105263
28a522639967212c4ebc94b704a3dc54beb11986,lighthouse,2023-06-15T08:23:57+10:00,2023,Don't hardcode fork,38831,190,204.3736842105263
77d0f443175492898866314436726d48e47d0aa8,lighthouse,2023-06-23T21:49:57+10:00,2023,Initialize `EpochCache` at start of block processing if required.,38831,190,204.3736842105263
d062f61125c7c14d14f71f31f391a5e0069ecdcb,lighthouse,2023-06-27T15:26:14+10:00,2023,Fix failing tests after merge,38831,190,204.3736842105263
d3d9b8f7bff5219ba5b31bcda71f90fe5e4a913b,lighthouse,2023-06-27T16:49:12-04:00,2023,Add the networking constants to Config object,38831,190,204.3736842105263
34ad5f174d4d35b323d6fb09b5f7e79c78e6df44,lighthouse,2023-07-27T12:15:24+03:00,2023,nested error impl,38831,190,204.3736842105263
d6fd8acae68208cc1142af702299b5b1dd011afa,lighthouse,2023-08-02T15:27:26-07:00,2023,"Log count instead of individual blobs, can delete log later if it becomes too annoying.",38831,190,204.3736842105263
fcd45c1e96d48c6157b4ec6a1cb11ea4d8eaf121,lighthouse,2023-08-09T22:39:24-06:00,2023,fix clippy,38831,190,204.3736842105263
335224abc8135103a0e93628b1ea34e4ab0fb9e3,lighthouse,2023-08-18T21:24:24-04:00,2023,pawan's suggestiong for vec capacity,38831,190,204.3736842105263
146aed8a402c953a309407be8523242f0d42a347,lighthouse,2023-08-22T08:26:41+10:00,2023,Fix proposer cache miss in blob verification,38831,190,204.3736842105263
b9950b390098d044e1502c197a33a7300c2d4762,lighthouse,2023-08-22T16:22:28+03:00,2023,refactor,38831,190,204.3736842105263
39bd86ae5ddf08cffe4eb61f97fec7cd9fddedec,lighthouse,2023-10-05T22:30:46+08:00,2023,Add cargo-fmt,38831,190,204.3736842105263
59737ebd22358cb82a89b809c5d3a2b897a99a71,lighthouse,2023-10-20T00:05:35+05:30,2023,Use ssz bundle instead of json,38831,190,204.3736842105263
57b617d2c70b95fd71b2eb2810a478924e11513d,lighthouse,2023-10-23T19:59:32+02:00,2023,don't make `lcli` on self-hosted runners,38831,190,204.3736842105263
062e5d22c5cc74e9f646412f8706adf95de9aadb,lighthouse,2023-11-02T12:18:23+11:00,2023,Fix compile error,38831,190,204.3736842105263
ad3cc69205ea312f0b87c683650e40a8135e8b5b,lighthouse,2023-11-16T16:34:02+11:00,2023,Update light client types to comply with Altair light client spec.,38831,190,204.3736842105263
591338709a5bc1284f769a372bc2af98a0a10916,lighthouse,2023-12-03T21:22:49+08:00,2023,update using linux,38831,190,204.3736842105263
844662aa38e2c30ea14487e8a18c244cb13afa43,lighthouse,2023-12-07T13:05:00+11:00,2023,Implement POST for balances,38831,190,204.3736842105263
5033bfad7aeac781b6544f7da76ec4dae6287d00,lighthouse,2024-01-08T11:51:13+11:00,2024,Perform checks in the `ClientBuilder`,38831,190,204.3736842105263
8fb698980113e4fcbb353e024ea6c67615ee3598,lighthouse,2024-02-01T19:35:14+11:00,2024,Config for web3signer keep-alive (#5007),38831,190,204.3736842105263
e52890da361400fcaf5bc45a900ea34ba3b4d230,lighthouse,2024-02-15T11:23:26+11:00,2024,Quieten gossip republish logs,38831,190,204.3736842105263
a5ff77bc1df4063cb80989d43e5ffc9225a45c3b,lighthouse,2024-02-18T20:24:27Z,2024,clippy,38831,190,204.3736842105263
9eb9c278ac8c5efe476d99e0a2131763fb1c228d,lighthouse,2024-02-25T11:30:27-08:00,2024,feat: Update validator_manager list Usage text,38831,190,204.3736842105263
306d3eb0eb0005eb25e6f37acfb0d6616ebe9e1f,lighthouse,2024-03-23T09:00:35+09:00,2024,Delete unused incomplete_processing_components (#5418),38831,190,204.3736842105263
083cf644335feb1ff8aa7020713e692df3710672,lighthouse,2024-04-08T11:52:58+10:00,2024,promise cache,38831,190,204.3736842105263
0951f96ea805d9734d3918060da631cc1c618835,lighthouse,2024-04-24T15:21:12-05:00,2024,Push a little further,38831,190,204.3736842105263
c624f66576754ff9bc2af97fb23fb429a82043af,lighthouse,2024-04-30T15:23:55-04:00,2024, delete spammy log,38831,190,204.3736842105263
58d273db2243b9bed1a16f9cd7f22a275f3273d5,lighthouse,2024-05-09T12:22:17+09:00,2024,Fix tests,38831,190,204.3736842105263
0b45d194ce4d5250c87d45a37ffb68a8c2a18544,lighthouse,2024-05-16T00:27:34+03:00,2024,Only attempt reconstruct columns once.,38831,190,204.3736842105263
7c17098b20b07bcc5491db3c2f63c14c9ccbe0b8,lighthouse,2024-06-25T17:51:35-07:00,2024,fork enabled electra,38831,190,204.3736842105263
abea99c766f3c814da69106795de59cb1b2e75fc,lighthouse,2024-06-26T10:55:17+02:00,2024,Update data_availability_checker.rs,38831,190,204.3736842105263
e8691dba041f057f51a305f1b90748438bd382f9,lighthouse,2024-07-05T11:44:44+02:00,2024,Fix compare code,38831,190,204.3736842105263
92e4caa5395a2a296c495c325cd0520c36d57b6d,lighthouse,2024-07-30T10:33:13+02:00,2024,Add metrics inside fork-choice crate,38831,190,204.3736842105263
acfcd5508345dd405a4cf0b0814a119feb9bbed9,lighthouse,2024-08-13T14:35:47-07:00,2024,fmt,38831,190,204.3736842105263
7a21d40a2aa3bb1a58bf2a72da0badc93ffe610a,lighthouse,2024-08-16T12:40:39+08:00,2024,mdlint,38831,190,204.3736842105263
d0c6cda2546ab74dec8e0f9e12969db7e3e880d7,lighthouse,2024-09-27T16:40:53-07:00,2024,Fix warnings,38831,190,204.3736842105263
60335a42a602961ac0a6136081700946adc94c36,lighthouse,2024-10-10T14:40:52+05:30,2024,nit,38831,190,204.3736842105263
d9646e6e0b07c3b642f12a8aae5e6d46b48d0884,lighthouse,2024-10-15T16:15:15+11:00,2024,Rename some logs,38831,190,204.3736842105263
9efccb01e935c851a072bff4b9bd23a1e6d2d0b5,lighthouse,2024-10-23T12:27:46-07:00,2024,fix,38831,190,204.3736842105263
b0a5bbefb404723065404af9873ab6a95541b7df,lighthouse,2024-11-18T12:13:32+11:00,2024,Document test,38831,190,204.3736842105263
a57ed6b28b98a7c68fa33c906eb62556db4ccae9,lighthouse,2024-12-16T15:41:52Z,2024,pass slots_per_epoch at runtime,38831,190,204.3736842105263
29a5aff595e6c510af0ba961c7153948460dc064,lighthouse,2025-02-06T02:02:07-03:00,2025,Review PR,38831,190,204.3736842105263
8edd2e9575e531877d7228572d320fd7dd8cba4f,lighthouse,2025-02-11T23:51:15-03:00,2025,Deprecate clone_without_recv,38831,190,204.3736842105263
e0b5603b946de1d9ef2e827cd874fa37a8818d7c,lighthouse,2025-02-12T10:30:23+11:00,2025,Dedupe enable_light_client_server,38831,190,204.3736842105263
79cb31a9ac0d81753346bcbc69b968fa8bd33b49,lighthouse,2025-03-04T11:15:32+11:00,2025,partial merge of jimmys ci fixes,38831,190,204.3736842105263
7ef2a48f9fc2d9bf2d6a9e1f8b4cfd198b80a7a2,lighthouse,2025-03-12T16:58:41+08:00,2025,update aggregator timeout,38831,190,204.3736842105263
376bc70fcff25c7548e128e2f81cde8d5314e235,lighthouse,2025-03-13T19:05:39+08:00,2025,space,38831,190,204.3736842105263
59b9c0361b25e9c8ccf8ccbb1ddaf99d03bdf70c,lighthouse,2025-03-17T17:48:25+11:00,2025,Revert change from hdiff branch,38831,190,204.3736842105263
291091930f306da2c5ec49251bd682b2bee53a6d,lighthouse,2025-03-27T23:33:09+11:00,2025,Spellcheck,38831,190,204.3736842105263
12d382bddf30d75492c0dcd5ee95bc3fdf4442f5,lighthouse,2025-04-09T11:11:26-07:00,2025,fix beacon pool attestation endpoint,38831,190,204.3736842105263
d96b73152e0e4bcedb8e747016ba8070029db50d,lighthouse,2025-04-09T16:35:15+01:00,2025,Fix for #6296: Deterministic RNG in peer DAS publish block tests (#7192),38831,190,204.3736842105263
f3bde91018aa95cddff634bb2bed3e8d78f684ae,lighthouse,2025-04-09T17:35:39+10:00,2025,Force pull docker image from docker.io,38831,190,204.3736842105263
be55d8d59cc2e5c2d6520f69a23dc734ef56a5f7,lighthouse,2025-04-25T11:05:28-07:00,2025,remove unneeded error variant,38831,190,204.3736842105263
3e772796b72f2f83f7121d0739ebd5c12cad3ca9,lighthouse,2025-05-09T07:37:59+02:00,2025,fix: exit explanation update,38831,190,204.3736842105263
cb9cdfa29b54f2bd800714bb6d0f702f74cce971,lighthouse,2025-05-14T11:41:02-07:00,2025,update Makefile,38831,190,204.3736842105263
b73cb1e7493b9f5cdd2cfd9280b842ccb3b01ff6,lighthouse,2025-05-19T17:03:24+10:00,2025,Finish PruningCheckpoint thing,38831,190,204.3736842105263
6ad919ffbbe102e48a773009049619a9ae84a344,lighthouse,2025-06-13T10:37:31+08:00,2025,pass graffiti policy to service builder,38831,190,204.3736842105263
cb81f076a6aae773910778b9813738aaf9d86cf4,lighthouse,2025-06-19T11:14:33+10:00,2025,Hot hdiff buffer cache (#7615),38831,190,204.3736842105263
e305cb1b921f544dfd05f769aeb7e37cd482933f,lighthouse,2025-06-30T23:06:37-07:00,2025,Custody persist fix (#7661),38831,190,204.3736842105263
56485cc9865a9e81d5548884de1ed711bed32788,lighthouse,2025-07-08T10:37:54+10:00,2025,Remove unneeded spans that caused debug logs to appear when level is set to `info` (#7707),38831,190,204.3736842105263
0f2fc7d842fce127ce487225e8f7da5be030149b,lighthouse,2025-07-12T12:14:24+03:00,2025,small refactor,38831,190,204.3736842105263
4af28557d9d94c32904951de7b7b0889d95ad2c6,lighthouse,2025-08-02T01:29:23+10:00,2025,Instrument `PendingComponents` set parent to `None` to avoid incorrectly impacting component processing traces,38831,190,204.3736842105263
2ea36f60cd229b90d91d7bab9669b66aef75c0fc,lighthouse,2025-08-12T19:49:13-07:00,2025,add process withdrawals logic,38831,190,204.3736842105263
86beef5054c4267c9fea94c3853c4a02a5df7308,lighthouse,2025-08-25T17:10:04-07:00,2025,Resume pending custody backfill when necessary,38831,190,204.3736842105263
04728b5b0a53a57842ec275d4b590e61ace5fcfa,lighthouse,2025-08-28T15:54:51+01:00,2025,WIP: logging if migration happened successfully or not,38831,190,204.3736842105263
9cafd21e153e097860d2ce89d872bc99e061253a,lighthouse,2025-09-15T01:57:28+10:00,2025,Fixes,38831,190,204.3736842105263
8dd6cadf22a27df08cc734aadb7dad4a338f95b0,lighthouse,2025-09-15T19:51:47+10:00,2025,Remove manual check,38831,190,204.3736842105263
a6065e021ad291f7eff1044b99d079f8350db0f4,lighthouse,2025-09-19T11:06:15-07:00,2025,FMT,38831,190,204.3736842105263
b23234fbc11e9eb51a6f40c2b80c9d5bcadf6406,lighthouse,2025-09-22T15:26:05-07:00,2025,Update,38831,190,204.3736842105263
81d5224392729491bead246950bbe396442d305f,lighthouse,2025-09-25T15:41:56+10:00,2025,Fix bugs in proposer calculation post-Fulu (#8101),38831,190,204.3736842105263
1f8311c0a0d9f15b256e856bc126143df8a6e733,lighthouse,2025-10-08T16:19:34-07:00,2025,Bump c-kzg to 2.1.5,38831,190,204.3736842105263
381876dface1d339d555e3ac8301b9f530da3824,lighthouse,2025-11-05T02:39:31+11:00,2025,Move back to workspace defined deps,38831,190,204.3736842105263
5613f2ad72c6bbd8df1397937afc933b43dc0c31,lighthouse,2025-11-10T08:38:21Z,2025,chore: remove unnecessary echo,38831,190,204.3736842105263
bb2748296439b982c171e87d6c37ce1f96058886,lighthouse,2025-12-15T20:21:31-03:00,2025,Fix regression where we silently drop  blocks in signature_verify_chain_segment,38831,190,204.3736842105263
ea3a3da1a4d0227479b859113a2871f0389ae011,lighthouse,2026-01-05T01:16:52-05:00,2026,fix: improve error for insufficient blob data columns (#8595),38831,190,204.3736842105263
768bc071609da9af2e485857e6b474d0f1439dd8,lighthouse,2026-01-15T12:41:42-03:00,2026,Complete crypto_on tests,38831,190,204.3736842105263
d92d22b101fd7417c495fe67b413b9a4f8d6b69e,lighthouse,2026-01-27T10:38:26+08:00,2026,change to lookahead_slot,38831,190,204.3736842105263
91df66a69e2ebab5e599dfcafc034a6d91dd7398,lighthouse,2026-02-07T13:08:07+05:30,2026,added enable-unsafe-sync flag test,38831,190,204.3736842105263
75014fe3ad177a4ff57550272c7768916360ef93,lighthouse,2026-02-13T23:09:33-08:00,2026,SseExtendPayloadAttributes hack,38831,190,204.3736842105263
90f758c7ca12cd3f2723eb886b0898f1055ba390,lighthouse,2026-02-13T23:37:12-08:00,2026,Comments,38831,190,204.3736842105263
5e2d296de619d582ceff214584d8056776c05fd7,lighthouse,2026-02-19T05:55:16+08:00,2026,Validator manager import to allow overriding fields with CLI flag (#7684),38831,190,204.3736842105263
3439dfe36c5246da31413db91eee7912a36681da,lighthouse,2026-02-26T21:32:30-06:00,2026,Map other things,38831,190,204.3736842105263
6544bc3e3bf2fb02109f1b28f0982ac5c0b99913,lighthouse,2026-03-10T17:02:07+11:00,2026,Remove unnecessary payload status calc,38831,190,204.3736842105263
3ed9ccbf65f324117fed08bd39c5def26445c00f,lighthouse,2026-03-16T05:22:19+01:00,2026,"move test guidelines to range.rs module doc, delete plan file",38831,190,204.3736842105263
f7cf8fca8d9d40dde95318c58daab49de828f4d1,lighthouse,2026-04-06T00:16:02-07:00,2026,Temp fixes,38831,190,204.3736842105263
8cef49f79a9039b1785ab70d157b3fa790099239,lighthouse,2026-04-06T17:39:21-04:00,2026,fmt,38831,190,204.3736842105263
40e2ed63255e6768d92a7e57bda81c9e761dd020,lighthouse,2026-04-13T05:27:11-07:00,2026,smol changes,38831,190,204.3736842105263
dacb8aeffeee89f07ad3758968def056aeadec86,lighthouse,2026-04-25T15:30:34+09:00,2026,Small fix,38831,190,204.3736842105263
dba1b00bc04d99dd0d4ea717301e3ef47227c72b,lighthouse,2026-04-28T17:22:57+02:00,2026,Implement gloas proposer preference vc duty,38831,190,204.3736842105263
42f8335c99a7f3893303cf9dee058bf95af37265,lighthouse,2026-04-29T17:01:42+02:00,2026,fix: return 404 instead of 503 for missing block,38831,190,204.3736842105263
f9b761bc5f5c8fe1039329b597e5856672e40f4a,lighthouse,2026-05-06T20:00:14+08:00,2026,cfg debug,38831,190,204.3736842105263
80a3cfc6db1cda29c9410b53f757990b3cb82090,lighthouse,2026-06-18T18:11:06+10:00,2026,Skip Gloas tests before Gloas,38831,190,204.3736842105263
524c82a295d45bf5f935f0c4a72f21b93007de99,lighthouse,2026-06-23T12:14:05+03:00,2026,Clean up useless fn,38831,190,204.3736842105263
61c5f22961d68382b3674bc911bed35756358127,lodestar,2018-08-29T08:25:11-04:00,2018,Forgot to complete the byteArrayToInt helper function,32639,159,205.27672955974842
3020bc37346f1e7381de0ce95596816be7055382,lodestar,2018-09-16T23:26:11-04:00,2018,Started implementation of serialize fn,32639,159,205.27672955974842
ca0e27f4519a62063d3920dd3d5ba390a2a26abc,lodestar,2019-04-27T16:34:25-05:00,2019,Fix spec bugs,32639,159,205.27672955974842
4646bc3e847716e6538c5878ec204928e591bc41,lodestar,2019-05-09T11:25:50+02:00,2019,update gitmodule links,32639,159,205.27672955974842
b95eeb09df7a26b77b4a11e723af0387b4595c9d,lodestar,2019-06-27T10:29:29-04:00,2019,add .idea to gitignore,32639,159,205.27672955974842
a401827800b05794697d00359f72d0fa3902b093,lodestar,2019-07-11T21:25:02-05:00,2019,BeaconSSZTypes -> IBeaconSSZTypes,32639,159,205.27672955974842
99671aef247ab34da88457007a1b3706b8c33bae,lodestar,2019-09-08T13:52:49-04:00,2019,process block and attestations in queue,32639,159,205.27672955974842
b940d0d2cd0e8d4c18f4d756b46763d01b7ba091,lodestar,2019-09-11T23:22:07-05:00,2019,Fix validator keys yaml processing,32639,159,205.27672955974842
4559c7a865474bf60c39751716d72a0f8a910e2e,lodestar,2019-11-21T17:00:09-06:00,2019,"Only publish *.js, *.js.map and *.d.ts files",32639,159,205.27672955974842
37f73c496a01f23c121b881203d4812c5668f4db,lodestar,2020-02-12T10:02:50-06:00,2020,Adhere to bls interface,32639,159,205.27672955974842
ad01b332b176e0133adbdc54b5646dc6327027d3,lodestar,2020-04-01T16:24:23+02:00,2020,block pool tests,32639,159,205.27672955974842
2acc06b34d1f2bc7268c5d6f86e9f9c6de8bda97,lodestar,2020-05-04T06:01:24+07:00,2020,Bring back shouldDisconnectOnStatus,32639,159,205.27672955974842
f5c8accd7cc0373cddc4e87a75e7bcf217273f59,lodestar,2020-05-13T14:52:14+07:00,2020,ProtoArray forkchoice implementation,32639,159,205.27672955974842
70e0bd65ddb009184b40b1647732d0ed6e68459d,lodestar,2020-05-22T11:47:51+07:00,2020,Limit network e2e test to reproduce the issue,32639,159,205.27672955974842
a7dd59e61b2155994924291d4f10116992d24ab4,lodestar,2020-06-03T15:55:54+02:00,2020,better lodestar-cli build,32639,159,205.27672955974842
b509898d31d8fd437fbc832ad9538fc6a5bf4ffa,lodestar,2020-07-17T17:05:18+02:00,2020,Fix downloadGenesisFile arg type,32639,159,205.27672955974842
5bba2300175fbf33eb3644f508ff41487ae9f2d9,lodestar,2020-10-05T13:13:24+07:00,2020,Migrate to libp2p 0.29,32639,159,205.27672955974842
71d1efe438488e466c0b83385c11f2650025de14,lodestar,2020-11-19T15:14:25+01:00,2020,add phase 1 params,32639,159,205.27672955974842
f1882361d299c7c9c62225f492b8798f69717ea5,lodestar,2020-11-21T14:48:05+07:00,2020,Use db batchPutBinary and forkchoice.iterateNonAncestors,32639,159,205.27672955974842
561de3f322d337d0b24011627e1674aa3852245d,lodestar,2020-12-01T00:49:46Z,2020,Update yarn.lock,32639,159,205.27672955974842
58533a93e667ea404e4e91750fa496d2ece9ed83,lodestar,2021-03-19T15:59:10-05:00,2021,validator recovery,32639,159,205.27672955974842
b213f55e8f094f96657e671dc706069a6bcfc2c1,lodestar,2021-04-23T14:51:18+02:00,2021,Log participation for the last epoch of the test too,32639,159,205.27672955974842
069aed380c16eaa4f1f2573744f32a7b8ee0f5a4,lodestar,2021-05-14T14:29:30+02:00,2021,Multiplex BeaconBlock types everywhere,32639,159,205.27672955974842
77049a56abfe8aab04f7d7ca867f958309e1a6dc,lodestar,2021-05-28T09:01:48+02:00,2021,Ensure validator and node config.params are equal,32639,159,205.27672955974842
6dd43986bc4a647778c8deb1dd703e12fcc0c5f7,lodestar,2021-05-28T17:09:55-05:00,2021,verify checkpoint roots,32639,159,205.27672955974842
8f0ef4a84dcb429d6777171d716a074aa39a2bd3,lodestar,2021-06-09T12:21:41+02:00,2021,Add local validator monitor (#2474),32639,159,205.27672955974842
e2b111ce39887482bab17e7b030b71ba4ca21a57,lodestar,2021-06-14T01:14:09+02:00,2021,Force blst-native on benchmarks,32639,159,205.27672955974842
ba97e8336d3410139043f7fcc5af9a733a2e3567,lodestar,2021-06-15T11:29:16-05:00,2021,Remove nightly-release branch from releases,32639,159,205.27672955974842
06a9408b892067dc769606dc7c8e68c5e886ad1b,lodestar,2021-06-23T14:49:55+07:00,2021,Add getCurrentSlotAround to validator clock,32639,159,205.27672955974842
5e005e0cef8aa58567a11cbcc18ccbb0edefd9d4,lodestar,2021-06-30T13:37:53+02:00,2021,Run all benchmarks at once,32639,159,205.27672955974842
94dea1240816c305148777884b7068141c6cb30f,lodestar,2021-07-02T14:20:35+07:00,2021,Use IBeaconConfig vs. IChainForkConfig,32639,159,205.27672955974842
2f3ffd3870b57f5b412635f3b144a589715a3503,lodestar,2021-07-05T22:20:18+02:00,2021,Use .valueOf() when adding roots to errors (#2800),32639,159,205.27672955974842
27bdb2a22e9d0630b20c5ad3d48209f4c155f6e5,lodestar,2021-08-03T14:08:42+07:00,2021,Verify attestation source for block inclusion,32639,159,205.27672955974842
273c2119ac503046f074136dd759a2c768c5932a,lodestar,2021-08-04T10:22:58+07:00,2021,Loop thru validators exactly 1 time during epoch transition,32639,159,205.27672955974842
c9e92a75f22f02e1bff408cb61c599706fae59b1,lodestar,2021-08-09T22:33:44+02:00,2021,Compute totalActiveBalance in existing validators loop (#2929),32639,159,205.27672955974842
9a2ba4f73b5fbd20b2d69a1cba2e9c9bd91a37aa,lodestar,2021-08-25T09:32:44Z,2021,Minor release 34/2021,32639,159,205.27672955974842
8d6b66630f14a670f80f0ba0a7582275d67713e3,lodestar,2021-08-31T09:41:12+02:00,2021,Guard against unsafe numbers,32639,159,205.27672955974842
4d5429f599ac770352e7a145ebc6926e06de636f,lodestar,2021-09-02T16:42:47+02:00,2021,Skip old api impl tests,32639,159,205.27672955974842
43972fb1b0d0e0d44c4244541b7a1c0e958d68e1,lodestar,2021-09-03T18:08:53+02:00,2021,Retry network / ReqResp tests (#3075),32639,159,205.27672955974842
3872f148344a4a6226dcbd9776fab2c9180fb8bc,lodestar,2021-09-09T15:51:29+07:00,2021,Avoid getTotalBalance(),32639,159,205.27672955974842
5885ef940057f9154dcc9763cfd08d40a5e0e9c8,lodestar,2021-09-16T11:53:22+02:00,2021,Bump level db deps,32639,159,205.27672955974842
f0a08ff3ef4e85a9c3514fb7fd16d6c9bc79a27d,lodestar,2021-09-16T19:54:45+02:00,2021,Add ForkChoice merge updates,32639,159,205.27672955974842
ecf59da40ba8d525345062407d9e61961da08b37,lodestar,2021-10-12T11:18:35+02:00,2021,Remove unused import,32639,159,205.27672955974842
aaa79a0dfa73da8cb103bedec031ff6e220d2b5e,lodestar,2021-10-30T14:39:22+02:00,2021,Set exemplar to false,32639,159,205.27672955974842
b4459d207e7bb46d6bb30223ce113efb76215e59,lodestar,2021-12-15T13:16:23-05:00,2021,Fix interaction between slashings and exits in block production (#3525),32639,159,205.27672955974842
5e09206d5370a937209f8f08b9afa3ed67c223c5,lodestar,2022-01-11T09:29:59+01:00,2022,Update RELEASE.md,32639,159,205.27672955974842
34919491849ef4156acc7eb35286272f930b9964,lodestar,2022-01-20T13:42:39+05:30,2022,condensing test cases,32639,159,205.27672955974842
bbe818d189f0c24867b5107dcb313c687a4bc1b8,lodestar,2022-03-02T13:33:37+07:00,2022,Verify signatures on both main thread and worker threads (#3793),32639,159,205.27672955974842
d5671c9ec02a8895c80b7593fc34a214d7092f2b,lodestar,2022-05-03T09:33:48+07:00,2022,LightClientServer only import block if its new head,32639,159,205.27672955974842
7dec3005babc05b3962be1b329d3a5c5276aff91,lodestar,2022-05-04T21:04:42+05:30,2022,Add geth ttd override flag and update mainnet shadow fork 3 ttd,32639,159,205.27672955974842
d83b5f0166b6514982a7ccca8d9fed13f5b31a8a,lodestar,2022-05-20T16:29:47+05:30,2022,fix unit test,32639,159,205.27672955974842
c1ed45d8ef02ce5380c1d40c9a19f1c00c143faf,lodestar,2022-05-27T20:58:21+05:30,2022,Remove invalid terminal block execution scenario (#4076),32639,159,205.27672955974842
a98888d1bb9674f8d78b1383614937d1c42fb79c,lodestar,2022-05-30T08:48:06-05:00,2022,Apply suggestions from code review,32639,159,205.27672955974842
65f703fed6d8c3717204efbf68e17d4030a82bac,lodestar,2022-06-30T10:28:42-05:00,2022,Add import statement,32639,159,205.27672955974842
ebc175e135d19089cc24b85a077c9a6d37f01b75,lodestar,2022-08-01T22:28:03+01:00,2022,rename to LightClientBootstrap to keep consistent with spec,32639,159,205.27672955974842
f594a4b4431521ec401697fb86c0e7be7016b66c,lodestar,2022-08-19T16:57:50+05:30,2022,Cache and reuse old validator registation data if no params change,32639,159,205.27672955974842
9194e2162374bf82e51f6e745557c6e9513e056f,lodestar,2022-09-01T17:04:48+02:00,2022,Check API definitions against OpenAPI spec (#4493),32639,159,205.27672955974842
6581fceda331ec1a9bc33b0fde4090a27ebf6c99,lodestar,2022-09-14T14:49:49+02:00,2022,Review PR,32639,159,205.27672955974842
f1065a182a16359f2de07d4172ee7ca9ba8a0c34,lodestar,2022-09-29T12:45:56+02:00,2022,Update the failing unit test,32639,159,205.27672955974842
a83df9e54d97b2b02258c713279898f5a9046812,lodestar,2022-10-20T09:42:02-07:00,2022,"When producing a block to propose, assign blobKzgCommitments from Engine API getBlobsBundle response",32639,159,205.27672955974842
4632bcfed54be1fa2c34bef61d1d3ffb521d73c4,lodestar,2022-11-17T09:41:54+01:00,2022,Fix types,32639,159,205.27672955974842
50bb23e68fa22570c03301a66c9de15f46b7abea,lodestar,2022-11-26T22:23:06+07:00,2022,Add unit tests for encoders,32639,159,205.27672955974842
02e72c3bf7c0b36994a9071de9597b054f897bcf,lodestar,2022-12-12T12:30:59+01:00,2022,Fix a variable typo,32639,159,205.27672955974842
9bcccedb14ff50d0455851d01b54216aacc81a77,lodestar,2022-12-15T14:00:45+07:00,2022,Deduplicate rateLimitErrors metric (#4909),32639,159,205.27672955974842
cdde39ffa07f098c079b19fd9facde3b56e90ace,lodestar,2022-12-28T14:18:42+07:00,2022,Fix no peer issue (#4951),32639,159,205.27672955974842
e73d173afdaa7ca42e2019388971b1f0baa821c6,lodestar,2023-01-09T18:04:36+01:00,2023,Write only the header for the node health,32639,159,205.27672955974842
1479a32b27863744ef7570de0e7ad7a70864f9d4,lodestar,2023-02-05T18:53:14-05:00,2023,Filter enrs in worker,32639,159,205.27672955974842
92e4069f54813075c28064b5733124eea9b9ce4e,lodestar,2023-02-15T18:33:18+05:30,2023,remove async,32639,159,205.27672955974842
1bc386da3a288702772b7055abd2462977c6a298,lodestar,2023-02-16T11:46:23-05:00,2023,Fix linter errors,32639,159,205.27672955974842
60182201275ab70a82764c9b499a1ec8868635bb,lodestar,2023-02-20T09:01:45+01:00,2023,Fix few remaining issues/missed references,32639,159,205.27672955974842
d9cb205c17c494befa1ccee6aa346dbf96c25e55,lodestar,2023-02-27T13:21:09+07:00,2023,Fix mdns e2e test timeout issue,32639,159,205.27672955974842
d7efdbe663f3100ce8666ab051188c495e629723,lodestar,2023-03-03T18:31:23+05:30,2023,cleanup,32639,159,205.27672955974842
fa659b371fc79495127d6865b04f7c094afe7424,lodestar,2023-03-31T13:39:14+02:00,2023,Reference gh issue with rationale for choosing vc http timeout,32639,159,205.27672955974842
22dad907790bde1565debad351936e41eccc7152,lodestar,2023-05-22T14:49:57+07:00,2023,feat: track equivocation in sync committee message validation,32639,159,205.27672955974842
8464c6b453dc12f49a937e208729289c12f34192,lodestar,2023-06-15T13:10:46+02:00,2023,style: fix unnecessary type casting (#5639),32639,159,205.27672955974842
fe6854fa849606e76caf836e6de673c2492aaba5,lodestar,2023-06-16T13:56:03+02:00,2023,"Set execution mode to ""http"" in default options",32639,159,205.27672955974842
688e5a75ad2c48706e65251e87fe1822ecff7452,lodestar,2023-06-24T16:45:02+07:00,2023,fix: deterministicLongLivedAttnets feature flag,32639,159,205.27672955974842
c04d75af33d0268ecafaa53264f4385bb6d17ed4,lodestar,2023-07-10T03:30:23-04:00,2023,refactor: move getParentRootFromSignedBlockSerialized to sszBytes,32639,159,205.27672955974842
b38bee698d1a7e05b363a395bc26c899ed231f69,lodestar,2023-07-14T16:38:54+02:00,2023,"Revert ""Use node version 20.4 in CI""",32639,159,205.27672955974842
5e66c75218f7abfec1518385c96ea898299ff0ff,lodestar,2023-08-07T18:22:35+02:00,2023,Update package depndencies,32639,159,205.27672955974842
7b38a1a47713e19d23589c03006cc16df5a9161d,lodestar,2023-08-12T03:06:56+07:00,2023,fix: improve forkchoice updateHead() time (#5867),32639,159,205.27672955974842
e377d220f4df038f1df4927422361f8838d1654c,lodestar,2023-10-09T22:18:00+02:00,2023,refactor: update comment to be more clear,32639,159,205.27672955974842
505f5b664332f63603a0591d591922a38737445f,lodestar,2023-12-07T13:42:06+03:00,2023,chore(networks): update gnosis bootnodes (#6164),32639,159,205.27672955974842
bd83b0921259aff92731a0aa0398e307ff8de760,lodestar,2023-12-27T06:48:30+05:30,2023,chore: blob inclusion proof PR cleanup (#6239),32639,159,205.27672955974842
cde10e9c48bcf0d17c8b1c13032119b12138a5d5,lodestar,2024-01-25T15:16:22+08:00,2024,Rename state to preState,32639,159,205.27672955974842
3d14c9750ad6590580124fdfad3cdd443ffeae2d,lodestar,2024-02-14T11:58:26+01:00,2024,chore: fixed incorrect link,32639,159,205.27672955974842
64d24c0b076bc21f2bfc37491b751e050e36fe4b,lodestar,2024-03-12T23:36:16+01:00,2024,Update api package tests (wip),32639,159,205.27672955974842
bee648b9960c433292f4f512184c03ef7a67ef2f,lodestar,2024-04-16T19:26:18+08:00,2024,initial commit,32639,159,205.27672955974842
6ddf100577243ee5b02e71ad0ed95729b74bf01f,lodestar,2024-04-16T19:26:18+08:00,2024,initial commit,32639,159,205.27672955974842
2c4ec05510446f0d52cf49d549d1df55ddde6088,lodestar,2024-04-23T14:59:14+01:00,2024,Fix a bunch of route definitions,32639,159,205.27672955974842
52de601db8d5ef14eba5baf26a86aa4dae9ad174,lodestar,2024-04-26T14:35:26+02:00,2024,chore: workaround runner limitations,32639,159,205.27672955974842
077e21660dc7e07d1ebe90f906ed4f6926a94bfe,lodestar,2024-04-26T17:22:45+08:00,2024,aggregateAndProof validation,32639,159,205.27672955974842
5aae4b7e05bff95b78e85cfa5606930db1d9c975,lodestar,2024-04-29T16:20:24+01:00,2024,responseOk might be undefined,32639,159,205.27672955974842
58a8e89fd2f357b78605443e0d3b13ca4f3c0e5b,lodestar,2024-05-13T14:02:31+05:30,2024,chore: fix types and lint (#6750),32639,159,205.27672955974842
fdefed8f8924ceffafd0e44c1cfa23255dbc2fb3,lodestar,2024-05-16T05:17:49-07:00,2024,test: improve ssz tests consistency (#6776),32639,159,205.27672955974842
7830e33fd2ff7bd305ebf71af3d5e8b90084ca88,lodestar,2024-08-02T14:39:07+05:30,2024,fix build,32639,159,205.27672955974842
ebd4f6ac6e73a2c4933537f408730ee1d8ef13aa,lodestar,2024-08-04T02:28:30-04:00,2024,Update lodestar_validator_monitor.json,32639,159,205.27672955974842
3e37719f4e0675cb69092c50d62918c466c5fbcb,lodestar,2024-08-20T00:32:28-04:00,2024,fix: extend sim test timeout,32639,159,205.27672955974842
ee1256e4258c703efd7473347ffed853e37eb9f9,lodestar,2024-08-28T02:46:33-04:00,2024,refactor: remove comment and change variable name,32639,159,205.27672955974842
5d819be27c6affeef717cdeade0b54f1040ddb7e,lodestar,2024-09-05T12:53:19-04:00,2024,chore: bump quic,32639,159,205.27672955974842
2b41463ae35d88f0dae03b8a9702899e845e7278,lodestar,2024-10-15T11:15:02+02:00,2024,Fix the naming conventions,32639,159,205.27672955974842
36dfa1cd9298ce35b17c8dc4e1d2350e4c2c2fc4,lodestar,2024-12-12T18:12:05-08:00,2024,Fix check-types,32639,159,205.27672955974842
0d68396465ee2021ddd61dd1ab88a284b8f6e634,lodestar,2024-12-18T17:00:17-08:00,2024,Fix index check,32639,159,205.27672955974842
793ad4921827cbd3dec3cef72809dc1b3dca7cc3,lodestar,2025-01-09T23:26:00Z,2025,chore: skip fulu fork spec tests (#7343),32639,159,205.27672955974842
6b20ef550cfd925aa713b248961398ad0adaacc8,lodestar,2025-02-07T01:56:03Z,2025,feat: schedule electra on holesky and sepolia (#7402),32639,159,205.27672955974842
398c796af81783d2177476dc88237cb5dedecbf8,lodestar,2025-02-13T05:04:08-08:00,2025,fix: duplicated block attestations (#7455),32639,159,205.27672955974842
729257ca019a9859a5f0e4c6d3e7db1f0923af92,lodestar,2025-02-14T20:18:13Z,2025,chore: fix verification of README code snippets,32639,159,205.27672955974842
f260429e59c6bded0b63566525c030786bf82440,lodestar,2025-03-10T17:53:03-07:00,2025,Update Dockerfile.dev,32639,159,205.27672955974842
79738178562f9cb71c0d929eab5371643d1fcd96,lodestar,2025-04-01T16:30:15+02:00,2025,Fix spec tests config,32639,159,205.27672955974842
2f74178ec093016bbebe18611a74ea2f240b863e,lodestar,2025-04-08T13:30:44+01:00,2025,feat: track insert outcome of aggregated attestations to oppool,32639,159,205.27672955974842
569d628b82f66c94395c3d74fd8ea9158489ceb0,lodestar,2025-04-18T20:52:50-04:00,2025,feat: add BLOB_SCHEDULE for BPO forks,32639,159,205.27672955974842
0332d558839bc20b24f32efbcee56cb68faf8998,lodestar,2025-04-22T02:51:47+07:00,2025,feat: clean up constructors,32639,159,205.27672955974842
eb850bd1d7ab9a8c8f1da12f6612c3e97fd1673c,lodestar,2025-04-28T10:22:45+01:00,2025,Pass force flag to allow overriding stream handlers,32639,159,205.27672955974842
ef7f4bd7546acad7a905dd9160597cff06c86b06,lodestar,2025-04-29T12:55:45-04:00,2025,fix: peerDAS - Fix name of `custody_group_count` in Fulu metadata (#7751),32639,159,205.27672955974842
f201170e7d4556779bace0b82fb6cc904764df9f,lodestar,2025-04-30T15:05:38+03:00,2025,Fix number constructor in pool.ts,32639,159,205.27672955974842
ca57e6c9b29a977a9d9ccd685b010b91fce3f6c7,lodestar,2025-05-03T09:38:49-04:00,2025,feat: handle chain stall in peer manager (#7508),32639,159,205.27672955974842
2c0ef1d1a4fd158fb8d47c72509e6807fe30b4b1,lodestar,2025-05-05T20:22:23+02:00,2025,Add label to gossipBlock elapsedTimeTillReceived metric,32639,159,205.27672955974842
200d9d9a077315e5f644c21110e44f2734f66018,lodestar,2025-05-19T15:28:44+02:00,2025,Remove the dependency of log meta,32639,159,205.27672955974842
23bcdda94445d5074d35e9bcb2d750c7698ba039,lodestar,2025-05-29T09:32:12+01:00,2025,Use getOrDefault consistently,32639,159,205.27672955974842
cd9a65d62d1f78c0430c733b23470399d3272181,lodestar,2025-06-02T16:11:59-07:00,2025,fix build,32639,159,205.27672955974842
32ed2c23dab9cdda7c8105fd946f571551cdc2fd,lodestar,2025-06-22T11:56:02-07:00,2025,Add unit test for getActiveSubscribeBoundaries,32639,159,205.27672955974842
4827ad1000bda61bb6a1b1d90349480e1d9768d6,lodestar,2025-06-24T16:37:19+02:00,2025,fix: add electra to cached blob data fork check,32639,159,205.27672955974842
7ef1b87ebca7d70b93d3178af412420a457cb844,lodestar,2025-08-10T09:07:03-04:00,2025,refactor: fulu hex helpers (#8163),32639,159,205.27672955974842
6aab6cb13fc068f7ae55750c0bca9c7c7d06f3e5,lodestar,2025-08-11T09:01:15-05:00,2025,feat: bump spec test to `v1.6.0-alpha.4`. Add data columns to fork-choice spec test (#8170),32639,159,205.27672955974842
d286ef6255f75107c706b412107c27764da393de,lodestar,2025-08-19T17:23:07-04:00,2025,fix: use correct self fate limited request error code,32639,159,205.27672955974842
89b7cbbf34190155f1f4b5d993bb5d6f000f8f78,lodestar,2025-08-21T14:35:13-04:00,2025,chore: guard against NaN / undefined,32639,159,205.27672955974842
b828f4814d4417bd8d87a9c9259013c426fdfc6b,lodestar,2025-08-22T20:00:58+02:00,2025,fix: add inclusion list params for tests,32639,159,205.27672955974842
33faf67bc8fa92e5280e267502f3c13631549467,lodestar,2025-08-25T19:30:58+02:00,2025,refactor: move fork-choice metrics to fork-choice package,32639,159,205.27672955974842
fa83ae1f143040d77fbadbd7f2224d73c91dac7e,lodestar,2025-08-26T23:11:57+07:00,2025,test: rough out MockBlockInput for testing,32639,159,205.27672955974842
45baecd8141980e30ccc443d3a41260b9ff3ccc1,lodestar,2025-09-03T18:54:57-04:00,2025,chore: apply #8282-ish solution,32639,159,205.27672955974842
27f4b80bb2c90c367b2d1a9e6faeed1d0cc049d1,lodestar,2025-09-09T14:42:29+02:00,2025,Fix max columns inclusive range,32639,159,205.27672955974842
56d2f046556fee6a58c869bcf63431809f8df285,lodestar,2025-09-13T12:08:03+02:00,2025,chore: add unit test for getAttesterSlashingsFromBlocks,32639,159,205.27672955974842
a70bac5bd3602c4bcd7c1219e059bf4e99eca213,lodestar,2025-09-18T18:49:08+07:00,2025,feat: refactor block input (#8200),32639,159,205.27672955974842
ebf29bef040a788d343457532a4b170c468bb03c,lodestar,2025-09-22T14:47:50+07:00,2025,fix: only track data column subnet topics we subscribe to,32639,159,205.27672955974842
f837d1f44f24ced08843456bdbe2d06fb9ec0375,lodestar,2025-09-24T15:36:22-07:00,2025,Polish,32639,159,205.27672955974842
bb951511641b0397ce480aac4a42c29cc0df6abe,lodestar,2025-09-26T15:18:17+07:00,2025,fix: hasAllData in createFromColumn() api,32639,159,205.27672955974842
6f0139da410110c597c4ca77cf8c4202d34aa9a0,lodestar,2025-09-26T18:56:10+01:00,2025,Lighthouse still requires SECONDS_PER_SLOT,32639,159,205.27672955974842
ad9a77f464f68d9b489f2baecf39508608c6c4d0,lodestar,2025-10-04T14:17:40+01:00,2025,Make lastPersistedCheckpointState flag hidden,32639,159,205.27672955974842
b53af9d0a5783edd62b288bbaf652d341fff99b3,lodestar,2025-10-15T16:36:14+01:00,2025,fix: only trigger get blobs and data column reconstruction if missing data (#8536),32639,159,205.27672955974842
f2593618478daf52da21f1bb5dd63262188632f3,lodestar,2025-10-17T07:22:19+01:00,2025,fix: ignore already known data column sidecars (#8542),32639,159,205.27672955974842
dfab8bd87f3502d3954337407892f12ad794cea9,lodestar,2025-10-20T19:26:26-04:00,2025,feat: pass peerId and peerClient to pertinent on* reqresp handlers,32639,159,205.27672955974842
1114fcf1967db997defccc6fedbd1799682158fa,lodestar,2025-10-22T10:32:31-04:00,2025,chore: update lodestar-bun again,32639,159,205.27672955974842
edc3582a5c805d9eca64941ed45ef6224a24611f,lodestar,2025-12-03T11:16:47+07:00,2025,fix: skip transferBytes.test.ts,32639,159,205.27672955974842
53ee1c8c264f1abf5fcf8e0177d30170c77bd5ac,lodestar,2025-12-11T19:32:22+01:00,2025,update the build action to use better cache,32639,159,205.27672955974842
0f99ca722d4e2f0f3adda57d6278d858f96f9ea7,lodestar,2026-01-30T17:38:51+01:00,2026,I hope this works,32639,159,205.27672955974842
22eeb17aa4ff282188c6ebe9edf559bbcb299e80,lodestar,2026-02-11T18:03:45Z,2026,Tweak comments,32639,159,205.27672955974842
ddd81dbc8351bfecea294a05112d4f999a9d95c9,lodestar,2026-02-12T12:02:39Z,2026,Update validator<>builder index conversion,32639,159,205.27672955974842
6e8d994974a6c9bfe16408be06086c12619d41e9,lodestar,2026-02-20T15:10:37Z,2026,fix: handle floating promise rejection in block production race,32639,159,205.27672955974842
396b4e91b2c5355d44392b2503757549d79a71ee,lodestar,2026-02-20T23:21:05Z,2026,fix: align Gloas vote/tiebreak edge cases with spec (#8931),32639,159,205.27672955974842
4472ad3aa0916083ae443b3616287ddf1a4a20d8,lodestar,2026-03-09T19:41:51Z,2026,chore(deps): bump svgo from 2.8.0 to 2.8.2 in /docs,32639,159,205.27672955974842
2d68ea771cf41ebdc30df185ca95f9fa48242e97,lodestar,2026-03-30T16:54:40Z,2026,deploy: efc1ab8e31089ea7792594619571c0dd2448b4b5,32639,159,205.27672955974842
4358217e121ba31f0a3f8284bb17fd260f6a7ae7,lodestar,2026-04-27T07:24:29+02:00,2026,fix: call fcu in importExecutionPayload (#9285),32639,159,205.27672955974842
6b1b371fd20012b7e94bb1bf35f0d0715c6ba394,lodestar,2026-05-13T07:02:14Z,2026,deploy: 5adb1cab7b4cd37cea4c60c7490d86ba0cc02158,32639,159,205.27672955974842
4e5ec07141a17f4ba4a4f59ed44626a13e29e35a,lodestar,2026-05-13T19:50:54Z,2026,deploy: 51b67f3efb773de41138d54043140f2393eb2105,32639,159,205.27672955974842
1bbc7ed841a783a31665713358f81078653c45ef,lodestar,2026-05-20T12:21:45-04:00,2026,feat: support eip-7688 progressive containers,32639,159,205.27672955974842
405639fa11591fcd7e23fda3c52dee7f0773a87f,lodestar,2026-05-22T14:29:53+07:00,2026,perf: improve onboard builders,32639,159,205.27672955974842
d54ffcb01ee668c4e038e924b4244892b6f1c32b,lodestar,2026-06-15T16:40:30Z,2026,chore(deps): bump tmp from 0.2.6 to 0.2.7,32639,159,205.27672955974842
980a6ea370e49d160ca167b98820f9677ecb6ca3,lodestar,2026-06-23T15:38:44+02:00,2026,fix getHistoricalState for native,32639,159,205.27672955974842
171f6028fff6580a46549899c058117354a291cf,lodestar,2026-06-29T17:38:11+01:00,2026,chore(deps): bump actions/cache from 5.0.5 to 6.1.0 in the actions group (#9563),32639,159,205.27672955974842
dae4c3e4ac094b2fe4c9f39f9530ad8baab8e337,nethermind,2017-11-14T21:17:09Z,2017,14 tests failing in Frontier GeneralState,68131,333,204.5975975975976
571847e29d2de4c0aab54a68b717b1e34508af8c,nethermind,2018-04-26T17:10:24+01:00,2018,fixed build (recompute hash),68131,333,204.5975975975976
2e2b9646d59b9f57133316d0db0a011802912a17,nethermind,2018-05-22T23:14:55+01:00,2018,remaining update path - removed unnecessary allocations,68131,333,204.5975975975976
3966c21aab6938b6121a870f593ba009748a4219,nethermind,2018-06-03T17:39:31+01:00,2018,make db private,68131,333,204.5975975975976
adccedd04dedddd04525c1e784d66fb502338f79,nethermind,2018-09-29T22:07:09+01:00,2018,Update README.md,68131,333,204.5975975975976
1ddfce56d51801c30464aab716ccf7ca2e51b6df,nethermind,2018-10-09T15:55:07+01:00,2018,discovery strange message - just debug level and more details,68131,333,204.5975975975976
9aa76bc80a5c0f2cb6b875bb42eb8a3dde8a9600,nethermind,2018-10-09T17:37:27+02:00,2018,Fixed JSON RPC serialization #163,68131,333,204.5975975975976
25a53e6cd007d985542254ae18a2c7a315ca4e7c,nethermind,2018-10-13T18:59:09+01:00,2018,block producer start,68131,333,204.5975975975976
529efb181add0fd7e4b754ff7e0dd4f8f2fdb45b,nethermind,2018-10-21T19:27:48+03:00,2018,implementing the aura seal engine,68131,333,204.5975975975976
05ee03e0117a9cb021af2430e2dc158689e039d3,nethermind,2018-11-06T22:11:09+01:00,2018,#218 removed old broken tests for P2PSession,68131,333,204.5975975975976
f5f77082c5e2053062870530b68737fe8c364d1f,nethermind,2018-11-21T03:06:46Z,2018,#267 minor fixes after first tests of receipts tracer,68131,333,204.5975975975976
89c42f9a662bd693ce9be9c8b272acff0da273d5,nethermind,2018-12-06T16:26:17Z,2018,#320 check pending in storage,68131,333,204.5975975975976
16e57170bb95bc5c1b1998a0699356f7c4a2589d,nethermind,2019-01-25T17:38:51Z,2019,#345 sending eth - WIP,68131,333,204.5975975975976
50201723d4c4c3424ecec3e04e7b4587fd65f544,nethermind,2019-03-05T04:00:45+01:00,2019,Update README.md,68131,333,204.5975975975976
daafb497356d47c1b12d9c730aaf50f22292befd,nethermind,2019-05-19T13:00:23+01:00,2019,hive chainspec loading tests WIP,68131,333,204.5975975975976
abe183a5ce02a49d1fbffcba3dad21794ed08815,nethermind,2019-07-23T14:39:37+02:00,2019,Updated NDM ws notifications,68131,333,204.5975975975976
f97fa237040d4ae233969386bc0d1a08d9974fe1,nethermind,2019-08-20T19:19:16+01:00,2019,empty bloom no alloc #786,68131,333,204.5975975975976
41a1ac9b4ce02479b15796824eaedd520f3afff0,nethermind,2019-08-21T00:28:05+01:00,2019,make space and ref counting #786,68131,333,204.5975975975976
bc6123888ab2837f9c4c4ce0adfabcec98b21cb8,nethermind,2019-08-31T22:16:24+01:00,2019,fixed to the failing test #855,68131,333,204.5975975975976
9e485f7768308fb1ee965d008422131df8a2ddc4,nethermind,2019-09-11T18:30:53+02:00,2019,FIx configs and cmd params in overseer tests (#882),68131,333,204.5975975975976
f4f2402c0ac8eaa4a459cfd9b4848e41c920723f,nethermind,2019-09-14T21:31:38+01:00,2019,resolved merge conflicts,68131,333,204.5975975975976
1cd0bc9db22b99e8008ff0a1c7bd2c74b10070ac,nethermind,2019-11-19T13:25:00+01:00,2019,"adding codecov action, checkout master branch",68131,333,204.5975975975976
7aac3d69a66ec59a3ce8d3cda0268e6c73fe2b93,nethermind,2019-12-06T23:54:09+01:00,2019,Workflows (#1065),68131,333,204.5975975975976
04f560d3509a7b2eaf767cd0ae9fb4354b6881d8,nethermind,2019-12-13T09:24:53+01:00,2019,removing fetch-depth prop as it does not work,68131,333,204.5975975975976
ff1b45f8cf5ce5ff2f0e0fa1ec1bfa72f10a12e2,nethermind,2019-12-14T22:33:11Z,2019,geth friendly fast blocks,68131,333,204.5975975975976
cd79094b0f52a882cad6281bccd3a7f2462cf474,nethermind,2019-12-18T16:08:45+01:00,2019,fixing auto PR [skip ci],68131,333,204.5975975975976
9c0b7e23946e5d76936804da9dfd39907ae69c57,nethermind,2019-12-21T22:28:13+10:00,2019,Increase test tolerance,68131,333,204.5975975975976
cdd1b3a32e6335642bc15c3014aea358e5bbba01,nethermind,2019-12-24T08:13:55+10:00,2019,"Set refspec on git unshallow, e.g. for master; update to latest gitversion",68131,333,204.5975975975976
0884311ad5dec6dcdf3151419299ad82b325c319,nethermind,2020-01-07T10:03:27Z,2020,more tests for spec and bomb (#1229),68131,333,204.5975975975976
0559803cf5737daf8c28b5c8e14bd7f5e1aee83b,nethermind,2020-01-14T15:52:55Z,2020,fixed some tests,68131,333,204.5975975975976
b5f05b4fb573f43ecd0d2d77bb5b6f57d0228567,nethermind,2020-01-14T21:02:34Z,2020,fixed tests sln,68131,333,204.5975975975976
caa8759fc9b1b1e608c4a7a4fa5c52c65b5be1c1,nethermind,2020-02-10T16:11:58+01:00,2020,adding scripts for building & running nethermind nodes,68131,333,204.5975975975976
a84a0a5670732e196b99042728c9a321fc9ea803,nethermind,2020-03-04T10:21:06+01:00,2020,more resilient,68131,333,204.5975975975976
d4a9c6c9bd736496b4f9115850b01b982e2a51e7,nethermind,2020-04-06T10:40:08+02:00,2020,updating sdk to 3.1 in Dockerfile for ndm e2e,68131,333,204.5975975975976
0d94d4ae18e38d400fbb65c67ff81bb2a345bfde,nethermind,2020-04-07T13:24:50+02:00,2020,eth_getLogs without allocations,68131,333,204.5975975975976
db2cabe2a50b2db90bf6a17f499c80f830f13b72,nethermind,2020-04-23T14:49:42+02:00,2020,adding tag from build server as a payload to dappnode update trigger,68131,333,204.5975975975976
f4a23ba6b10ec1ba5230fbc6f5cae0d59416578d,nethermind,2020-04-28T00:01:53+01:00,2020,done properly,68131,333,204.5975975975976
775dd9fe5030441711f12cab08393857bdb41597,nethermind,2020-05-05T13:12:13+02:00,2020,Revert wrong tests,68131,333,204.5975975975976
2e55e3a016392f32ad9837374ec1a691a4a85b64,nethermind,2020-06-23T21:55:25+02:00,2020,wip,68131,333,204.5975975975976
7476dc9803f16d09a2ef7acd410fd5de2a1fdd9c,nethermind,2020-06-24T19:31:32+01:00,2020,remove non-avx unused code,68131,333,204.5975975975976
0cfa5a1645e5fa26f569be17ccf0c7e004fef673,nethermind,2020-06-30T14:20:43+01:00,2020,fixed where missing,68131,333,204.5975975975976
75e3224b31dfb702825d89336b801d4d074cf8eb,nethermind,2020-07-17T11:03:54+01:00,2020,less allocating ethash,68131,333,204.5975975975976
ca9b5504e5169d574367feda3187d6bea5c01822,nethermind,2020-07-17T20:38:35+02:00,2020,Logs + better reporting discovery,68131,333,204.5975975975976
8708b023db9af6c70b8d25157a429a2560395049,nethermind,2020-07-28T13:38:57+02:00,2020,turn down unneeded excessive logs. (#2166),68131,333,204.5975975975976
7676cebc25d6f4b0459dbd580e367b19911a46b3,nethermind,2020-08-06T12:55:33+02:00,2020,Beam wallet - displayed transfer button after error (#2188),68131,333,204.5975975975976
51f2f37500820bc2e8f7e9b060ae3c633df26dc0,nethermind,2020-09-03T22:47:40+01:00,2020,More plugins (#2276),68131,333,204.5975975975976
4b912574eece1c76f70f480108e551b5ffc46fb9,nethermind,2020-09-24T00:29:40+01:00,2020,snapshot nd pruning time,68131,333,204.5975975975976
2ac98b36c57ea7b2a4a2fa23dbe23c201515bfea,nethermind,2020-09-27T19:32:46+01:00,2020,"removed apprunner, apprunnerbase, cleared startup and bootstrap, cleared json rpc loaders and grpc and publishers and much more",68131,333,204.5975975975976
8d023d6b984d66d372e91a9ecc323fd3cffd063b,nethermind,2020-10-01T16:58:08+01:00,2020,plugin paths,68131,333,204.5975975975976
993bb41438f376a58a6704890ebdd48c469c11e9,nethermind,2020-10-07T11:28:55+02:00,2020,return a copy from synchronized method,68131,333,204.5975975975976
d5aa8cb808d7d3d92f62d0bbc7e4d2f449404406,nethermind,2020-10-09T21:46:36+01:00,2020,fixed reading password with whitespaces at start,68131,333,204.5975975975976
a4437b9f18249a576a7db5de2b5650519d3eb5cb,nethermind,2020-10-24T21:18:41+01:00,2020,added test,68131,333,204.5975975975976
51a604d6449bd8fd2cfd7f174ad4234c7edbfbc9,nethermind,2020-10-30T17:00:42+01:00,2020,"gmp Dockerfile, secp docker build to use forked repo",68131,333,204.5975975975976
a109c36673330953d4917ce749505fa59806fca6,nethermind,2020-11-07T18:38:48+01:00,2020,Add historical leaves tests,68131,333,204.5975975975976
a120cb9439cba87ef6c4acbf3da329a5b91d6cfb,nethermind,2020-11-12T12:53:16+01:00,2020,Additional logging on error when sending tx,68131,333,204.5975975975976
7ff896d766c8c51552846c47372ecc5c67b8a2e9,nethermind,2020-11-19T15:13:45Z,2020,fix tests builds,68131,333,204.5975975975976
bfae1f812b97924444f85e2d268077463ada7b52,nethermind,2020-11-27T22:08:32Z,2020,mr pruner exp,68131,333,204.5975975975976
bd4653d86f1c481f5c1c1eb658ea94ac1c4e57ac,nethermind,2020-12-08T15:02:14+01:00,2020,Added nonce and tx sign.,68131,333,204.5975975975976
30130077b6121909a6fa2349a61f0c83b225cb92,nethermind,2020-12-09T10:27:27+01:00,2020,Remove rest of NDM from DB config,68131,333,204.5975975975976
1cc61c8edcfcc34fa61e18f90c0d111758c502f4,nethermind,2021-01-08T14:41:22+01:00,2021,Refactored NodeHealthCheck,68131,333,204.5975975975976
90102330060231e1583283f0d51029fa32e16300,nethermind,2021-01-16T04:49:50Z,2021,Pruning uat (#2540),68131,333,204.5975975975976
3154004437cb31ccb38dddcf3bb764096dff0fff,nethermind,2021-01-19T17:22:08+01:00,2021,test is green,68131,333,204.5975975975976
023d88a89fdd41c190f27c167f1b44398800e9e1,nethermind,2021-01-26T12:37:40+01:00,2021,Fix AbiDynamicBytes padding when length % PaddingMultiple == 0 (#2683),68131,333,204.5975975975976
3d6a3a07035b6a86b7537f7ba07c1d315c29c148,nethermind,2021-03-27T16:52:45Z,2021,Rocksync (#2924),68131,333,204.5975975975976
2ed5989762f9580d20b1a8eca8b9b6bd0924a2f6,nethermind,2021-04-13T13:08:02+02:00,2021,Fix BaseFee for genesis block,68131,333,204.5975975975976
6fdfbc887cbb7cbb4a37f038905b6a56b7ee61f3,nethermind,2021-04-18T02:01:27+01:00,2021,basefee opcode (#2985),68131,333,204.5975975975976
d2eb2bc68bb737625221025b7bbb9693b707ed41,nethermind,2021-04-19T14:12:02+02:00,2021,Add BaseFee opcode tests && add London ReleaseSpec,68131,333,204.5975975975976
19e56c4b317222f737892fa235c55ac9abc026f8,nethermind,2021-05-06T13:48:08+02:00,2021,cosmetic,68131,333,204.5975975975976
0326019bef797c4f86b6e6c47031708e704d2927,nethermind,2021-06-20T14:39:59+01:00,2021,"adding lots of comments, improving standard repo tests, before fixing Basleine and NDM tests",68131,333,204.5975975975976
9d2cf3b9736ae6acf91f7298024d43729760918a,nethermind,2021-06-25T10:24:58+02:00,2021,add one more test to the fix,68131,333,204.5975975975976
746099cb57bac789b6acbb6c94338fab5185c64a,nethermind,2021-08-02T15:11:24+02:00,2021,"Simplify default Blockchain processor tracers, require tracers to be reusable (needed for branches), remove confusion with factories (#3266)",68131,333,204.5975975975976
75e0b553b119e78396da6d23a41170940ebaf889,nethermind,2021-08-16T23:14:05+05:30,2021,Fixed test cases,68131,333,204.5975975975976
f56a019ccd25102dcf78a94590055c71692a5882,nethermind,2021-09-22T16:00:45+02:00,2021,engine_newBlock => engine_executePayload,68131,333,204.5975975975976
e527e25a52ccbe5940b4f8717bea2264844a6932,nethermind,2021-09-27T15:26:24+02:00,2021,temporary disable some MEV tests failing in the merge,68131,333,204.5975975975976
25a6510e4396ad0c7df1680fd634fac67878d78a,nethermind,2021-10-28T22:23:41+02:00,2021,Fix modyfing values under sorting,68131,333,204.5975975975976
6f684e31ff7217fe3a12c4e07c72a6a34216aa8f,nethermind,2021-12-27T00:58:56Z,2021,Updating Fast Sync config files,68131,333,204.5975975975976
8f4b5a813cf62407fa023ea0f51bf7e75a8ae566,nethermind,2022-01-17T13:00:05-05:00,2022,Resolve flashbots related files,68131,333,204.5975975975976
30fcfebb55851f78b0db5b5e013daf3b507749f7,nethermind,2022-02-01T13:52:51+01:00,2022,fix test,68131,333,204.5975975975976
e2c3740d643aab071533ead065396779696bc605,nethermind,2022-02-11T12:44:52+01:00,2022,Fix after rebase,68131,333,204.5975975975976
f6da3c460993d9d660d509664f250fc478005d7a,nethermind,2022-02-21T12:26:58+01:00,2022,refactor Avx2,68131,333,204.5975975975976
e92d3ad33b4cd6536132358223773282f9d42f89,nethermind,2022-03-15T09:23:59-06:00,2022,[Account Abstraction] Modify Websocket subscriptions to allow custom subscription types; add websocket subscriptions for User Operations (#3842),68131,333,204.5975975975976
1a1e6f4f46d65d23064f1456dec53cdd23a8dcfe,nethermind,2022-03-26T13:17:10+01:00,2022,add tests,68131,333,204.5975975975976
5b802c69c1a3d96faaadc09e243e7cec92de546f,nethermind,2022-04-01T14:04:29+01:00,2022,Ignore expected root hash for storages,68131,333,204.5975975975976
824203503240d02cab7dd38685a3e3de7c2cdf1f,nethermind,2022-04-09T20:31:07+01:00,2022,Persist Ranges phase end,68131,333,204.5975975975976
c6813889f15081247be44fe840f5a47284691b85,nethermind,2022-05-20T16:01:34+02:00,2022,small refactor,68131,333,204.5975975975976
1c28a0136d16c66d5433f8931818e66a8caa0bc1,nethermind,2022-05-25T18:43:25+02:00,2022,fix,68131,333,204.5975975975976
0605f5a427eb0906824ed7abd8fc79be9d6ad921,nethermind,2022-06-10T09:46:21+02:00,2022,Change BeaconHeadersSyncFeed to sync only to PivotParent,68131,333,204.5975975975976
9abd24fe7cbc4131483b75fc051d00196b2c1612,nethermind,2022-06-17T11:22:14+02:00,2022,ref,68131,333,204.5975975975976
f55a882621bcb946dcc15b4327b2f74971e00576,nethermind,2022-06-22T12:41:12+05:30,2022,remove commit in between execution,68131,333,204.5975975975976
c62f1121e1e9ddaf93c6c1ec079c004d850d01e3,nethermind,2022-07-22T14:14:48+05:30,2022,reuse buffer,68131,333,204.5975975975976
5d5f6afc4fac98d3566ade91b79cc1cc3c97fa65,nethermind,2022-09-14T12:29:20+02:00,2022,add option in DbBlocksLoader,68131,333,204.5975975975976
dcb60b86d2e8e91cd9f71c2ebdacbeb50a458c7f,nethermind,2022-09-19T16:01:48+02:00,2022,collapse fields into one,68131,333,204.5975975975976
06c2e1e183f40668688a28253c15c066ad8e5c8f,nethermind,2022-09-20T08:38:52+05:30,2022,"Revert ""temp small change""",68131,333,204.5975975975976
d8ba110199ced90c660f0a6e817261774fd490d1,nethermind,2022-09-21T02:07:53+01:00,2022,Added Eip3540 Property flag to SpecProviders,68131,333,204.5975975975976
73881c302681b62084aa246fd3a3d56a1b637720,nethermind,2022-10-07T14:37:42+05:30,2022,add test for compact encoding,68131,333,204.5975975975976
38bb21ade77f2ea13b6d529b1c035e627e371e65,nethermind,2022-11-23T11:58:13+03:00,2022,Test & fix,68131,333,204.5975975975976
5693711ce49abc9ba4590443272f4205542dc7d5,nethermind,2022-12-05T14:07:42+01:00,2022,add validation to txparser tool,68131,333,204.5975975975976
2153e237d477fdbd115d2f478550f2f385a23ef3,nethermind,2022-12-16T15:46:04+08:00,2022,Only create queue for eth66 message only.,68131,333,204.5975975975976
ed2e64d26baa574d9f4e2ac54ca3d4f1ad558b28,nethermind,2022-12-28T01:30:43+01:00,2022,Remove obsolete configs,68131,333,204.5975975975976
2080c2a65449f82328676e2e560220d3ffef117c,nethermind,2023-01-11T23:26:20+01:00,2023,Add preliminary `WithdrawalProcessor` for Aura,68131,333,204.5975975975976
4c94c42d449c9e98f67d18fab637932e5626afa6,nethermind,2023-02-08T11:30:32Z,2023,Use Dynamic Profile-Guided Optimization (#5216),68131,333,204.5975975975976
8fb9dae98511aaf64bc638c6335f55ca218d8d11,nethermind,2023-02-09T11:55:25+01:00,2023,Applied Suggested Changes,68131,333,204.5975975975976
e1e735f1a91ff2e9cab98bb2e53665b412ca7415,nethermind,2023-02-24T00:30:38+01:00,2023,Remove array pooling,68131,333,204.5975975975976
bcefba0cbcac40259d9b83fde38ca666999225bf,nethermind,2023-02-24T17:26:31+08:00,2023,Unit tests,68131,333,204.5975975975976
c367c52ff169cdf886fd6fd6d0cd602660c44e88,nethermind,2023-02-27T11:44:47+01:00,2023,Updating Fast Sync config files (#5340),68131,333,204.5975975975976
dab108f1a7ce9b0af3c3d58e9a5286d9113ccef1,nethermind,2023-03-05T19:54:08+01:00,2023,add fuzzing test & fix changing dispose,68131,333,204.5975975975976
a5a6e6011fbbf4ab300730557cf00a6bb5915f4d,nethermind,2023-03-06T11:41:19+08:00,2023,Minor cleanup,68131,333,204.5975975975976
e219fa8a837b6b6fbeb277000df73998c7d6c1a1,nethermind,2023-03-08T08:43:47Z,2023,ReadOnlyMemory<byte>.Empty -> default,68131,333,204.5975975975976
e48298b4c5b21259c7f7d31de0067ebaaba52ee8,nethermind,2023-03-22T01:29:53+08:00,2023,Trie node pool,68131,333,204.5975975975976
91f12db7a23ec7636297ef726834b2ffdada2c79,nethermind,2023-03-22T17:20:32+01:00,2023,Add name to task,68131,333,204.5975975975976
1fa330ed35af66977fd724a269495f8ff569812e,nethermind,2023-03-29T22:16:14+08:00,2023,Minor rename,68131,333,204.5975975975976
70b91c9311090af154e831e10041f3331085e35e,nethermind,2023-04-06T12:38:42+02:00,2023,Adds detailed log,68131,333,204.5975975975976
11c6e17b3ea11436aebcf76ca6dacbd9f1a4bee9,nethermind,2023-05-02T11:08:44+01:00,2023,Don't duplicate cache counts,68131,333,204.5975975975976
27badb1e827a8d6077f8e97463084dea8c985a10,nethermind,2023-05-17T16:44:38-03:00,2023,Add 'HttpClient' as Singleton,68131,333,204.5975975975976
fd0a51174267aa93e9d653ed635912af2c9225a3,nethermind,2023-05-18T09:50:49-03:00,2023,Add support for method name filtering,68131,333,204.5975975975976
3acf108c695836ea24e7c411e7e1d242c7754697,nethermind,2023-05-30T17:48:19+03:00,2023,Speed up a method with SkipLocalsInit,68131,333,204.5975975975976
a44018a1d37cc4227a5ad88d95a16ead8bf2b931,nethermind,2023-06-28T14:34:44+02:00,2023,Some custom state transition logic,68131,333,204.5975975975976
c9dd2ce19c8627276c88be61b6ba578cefb2c5af,nethermind,2023-07-01T10:30:55+01:00,2023,Reduce in-loop code gen from gas calcs,68131,333,204.5975975975976
0d31a69f162d9eb959219bd361a74a90cbbfa00a,nethermind,2023-07-17T23:15:54+01:00,2023,decomment ethereum tests suite,68131,333,204.5975975975976
ea0ea11b779cfbc2b9a973632a46bd39d6678a9a,nethermind,2023-07-20T23:38:57+02:00,2023,rename,68131,333,204.5975975975976
59d6ce6a78626fda0e41c0707b0b86315ad669a2,nethermind,2023-07-21T18:33:41+02:00,2023,Fixed creation of proof dictionary - path store workaround,68131,333,204.5975975975976
c94c018c1707941bf9d36ae918c262aa03917e2a,nethermind,2023-07-27T20:39:29+02:00,2023,Add TickSucceeded,68131,333,204.5975975975976
0877822714347a44da8751e47fbcfabe67a662ef,nethermind,2023-08-15T13:15:32+02:00,2023,Fix missing checkout,68131,333,204.5975975975976
5c30d7f8e1d09349bb092a681e49176f7c4928a6,nethermind,2023-08-15T14:33:09+03:00,2023,Adding some workarounds,68131,333,204.5975975975976
344a19acd97d92d9a483059e887ab6bfc36f7568,nethermind,2023-08-18T13:25:15+05:30,2023,storage cell value 32 bytes verkle,68131,333,204.5975975975976
d0485b9fb4ee402974222ce399920b4628563290,nethermind,2023-08-22T18:57:54+02:00,2023,Path cache fix - persist deletions first.,68131,333,204.5975975975976
492f624679c33c88c2616f1fdd59a8e4b5d2a438,nethermind,2023-08-24T18:22:20+08:00,2023,Missed a file,68131,333,204.5975975975976
87c9076baf35f129d177b306965a07a7722412e5,nethermind,2023-08-31T14:14:50+08:00,2023,Fix old blocks downloaded beyond old barrier,68131,333,204.5975975975976
a24085cd811fe3a6ad4fe4f23277bb93b73145bf,nethermind,2023-09-04T14:23:28+08:00,2023,Fix fast header may miss an retried batch,68131,333,204.5975975975976
a62aee43d5cc24f08dc1d34ad884768f17ee6b26,nethermind,2023-09-08T13:58:02+02:00,2023,MainnetSystemCalls in chainspec,68131,333,204.5975975975976
ed05a5dad83f084cbd39668d087e197c5801248a,nethermind,2023-09-28T11:47:37-03:00,2023,Code cleanup,68131,333,204.5975975975976
4d9e5986e2d304d88eb07b059fe84c7bb47933ef,nethermind,2023-09-28T13:33:30-03:00,2023,Use new `Builder`,68131,333,204.5975975975976
92c8f8172479e4fa237547aff1b57435c939de31,nethermind,2023-09-28T23:01:08+02:00,2023,Update executable and networks (#6141),68131,333,204.5975975975976
8e6ef7b73c38c8e1212a28a9034942eacd72d796,nethermind,2023-10-18T09:06:21+01:00,2023,"- attempting to add ""on-running-node-mode""",68131,333,204.5975975975976
11a43882a175a9bf4f0a6f8ff118d861b4c8da43,nethermind,2023-11-02T21:49:11+08:00,2023,Fix unable to send out disconnect reason,68131,333,204.5975975975976
756b170a86d3efca0b0fb1eed5e4893df48c8268,nethermind,2023-11-06T00:56:53+01:00,2023,assert files exist,68131,333,204.5975975975976
fe9b95bb8aa428e0609391ca7d8ca9e52cbc67e8,nethermind,2023-12-04T20:02:04+01:00,2023,"Fix invalid """,68131,333,204.5975975975976
6449706789397a8192de282e7a30637c255fbc14,nethermind,2023-12-13T21:31:42+01:00,2023,Remove JOC,68131,333,204.5975975975976
ab921f950d1c62de245a43522b9065aa411cebd4,nethermind,2023-12-13T22:08:28+01:00,2023,"Revert ""overload instead of override""",68131,333,204.5975975975976
de4bf7b0d7c86c4fd6a7d2b36f063f7e78d57935,nethermind,2023-12-21T10:45:13+01:00,2023,Whitespace format,68131,333,204.5975975975976
27b79d453ad1dc661661f18745e3e69f45102b3b,nethermind,2024-01-12T07:52:54Z,2024,ToHexViaLookup create string in place rather than copy via ArrayPool (#6510),68131,333,204.5975975975976
47a67a53d7362938f3a45462e26423b324725995,nethermind,2024-01-16T20:38:32+03:00,2024,Increase tolerance for default barrier again (#6550),68131,333,204.5975975975976
3c9450a6f35f49b32a8d1ab251c20a2bdc82c262,nethermind,2024-01-17T21:40:05Z,2024,Vectorize,68131,333,204.5975975975976
eab6aac8cdf2775d9c52248367f959488f83b5ac,nethermind,2024-01-24T09:14:28+01:00,2024,more ReadOnlyMemory/Span,68131,333,204.5975975975976
5581b0d8e4b5ac05e9cc61a342d53ea9e3a6badd,nethermind,2024-01-31T12:08:11+03:00,2024,Add op-mainnet barriers (#6620),68131,333,204.5975975975976
667e854dd943e3150dc0a78c156b027fc8ea4ab2,nethermind,2024-01-31T20:53:58+08:00,2024,Fix wrong config,68131,333,204.5975975975976
2aa1e697d6a84f389da383b263268f387bb22cfc,nethermind,2024-02-04T00:01:57Z,2024,Updating Fast Sync config files,68131,333,204.5975975975976
3974d7ef071f3142f2d9acbe0987a9c166a6aecd,nethermind,2024-02-08T17:14:45+03:00,2024,Fix test,68131,333,204.5975975975976
e8adac8fe3075472ff7cd27b2365e034a95abc3b,nethermind,2024-02-09T12:35:53+01:00,2024,build fix,68131,333,204.5975975975976
3465cad7c60d2f8cde774f3ab2448fca39672203,nethermind,2024-02-12T11:54:48Z,2024,Don't dispose Tasks (unless its waithandle is used),68131,333,204.5975975975976
687c8e8acdcfe3e20d7b75e4b1db37e654e5ccc0,nethermind,2024-02-16T18:39:34+01:00,2024,no longer memoize branch rlps,68131,333,204.5975975975976
340d0adba5a4c5f20751813b9ef32722f530c9c4,nethermind,2024-03-05T02:27:44+05:00,2024,fixed transaction execution,68131,333,204.5975975975976
ee88422f8cdb32ee51fb29ff203648a8e1ccab4f,nethermind,2024-03-11T20:47:32+08:00,2024,Use ratio to configure pas keys,68131,333,204.5975975975976
fe47e3b988f239327dca9e6bc60fa224ebab8647,nethermind,2024-03-22T19:32:47+01:00,2024,Update rpc-comparison.yml,68131,333,204.5975975975976
3aea262f20e270db0f6f024bf51298a9b7fe59b3,nethermind,2024-03-27T22:28:50+08:00,2024,Minor comment,68131,333,204.5975975975976
a9a57e1620f487ebfb4ea64992f21cb774228e27,nethermind,2024-04-22T11:05:02+02:00,2024,cleaning namespaces x2,68131,333,204.5975975975976
66b9461e11c1ec6ad4f33077043ac9201e8a4e12,nethermind,2024-05-03T12:07:30+02:00,2024,added test case attribute,68131,333,204.5975975975976
e8e704628f0f8b11fe74260a0f35aa1837b61c60,nethermind,2024-05-08T16:40:01+02:00,2024,fix Push0 test case,68131,333,204.5975975975976
f71e75c5b3f4c322ab0690af14c9dd34149a82b6,nethermind,2024-05-10T17:11:10+01:00,2024,Remove subroutines (eip2315 withdrawn),68131,333,204.5975975975976
b20dcc67fbc94e3589f1b90f548e3eb8c81833e4,nethermind,2024-05-15T10:39:13+02:00,2024,Remove CHT,68131,333,204.5975975975976
0acf045373beefba5d84d1bb5910c2dd0ed7461d,nethermind,2024-05-16T06:30:21+01:00,2024,Review updates,68131,333,204.5975975975976
77a5ad19d00cf94ab7425defaa75b469d9d08d80,nethermind,2024-05-16T10:01:30+02:00,2024,Add more checks on sync testnet to avoid critical issues marked as success (#7027),68131,333,204.5975975975976
ed6b5ed27175dce94570a91111e1621ba175ed83,nethermind,2024-05-23T11:55:10+05:30,2024,rename,68131,333,204.5975975975976
6bf27211f9fc1c7e8f413db57aecde034d4c3b2b,nethermind,2024-05-31T16:50:45+02:00,2024,"Add CycleDb, cycle after pruning",68131,333,204.5975975975976
bda9c1b81731521fda2041932e38b74aab8144ff,nethermind,2024-06-12T12:10:17+05:30,2024,Update/2 with new boolean variable peerIsOnlyFailure SnapSyncFeed.cs,68131,333,204.5975975975976
19716eb68cd9cf574adf96a9abe2d9bf64201891,nethermind,2024-06-14T10:58:17+01:00,2024,atomic eon info update,68131,333,204.5975975975976
22b7a75e614e3cf6f306946894b5b28e2f0052b8,nethermind,2024-06-19T15:40:26+02:00,2024,Fix by setting the cache to empty items,68131,333,204.5975975975976
504daba004246ab7487674f75baa14a338f7d3e5,nethermind,2024-06-24T14:55:43+05:30,2024,fix engineModule error,68131,333,204.5975975975976
e6e5d789101f21f3ed1c843f8b3dff191a2bc3b9,nethermind,2024-06-27T14:16:39+05:30,2024,Resolved conflicts,68131,333,204.5975975975976
16867921fdffafb5530d2d4b3720aa8b3462037a,nethermind,2024-07-02T21:17:02+02:00,2024,fixes in blockv alidator,68131,333,204.5975975975976
a6f92d6fcde4acdd76a645f1dfa952ca0109c814,nethermind,2024-07-11T10:04:33+01:00,2024,use constants instead of specprovider txsource,68131,333,204.5975975975976
637b7569396f29cc23b203a63908ce68c0b397e8,nethermind,2024-07-15T14:17:25+03:00,2024,Reorg?,68131,333,204.5975975975976
194fe77352dbfdc7f5e0c948068c9eb642a000fd,nethermind,2024-07-22T12:39:31+02:00,2024,Remove unnecessary functions:,68131,333,204.5975975975976
edeb3afbf20ea5e6fc3dd2e7f3226b9bd8fbc2dd,nethermind,2024-07-31T22:02:12+02:00,2024,refactor continued,68131,333,204.5975975975976
f13de6a61b3d4e0de3097458db84511a3963ff41,nethermind,2024-08-01T11:49:36+01:00,2024,slotLength use totalMilliseconds,68131,333,204.5975975975976
24d8e2420ae22ad40775cbe94a46586f1f1e0e48,nethermind,2024-08-07T22:22:12+05:30,2024,fix eth_gasEstimate issue (#7312),68131,333,204.5975975975976
9bc577fc58803bf093e9ff272a506ae4e6b989bb,nethermind,2024-08-09T15:03:06-03:00,2024,Implement `AbstractTxDecoder`,68131,333,204.5975975975976
099ab0eeb7ac618be2ba4e4e57809c98807ac1a5,nethermind,2024-08-13T12:01:08+02:00,2024,Update test-assertoor.yml,68131,333,204.5975975975976
1e4eb4ea7c41bb815f55a403e27fac2074eaa08d,nethermind,2024-08-13T16:08:19-03:00,2024,Formatting,68131,333,204.5975975975976
e098dcba0c75330ce71bad12fd6344c7c0e51e02,nethermind,2024-08-26T13:35:00+01:00,2024,* remove unnecessary double check,68131,333,204.5975975975976
a254f418cdd5b172557e5500a259534c9afc7820,nethermind,2024-09-09T14:29:27+08:00,2024,Use config,68131,333,204.5975975975976
b7c42cf545c82b0544880fffa5309c800bdf9fc8,nethermind,2024-09-13T14:18:12-03:00,2024,Delete unused classes,68131,333,204.5975975975976
681de1e58f87107d17750c1a3b5652e43e6e14f4,nethermind,2024-09-24T11:52:54+01:00,2024,refactore,68131,333,204.5975975975976
5a04e1608da8f848d9504bd05b6377d08f69206c,nethermind,2024-09-24T15:34:25+01:00,2024,update a optimized msm implementation,68131,333,204.5975975975976
66c83c3a3e2c3d35011ac74869a063126bb76555,nethermind,2024-09-25T16:49:55+08:00,2024,Fix rpc,68131,333,204.5975975975976
e0c12cad2feb4b5f66db13e24fe42cb47b45460f,nethermind,2024-09-25T17:52:57+03:00,2024,Fix OP initialization order (#7487),68131,333,204.5975975975976
18fef4d6dce4a9bdfa9193ce8224885cdb93a776,nethermind,2024-09-28T08:55:47+08:00,2024,Migrate more of network initialization,68131,333,204.5975975975976
9ca3800f0e78fb1e7327eba3940d3878fabe8660,nethermind,2024-10-03T11:56:26+01:00,2024,update and add tests,68131,333,204.5975975975976
b477517451033dfbf2e8b848597bdbc540094ca9,nethermind,2024-10-06T10:00:41+05:30,2024,Converting GetElapsedTime to long while logging and string formatting,68131,333,204.5975975975976
515527d3fc89947eeec4835d9840b40049cd3892,nethermind,2024-10-07T14:07:02+01:00,2024,remove file,68131,333,204.5975975975976
638456a75e568b4216aa0a3cbb4c1c8b2db3fdd8,nethermind,2024-10-15T11:58:40+08:00,2024,Fix tests,68131,333,204.5975975975976
7f6cf0713367b5db3f5584880c098a3cee2027c8,nethermind,2024-10-22T17:07:14+08:00,2024,Add test,68131,333,204.5975975975976
6850306e55dff322226ba9b75e673c8d692a10e7,nethermind,2024-10-30T11:10:21+01:00,2024,Update src/Nethermind/Nethermind.Consensus.Clique/CliqueRpcModule.cs,68131,333,204.5975975975976
bf7ba08bc49645671dc17cb0c6160b5f696f0016,nethermind,2024-11-01T21:46:22+01:00,2024,Migrate to the latest `System.CommandLine`,68131,333,204.5975975975976
caecf86f0e22d123370f9298c64485418799b323,nethermind,2024-11-05T19:17:29+07:00,2024,fix: update test in context mock,68131,333,204.5975975975976
b1a478d4dc880413dbcbe6b9e03e73365dc73053,nethermind,2024-11-07T15:56:14+06:00,2024,fix tests,68131,333,204.5975975975976
d38dbd1655fd4b43f49ccf5130d5c26667cbd513,nethermind,2024-11-22T13:24:10-03:00,2024,Remove transitions,68131,333,204.5975975975976
1b8000eab6877e50cd0ac01ccf31aa2a5b1b3b21,nethermind,2024-12-06T10:18:03+03:00,2024,Remove derivation,68131,333,204.5975975975976
0b8adf491dc5c3b356de3409851c86ecb95f749f,nethermind,2024-12-10T09:42:01+03:00,2024,Cleanup,68131,333,204.5975975975976
74cf2fd8bbdf929e8d05f70df5ce3a9dfa6e23f6,nethermind,2024-12-19T16:48:47-03:00,2024,Add overload for `Action`,68131,333,204.5975975975976
20f5165de643015426fe494c81d605d4ca016df8,nethermind,2025-01-01T14:45:44Z,2025,remove slot number from execution payload,68131,333,204.5975975975976
f595de03f8b14b41a465df4e5a894574abd0ab4c,nethermind,2025-01-16T10:45:24+08:00,2025,Eth simulate hack,68131,333,204.5975975975976
0e03832b4133642fdb473336880fb35b8261886f,nethermind,2025-01-17T13:22:14Z,2025,Refactor rpc module register subscription outside of subscription factory (#8066),68131,333,204.5975975975976
64a560f732920940209732da0f0cfb315a3fa93e,nethermind,2025-01-19T15:51:27+01:00,2025,Auto-update fast sync settings (#8075),68131,333,204.5975975975976
72204a1561c7a022b187129f3e6a3007fb86176b,nethermind,2025-01-21T17:18:40Z,2025,"fix engine rpc registration, fix old tests, add test",68131,333,204.5975975975976
7075ba9903f77416a85cc267c40e7836b555d859,nethermind,2025-01-22T15:43:44+08:00,2025,Namespace change,68131,333,204.5975975975976
2440b3bd7d4204d2f941e08c8e4f48e414ba7822,nethermind,2025-01-24T14:46:38+08:00,2025,Mistake in config order,68131,333,204.5975975975976
54865e455f1bb164af4cbe33e5bfc8c3df044f47,nethermind,2025-01-30T17:52:52+01:00,2025,temporarily change logging of the checkpoint,68131,333,204.5975975975976
292214d318d26b394d936b85b37b00bc410813eb,nethermind,2025-02-10T21:37:44+01:00,2025,Add World Chain to README (#8189),68131,333,204.5975975975976
4877b46e7d3ded24520383c89968d0caa4086a07,nethermind,2025-02-12T12:39:27+01:00,2025,"Revert ""check requests type validity (#8175)""",68131,333,204.5975975975976
5ffdbc91c8fbc91e60ffb21365f59c787215a827,nethermind,2025-02-18T14:32:17+04:00,2025,debug: allow only 9 characters per network while creating names,68131,333,204.5975975975976
4cd4be6ba3239987ce61297b5b1868442f4ede1e,nethermind,2025-02-18T15:01:12+04:00,2025,debug: properly set superchain networks,68131,333,204.5975975975976
5b9500ac7ff6b8e343e3038a75fd3aece2c77311,nethermind,2025-02-24T18:09:37+08:00,2025,Parallel forward sync,68131,333,204.5975975975976
29b223cad83daec24cfb1def5367e07ac0d64703,nethermind,2025-03-03T16:58:56+05:30,2025,Disable warmup by default in StateTestRunner (#8285),68131,333,204.5975975975976
035dedf33e23404e8c965c9a1990621155ef7009,nethermind,2025-03-07T19:59:33+08:00,2025,Fic randomly failing tx priority contract test,68131,333,204.5975975975976
6e527a15fad5ecbd90f75b6eaa4c0c7b199e661c,nethermind,2025-03-14T16:54:07+08:00,2025,Minor adjustment,68131,333,204.5975975975976
883e26fb754e0a1c7ac1bdf968c260776ab8e6e4,nethermind,2025-03-17T06:20:31+08:00,2025,Remove past path hashes,68131,333,204.5975975975976
58db60b8b7a2446865628e080e8417c1b26e42ba,nethermind,2025-03-19T09:20:55+08:00,2025,Bulk insert,68131,333,204.5975975975976
8ed54f6372cc7fdd9ab5af8118cce3618436b209,nethermind,2025-03-31T13:19:09+01:00,2025,"fork activation, remove old usings",68131,333,204.5975975975976
fb052f2c198618bf31750114b82805bfe5b689b3,nethermind,2025-03-31T19:44:09+01:00,2025,use spans for trie,68131,333,204.5975975975976
262988d98b633f7cdeeed6ca6a557a7a1accbbf3,nethermind,2025-04-23T13:37:59+02:00,2025,StorageValueMap is concurrent and is used in a concurrent way,68131,333,204.5975975975976
e4d3314f8cf30ef78ed5b3a9784eb7b77ee577dc,nethermind,2025-05-06T06:29:24+01:00,2025,Whatevs part 2,68131,333,204.5975975975976
2f876f8a8ecfeb98d3a9880bf9655aef38bbbda2,nethermind,2025-05-07T21:49:09+03:00,2025,Fix more,68131,333,204.5975975975976
e44f36658e801e04729d72fbc51c22dbf192a111,nethermind,2025-05-09T09:01:56+08:00,2025,Whitespace,68131,333,204.5975975975976
a6df5cbd2db4b68b4b60f8cede0768b2f6942492,nethermind,2025-05-18T19:11:43+03:00,2025,Finalize peer strategy transitioning,68131,333,204.5975975975976
252778f61bc6563af397812acfe25b71a6f13f8a,nethermind,2025-05-24T16:02:17+08:00,2025,Explicit execution requests,68131,333,204.5975975975976
25f1af3fc759aaa0339bf378319048205a9f7178,nethermind,2025-05-24T21:13:22+02:00,2025,Fix solution item paths,68131,333,204.5975975975976
ebd8d4cc86b4ee0e77aaf4087be735d1428c47f6,nethermind,2025-05-27T12:51:42+08:00,2025,Fix more build,68131,333,204.5975975975976
6baef7d78de50c725839bf9f0e68f91e85297f2c,nethermind,2025-05-29T13:22:48-03:00,2025,Initial `Experimental.Abi` project,68131,333,204.5975975975976
636c4c29367038b2c170ea61df3d32baababb927,nethermind,2025-05-29T14:31:55+01:00,2025,debug,68131,333,204.5975975975976
07763214a099ecdd9db5b62da52dedde0b9d865b,nethermind,2025-06-10T16:34:10-03:00,2025,Make tests parallel,68131,333,204.5975975975976
be561c1727d3f6b29174a413bfebe784f6cbe813,nethermind,2025-06-13T12:36:48+02:00,2025,fix conflicts,68131,333,204.5975975975976
b4662877e9a66aba99d3be9e91c60aa4865e30ac,nethermind,2025-06-17T18:44:56+03:00,2025,Fix validation when protocols are added concurrently,68131,333,204.5975975975976
2dfd49fbd533082bfa6d8d8efa8d0b630cf33361,nethermind,2025-06-23T10:21:11+01:00,2025,Format,68131,333,204.5975975975976
47084c951272c8a7fc41b4226eb037424c384515,nethermind,2025-06-24T10:03:39+08:00,2025,Fix on actual run,68131,333,204.5975975975976
ddcf5876c2e183f6e71a183b0f29c57df10c194a,nethermind,2025-06-27T15:03:29+03:00,2025,Fix encoding,68131,333,204.5975975975976
c3a43826a5beba7bf1a0348095c52a3c9db0f6f5,nethermind,2025-06-29T19:06:33+02:00,2025,Update Nethermind.GmpBindings package,68131,333,204.5975975975976
fb8d06a386b95f5ce9d457daebac6240d06347a9,nethermind,2025-07-10T09:27:12+01:00,2025,Run background tasks at BelowNormal priority (#8968),68131,333,204.5975975975976
3ec1f4791fa0bb15152eaf13793744708c24d0ad,nethermind,2025-07-17T15:04:21-03:00,2025,Initial `ApplicationTests`,68131,333,204.5975975975976
0a5591d4a68c45b6cc8be81e7d07d2469f1f4eae,nethermind,2025-07-19T11:25:59+08:00,2025,Remove last orphan readonly tx processing scope. (#9005),68131,333,204.5975975975976
9d0702b6a0ef01f666359d1d824ca649d940c42d,nethermind,2025-07-25T16:56:19-03:00,2025,Use `JsonNode`,68131,333,204.5975975975976
8d00bb32b93a205a73f76955939497c9b8bd7e06,nethermind,2025-07-30T17:19:07+01:00,2025,fix fullPrunning referencing wrong dbFolder,68131,333,204.5975975975976
460807aeb9feeea3227adbfeb1768f658c01c664,nethermind,2025-07-31T15:04:23+01:00,2025,global locks for db intensive background tasks,68131,333,204.5975975975976
f1a92a6386b00c9e2ad10056d6eb3aa210c07acc,nethermind,2025-08-08T14:39:07+01:00,2025,Use single event subscription,68131,333,204.5975975975976
c929eac2b6dcaf915dcbd6439fab4f5d0a36cb9b,nethermind,2025-08-11T13:37:59+02:00,2025,feat: Make ExecuteTransaction overridable,68131,333,204.5975975975976
d48a52bce106a60f8c66eaa90f88b8cbf5961265,nethermind,2025-08-11T20:51:41+08:00,2025,Fix crash on after db dispose and concurrent full pruning start (#9111),68131,333,204.5975975975976
084562134b7680175ee92015c3f79a4f90ef5ff1,nethermind,2025-08-21T15:04:45+03:00,2025,Fix,68131,333,204.5975975975976
7a7d80e54ce5028f6c08ab22326157d336f41fb3,nethermind,2025-09-02T17:08:53+03:00,2025,Logging tweaks,68131,333,204.5975975975976
1365ee76386f17b58f32a917ee9d2c868add8a4a,nethermind,2025-09-03T15:17:37+02:00,2025,Fix incorrect merge - missing changes from #9078,68131,333,204.5975975975976
bf796affe7fd86ed088d16877273c1342a9609bf,nethermind,2025-09-09T11:50:08+02:00,2025,unnecessary using,68131,333,204.5975975975976
64fc261812f3d73c5b0d9e6764105a29d53b2617,nethermind,2025-09-12T14:07:27-03:00,2025,Add initial RBuilder test `test_bundle_ok_inner_tx_profits`,68131,333,204.5975975975976
d806ac109403e83f5603681fc1d0454c8aa054ea,nethermind,2025-09-16T10:57:17+02:00,2025,Fix recovery queue size (#9288),68131,333,204.5975975975976
a25dba4f882dac8210eb236e9ae4b3364999c4dc,nethermind,2025-09-17T10:41:21+08:00,2025,Rename to update state root,68131,333,204.5975975975976
bee60eaae94668848d1794e66e2a224c5f034515,nethermind,2025-09-23T12:08:24+03:00,2025,ValueKeccak,68131,333,204.5975975975976
d9e96e712b6252ce58fa56e86efe9712efdf46a8,nethermind,2025-09-24T08:55:29+08:00,2025,Fix selfdestruct missed between block,68131,333,204.5975975975976
ac126d0fee89c48e3f1fa4775711f5e0c5674c65,nethermind,2025-10-05T18:37:25+01:00,2025,Formatting,68131,333,204.5975975975976
943d34cc5d89c8d2e851fcc3e7db14e0eda9f5b4,nethermind,2025-10-10T11:46:55+03:00,2025,Try fix `LogIndexServiceTests`,68131,333,204.5975975975976
921f83456e90b77567d018b7dd8c606b82e0941d,nethermind,2025-10-23T20:38:11+08:00,2025,Tighten,68131,333,204.5975975975976
1c88b7780f6fea4c0f00e3464c3b226a089ff36c,nethermind,2025-10-27T21:58:27+01:00,2025,Update PrettyMetricsReportFormatter.cs,68131,333,204.5975975975976
9270ab01224aa6673b5b0e29394a61b801c3027a,nethermind,2025-10-28T19:29:12+03:00,2025,Use function,68131,333,204.5975975975976
07a7a16792f464bf123cfe6febc568fe5d697848,nethermind,2025-10-29T07:10:39Z,2025,Also do reorged block,68131,333,204.5975975975976
eb85bd120ca15537980db6dbc068840c2c8ded96,nethermind,2025-11-18T12:29:50+01:00,2025,fix missing dispose in HandleMessage(PooledTransactionRequestMessage message),68131,333,204.5975975975976
ebb5b770cc313f4c5135d11a75b0a8024baae276,nethermind,2025-11-25T13:13:36Z,2025,try basing amsterdam on osaka,68131,333,204.5975975975976
a020bfd0f825c0bc1186a2ed6cef77c4d6635617,nethermind,2025-12-16T18:12:58Z,2025,Gnosis Balancer permanent changes (#9946),68131,333,204.5975975975976
3b45a6bf52b350705ab3a819d385e58b689dbeb8,nethermind,2025-12-16T21:08:15+01:00,2025,Sign release builds (#9937),68131,333,204.5975975975976
fd8f02f6f8351edf3efa58936c8c77052785a9e5,nethermind,2025-12-23T00:25:49+01:00,2025,Set target commit explicitly,68131,333,204.5975975975976
ff733bfc8b7a9e6e4063ff427127a3444e5544c3,nethermind,2026-01-09T07:18:34Z,2026,Better asm,68131,333,204.5975975975976
9817d70122842fffd043af35b17589c991eeadcc,nethermind,2026-01-13T10:04:33+08:00,2026,Fix cannot prune storage root,68131,333,204.5975975975976
78214818b3bcb7309e1eb570e216fbef2431304e,nethermind,2026-01-14T20:20:04+01:00,2026,refactor(tools/EthProofValidator): reorganize project structure and update Dockerfile paths,68131,333,204.5975975975976
9402253c2e9f8e7b9053a9ab1a4433cb82570cbd,nethermind,2026-01-20T17:27:28Z,2026,More consistent IntrinsicGas passing,68131,333,204.5975975975976
3072d34b31f41ef16df78956b0dbfc22c0316e38,nethermind,2026-01-23T14:31:10+01:00,2026,test: add cross-client execution metrics integration tests,68131,333,204.5975975975976
28c63e5b67c348b019cb3399ebfaba98179a4475,nethermind,2026-01-28T19:12:00+03:00,2026,Fix nothing,68131,333,204.5975975975976
7a8f4bf209d606e130b8cc28bc3f486b6c436238,nethermind,2026-02-17T10:26:30+05:30,2026,Update XDC Dockerfile with official best practices from nethermind/nethermind,68131,333,204.5975975975976
899da7b54c08259156c613d84c7039f4f01f0864,nethermind,2026-02-18T00:14:33+01:00,2026,test(evm): add extcode cache regressions for in-block code changes,68131,333,204.5975975975976
44e9e82a6282b623674adb1c66e99b641dd426df,nethermind,2026-02-25T17:20:45+01:00,2026,perf: skip redundant pre-EVM Commit and defer SetTxExecutionContext,68131,333,204.5975975975976
1b6a4ae7b048a8c51e4c3ebe5dbf1ed055c44039,nethermind,2026-03-04T08:46:47+01:00,2026,Update PeerInfoTests.cs,68131,333,204.5975975975976
e1f1d5399673ef32eea8d785da9c6cee4f9abf5a,nethermind,2026-03-04T12:54:42+05:00,2026,Refactor SignTransactionFilter to use ISnapshotManager for transaction validation and enhance error messaging for invalid transactions. Add unit test to ensure non-epoch candidates are correctly rejected during sign transaction validation.,68131,333,204.5975975975976
e055d8871499cee6ea7efb29bb650ec44eae1521,nethermind,2026-03-05T15:44:59Z,2026,fix,68131,333,204.5975975975976
957663002fbf663a2898690efb69b6e899c89eb3,nethermind,2026-03-06T14:47:01+08:00,2026,Tune benchmark setup: reduce ReadOnly snapshot size and add iteration limits,68131,333,204.5975975975976
2ddb96c18d746e30bb97c5da2515f9f5e840b2d3,nethermind,2026-03-12T16:53:00+01:00,2026,Apply suggestions from code review,68131,333,204.5975975975976
da50429f26b820107b7f6442895fbc4f631ef7a6,nethermind,2026-03-17T09:58:38Z,2026,fix(ssz): Container decode logic for BitVector and validation fixes for container input (#10797),68131,333,204.5975975975976
dfc0cb984b8d7e1a25addc37dab7591232ea3f47,nethermind,2026-03-18T00:15:52Z,2026,fix(pgo): validate PGO search directories exist before find,68131,333,204.5975975975976
0bc941cdb8dd4af5b14761fd198f1860f128fde3,nethermind,2026-03-18T14:37:23+02:00,2026,less strict condition,68131,333,204.5975975975976
080a283bf5f29206e06b69c1806faf88d5e30e45,nethermind,2026-03-19T21:51:02+03:00,2026,feat(bench): switch BlockProcessingBenchmark FlatState backend to RocksDB,68131,333,204.5975975975976
92c840c1b755ba88ec0f64c5324355a8cc609e8d,nethermind,2026-03-20T06:05:06Z,2026,fix(pgo): switch sampling image back to Noble for glibc compatibility,68131,333,204.5975975975976
a139d9e4518352889bc4b84c1405351d0af98bc1,nethermind,2026-03-21T10:46:22Z,2026,chore(pgo): update PGO profile,68131,333,204.5975975975976
25b2d62b7852578be7d611061c976e999aacfb32,nethermind,2026-03-23T04:13:50Z,2026,refactor(pgo): move R2R Composite + OptimizationPreference to Directory.Build.targets,68131,333,204.5975975975976
ec00ffc66d151b1690b988047192c897ed93c4e3,nethermind,2026-03-25T07:45:26-03:00,2026,fix: remove duplicate NewHeadBlock unsubscription in PoSSwitcher (#10938),68131,333,204.5975975975976
09a11b51949531956ed32e6923a72a3f393906d8,nethermind,2026-03-27T15:46:38+02:00,2026,Fixed build,68131,333,204.5975975975976
18bb95c0c333ac71207bca727f746b096c45bdf3,nethermind,2026-03-28T02:24:31+02:00,2026,cleanup,68131,333,204.5975975975976
0208ee387ce61a4bf712b704c7ae991464e0f086,nethermind,2026-04-01T17:34:04+02:00,2026,Cherry pick #10974 and adjust,68131,333,204.5975975975976
5900a6be1a2fc3f6a8b3be34f64573f2863ac934,nethermind,2026-04-03T11:12:58+02:00,2026,fix: use explicit type argument for GetClassLogger in BlockchainProcessorTests,68131,333,204.5975975975976
719cc9c8fa9b614b6e7a1dea81b2aa0affe2b735,nethermind,2026-04-12T03:22:44Z,2026,chore(pgo): update PGO profile from weekly collection,68131,333,204.5975975975976
30c83281d068867d5a432c34805d7d9fef522d2c,nethermind,2026-04-15T10:18:57+04:00,2026,refactor(state-composition): back CumulativeDepthStats with long[9][16] + DepthSlot enum,68131,333,204.5975975975976
5a846efef3f0491e746b155538e1afc0d2d1dd5c,nethermind,2026-04-16T10:19:47+01:00,2026,don't set gas in receipt tracer if paralle,68131,333,204.5975975975976
9eb02b48f8a8036d0d02d12ec26486f3a1577be5,nethermind,2026-04-17T05:56:35+03:00,2026,[U-05] Properly escape id for streamed RPC requests,68131,333,204.5975975975976
f9a3b41a7dc09bc9ee7fc55ba2eecc3739ac929a,nethermind,2026-04-21T01:03:31+02:00,2026,ci(expb): remove dottrace_run_id testing-only input,68131,333,204.5975975975976
4b6f9963d979a32f5bf6d0c3fb209ada797de56b,nethermind,2026-04-21T19:34:28+08:00,2026,Remove unnecessary using directives in BalRecorder,68131,333,204.5975975975976
73720bd6711d35675d57edd2543753c8706bc353,nethermind,2026-04-28T00:56:33+02:00,2026,fixes,68131,333,204.5975975975976
db8489d9fbc4aa7b029413817e7e6730579ef49f,nethermind,2026-04-28T22:07:05+02:00,2026,fix(bal): skip prestate entries when checking account existence in BAL (#11389),68131,333,204.5975975975976
9df4bc7a2e9ce5450a6bcdc91506ffe41c3dddd8,nethermind,2026-04-29T00:07:28+02:00,2026,fix(merge): use expectedHash on success return; distinguish shutdown in ProduceBlockAsync,68131,333,204.5975975975976
3dd87b197c9b103498aac3ec60ee089ab6a39f89,nethermind,2026-04-29T05:39:12+03:00,2026,rebase on top of 11388,68131,333,204.5975975975976
9f48e97b9410b5082f7f6f46139317f922fbdee7,nethermind,2026-04-29T18:39:22+08:00,2026,refactor(FlatDB): migrate PersistedSnapshotUtils to HsstReader/HsstEnumerator,68131,333,204.5975975975976
19277f1a3a016df3b80dd6e20b34014f51279883,nethermind,2026-04-30T14:58:16+04:00,2026,fix: lint,68131,333,204.5975975975976
06ca96e0af4ddc2fcc02c2cb6b8c87c585bddbc0,nethermind,2026-05-04T18:48:25-04:00,2026,remove nullability,68131,333,204.5975975975976
673c54061c5bb957023e5aa9d042ab857843dc6b,nethermind,2026-05-07T19:41:54-05:00,2026,feat(eth-rpc): implement eth_baseFee returning next block base fee,68131,333,204.5975975975976
f893a3edb492e5b0d670210ab17473af5a7a029f,nethermind,2026-05-10T15:16:34+01:00,2026,test(evm): regression for EIP-7702 delegation-to-precompile FastCall,68131,333,204.5975975975976
f389b951374a90a69672bc00c0f9c200e8bc9e6a,nethermind,2026-05-13T11:19:42+02:00,2026,small refactors on rpc interface and header validation,68131,333,204.5975975975976
0522e5b746be6ebd4ddccfff04a41421ee78be9e,nethermind,2026-05-15T00:57:47+02:00,2026,revert: drop cross-block account prewarm cache,68131,333,204.5975975975976
8df673258285113ec70f09e79443e2e4691883fd,nethermind,2026-05-17T09:18:59+08:00,2026,"refactor(FlatDB): gate per-address byte-copy on page-fit, use Add APIs",68131,333,204.5975975975976
ca7efa96a4ca1f048f309650b742b1b0504f7f82,nethermind,2026-05-17T18:17:19+01:00,2026,Use spans in block headers serialization,68131,333,204.5975975975976
4c0e7509cc4a5c5b284092c7b07279b371a6f023,nethermind,2026-05-19T03:18:47+01:00,2026,Fix streamable JSON-RPC ID escaping,68131,333,204.5975975975976
fb74b7893f27dac8011d66024de76e5d0ee92592,nethermind,2026-05-20T03:57:06+01:00,2026,Raise medium byte-array hex inline buffer,68131,333,204.5975975975976
6a8eec33bf10dbad5f9c104d1b94a3c2fa846412,nethermind,2026-05-22T22:04:59+01:00,2026,Reuse pipe core for cold RPC memory fallback,68131,333,204.5975975975976
6b64a96ff8681784218002931b48ae07d5dc47f1,nethermind,2026-05-28T13:27:43+02:00,2026,diag: log PreservedSparseTrie.Take decisions to find cross-block clear bug,68131,333,204.5975975975976
9b768a93f2db11666c80bff0b2ab2981cdd04ca7,nethermind,2026-05-29T19:53:39+02:00,2026,fix(nethtest): BLOCKHASH recency window in state-test runner (#11844),68131,333,204.5975975975976
5acd0a1d683b31348ef5956312d6f52ad94ccab0,nethermind,2026-05-30T01:41:27+03:00,2026,fix SynchronizerTests flakiness,68131,333,204.5975975975976
c162275f0068e9a4347d7cae1670c8f40b73cea4,nethermind,2026-06-02T00:33:50+09:00,2026,fix: Flushing first inserts/updates before deletes to tree to avoid branch compression as much as possible,68131,333,204.5975975975976
f1b4a92082ba56e663e2d6bd3cf3057b43219e77,nethermind,2026-06-02T15:56:51+02:00,2026,"Revert ""refactor(converters): default requireEvenLength to true on ByteArrayConverter""",68131,333,204.5975975975976
481a95855dc4dd147d86d786d0aada6f3e4c9c77,nethermind,2026-06-05T01:08:13+01:00,2026,perf(bal): make storage pure-read fast for repeated same-slot reads,68131,333,204.5975975975976
99df16c3f09a35b3ffe269fb70a52b27d325e228,nethermind,2026-06-05T11:45:40+01:00,2026,txsdecoder reuse,68131,333,204.5975975975976
ab25da00981cd36cd58d3b7059d2a458827847b4,nethermind,2026-06-05T13:14:40+02:00,2026,test: cover BN254 pairing vector/scalar path boundary,68131,333,204.5975975975976
f5194218250d58ca28116af0336a0d54ea72a52c,nethermind,2026-06-05T21:34:47+02:00,2026,perf(block-stm): chain all nonce predecessors + contiguous-committed fast path,68131,333,204.5975975975976
d714a9af7446cf5d8881b5b276117565e217881a,nethermind,2026-06-07T09:04:40+02:00,2026,perf(flatdb): cap trie warmer workers by default,68131,333,204.5975975975976
dcf04abb5e46bc6846e6a755d6a5956c3b33243e,nethermind,2026-06-08T17:05:14+02:00,2026,refactor(optimism): isolate OP fork concerns inside the plugin,68131,333,204.5975975975976
317214d998ab9142b037328439a924dc5726d3c7,nethermind,2026-06-11T09:48:51+02:00,2026,fixup! refactor(flat): persist the BAL warm-read pool across blocks,68131,333,204.5975975975976
6778ce1c1163072151493f791e5abcf84a2b8c8c,nethermind,2026-06-11T23:43:39+01:00,2026,fix(evm): charge EIP-8037 CREATE state gas before static-context violation,68131,333,204.5975975975976
61bacc06525dd582c84bba97ca8114716e11237a,nethermind,2026-06-12T15:44:11+02:00,2026,ci: 4 chunks for batchread variants,68131,333,204.5975975975976
529a9dbe09eec9710e8b5f06a0c3cb263e1c5199,nethermind,2026-06-16T23:27:44+02:00,2026,diag(temp): log top never-warmed contract addresses,68131,333,204.5975975975976
1d522ac8698bffb583d1e6223e2b683b632a4406,nethermind,2026-06-18T15:33:59+03:00,2026,lukasz review,68131,333,204.5975975975976
0f243ce97afccd20cd9be4c279c6801722de060e,nethermind,2026-06-21T12:33:35+02:00,2026,perf(tracing): eliminate gas/gasCost string allocations in file tracer,68131,333,204.5975975975976
8175a97ed20aaf15acc2e0d653628c6ad40812aa,nethermind,2026-06-24T17:36:23+02:00,2026,fix(build): add missing using for SaturatingSub in TracingProgress,68131,333,204.5975975975976
cc3028f4423b3937d2b21f60257b8c831e2b98a3,nethermind,2026-06-26T15:18:16+03:00,2026,"Configurable `eth_getLogs` range limit, fail if exceeded",68131,333,204.5975975975976
46334696a242d7cbd2ffbe26e64874c839565b57,nimbus,2019-02-05T11:44:48+01:00,2019,update various constants from slots to epochs; MAX_CASPER_SLASHINGS -> MAX_ATTESTER_SLASHINGS,25142,123,204.40650406504065
8e48bac58b6acb430ca06022266677df5f227d99,nimbus,2019-02-18T16:58:34+01:00,2019,"[WIP] Fix some issues after introducing ""humaneEpochNumber"" (#118)",25142,123,204.40650406504065
9ea0bf43262c4b2a3708c96d4f02934a83f266b2,nimbus,2019-03-04T13:50:26+02:00,2019,Comments addressed,25142,123,204.40650406504065
ad7f7e8ed8bb08446e5abc3cb3584e2d5ff04654,nimbus,2019-05-29T07:26:09+02:00,2019,"rm removed activate_validator; mark DepositData, misc values, Gwei values, Randao processing, state caching as 0.6.1; update GENESIS_SLOT to 64, since it doesn't quite yet work at 0",25142,123,204.40650406504065
743f27c31a5d20803acae8283832073d3e05eb63,nimbus,2019-06-12T12:43:24+02:00,2019,0.7.0 updates which don't change semantics; mostly comment changes,25142,123,204.40650406504065
28efbbd70fab9d91fb600b1ce391f49cf4c0c548,nimbus,2019-08-14T23:16:01+02:00,2019,undo the Makefile change,25142,123,204.40650406504065
3bcbe74ffda31a9f08c875742d043e6d8a6d2f28,nimbus,2019-09-04T17:06:11+03:00,2019,Eth1 validators,25142,123,204.40650406504065
26b4b68dbf3c12539fff93e82610e85600c95bd6,nimbus,2019-09-08T14:30:39-04:00,2019,Fix properly the domain of validator attestation before broadcasting,25142,123,204.40650406504065
a48a5f643c929edcd7aa0eae44171b2def161c93,nimbus,2019-09-08T18:35:13-04:00,2019,fix attestation data being signed,25142,123,204.40650406504065
f5b8931fad23e88b1ffbbb2f17850ae81bc9a921,nimbus,2019-11-22T16:47:08+01:00,2019,switch assert(...) to doAssert(...) and minor cleanup,25142,123,204.40650406504065
aca963ec6a7b78e5ae109ac8a6dbaa1b2ef90916,nimbus,2019-12-09T12:06:57+01:00,2019,tighten a few imports,25142,123,204.40650406504065
a6190a253836c4196d6b1a3fd8d19e183d009a05,nimbus,2020-03-27T16:12:46-03:00,2020,change map to Hash -> slot,25142,123,204.40650406504065
9249be72687361e0f2165cf20c6fdf8b75e27100,nimbus,2020-04-04T17:21:46+02:00,2020,Azure: don't build the tools twice on 32-bit,25142,123,204.40650406504065
ba96f5dbb9e5d4a56dab990f2280c9a5c740d660,nimbus,2020-04-30T12:26:57+02:00,2020,remove incorrect/obsolete comment; deprecate BeaconState state transition functions,25142,123,204.40650406504065
0d1a602cf5cf77ebf548600f0db9febb95030da8,nimbus,2020-05-11T21:06:58+02:00,2020,bump libp2p,25142,123,204.40650406504065
9f0dd2e4f958731ae373f3395409da62c24c2c08,nimbus,2020-05-30T22:42:24+03:00,2020,Use {.push raises.} in spec/datatypes,25142,123,204.40650406504065
047f354e9b97cc6015b803655b1d85aab0b0d344,nimbus,2020-06-29T07:34:48+02:00,2020,Don't wait for genesis to start network (#1249),25142,123,204.40650406504065
c544a3b2507902788089ab8ab4519d5f850aa442,nimbus,2020-07-11T16:14:23+03:00,2020,Bump nimcrypto. (#1301),25142,123,204.40650406504065
06c8b1dd329c2344f4b08ef83475506e7270f1ee,nimbus,2020-07-21T18:50:08+02:00,2020,use the epoch-granularity matching in attestation.addResolved(...),25142,123,204.40650406504065
949b39d97f314d07ac721bafd0239c700a3e0316,nimbus,2020-07-27T22:26:30+03:00,2020,Non-interactive generation of keystores in the local sim,25142,123,204.40650406504065
c27fb5b51d47a01bd3cd8e3799d735ccab3861a5,nimbus,2020-07-27T23:55:39+02:00,2020,remove CandidateChains.justifiedState,25142,123,204.40650406504065
a90eb8a741240e298d63fdd2983af0658ffa1c1e,nimbus,2020-08-06T07:26:14+02:00,2020,tweak log level to get timing info on block resolution,25142,123,204.40650406504065
678a7efaaa8cf36b18204fe6dcd06326dc7c0824,nimbus,2020-08-20T13:16:53+03:00,2020,moved away from WithState() for the common validator duties in the API - using EpochRef,25142,123,204.40650406504065
5f46a23388e0447afc0423e1be55b4146f7a45c4,nimbus,2020-08-25T15:49:05+03:00,2020,Update local_testnet and simulation scripts to use netkey-file and insecure-netkey-password. Add more logging,25142,123,204.40650406504065
950da7a9cac52610a396749a350b87d736f37c58,nimbus,2020-08-26T19:27:07+02:00,2020,Medalla guide updates + troubleshooting page (#1571),25142,123,204.40650406504065
93cc9303345a88a9112c2f87cc762c40c9790ee0,nimbus,2020-09-10T08:21:57+02:00,2020,bump,25142,123,204.40650406504065
8a5a261fcd45c3d2337399b0f1fe8f378f1558e6,nimbus,2020-09-11T10:03:50+02:00,2020,"Quick fix to prune some states, pending smarter state storage (#1624)",25142,123,204.40650406504065
26179fd5caa991d679e55be9a96e32950dbf9181,nimbus,2020-09-25T14:55:59+02:00,2020,Update Actions cache to v2 and fix corrupted EF cache keys,25142,123,204.40650406504065
c446eb7cff0ad4aee74868c73edfc87d2023322d,nimbus,2020-10-19T13:53:23Z,2020,update v1.0.0-rc.0 preset spec references (#1891),25142,123,204.40650406504065
1bdda9df1d33c7407acf28ec379479227b5400b3,nimbus,2020-11-10T10:13:56+01:00,2020,make publish-book,25142,123,204.40650406504065
76c617cdeb192c8085ac4fe2b3e8f8d0e10d8f78,nimbus,2020-11-12T10:39:33+01:00,2020,Gossip message id should decompress data,25142,123,204.40650406504065
d1fc409e7145f6d7cc0bf933db45dce628f966f8,nimbus,2020-11-27T13:16:19+01:00,2020,node.network.metadata.attnets is only secondary source of truth,25142,123,204.40650406504065
654da5c5735a795dc44ecb51938eec0a055e1908,nimbus,2020-11-30T12:10:52+01:00,2020,make publish-book,25142,123,204.40650406504065
5dade7b4413eaa286414c96ba33c90e83356820f,nimbus,2020-11-30T22:16:12+02:00,2020,post_v1_beacon_blocks() implementation.,25142,123,204.40650406504065
c4d9d5f64e32348dd7ec1dc49572f4e97149d8d9,nimbus,2020-12-09T17:24:25+01:00,2020,bump nim-stew (no change),25142,123,204.40650406504065
51f967a5486edbd90c18ba54609600eb5b234ba2,nimbus,2021-01-08T12:29:43+02:00,2021,scripts: make shebang more portable (#2216),25142,123,204.40650406504065
4dee5c4bf037cbd4b69fbb08df0e5323f2073e94,nimbus,2021-01-08T14:24:14+01:00,2021,simplify duplicate validator detection UI,25142,123,204.40650406504065
5391baf8302aa4bc9651e47d99e8c6605663679d,nimbus,2021-01-21T16:16:36+01:00,2021,onBlockAdded callback should use TrustedSignedBeaconBlock https://github.com/status-im/nimbus-eth2/pull/2250#discussion_r561837261,25142,123,204.40650406504065
dfd99ec94336b784d71845421ac2c15288f8cef1,nimbus,2021-03-22T14:44:45Z,2021,Altair (HF1/v1.1.0) minimal and mainnet presets/constants (#2444),25142,123,204.40650406504065
87014f6da26803e66dc2f1852eccd8588093c490,nimbus,2021-05-03T07:33:01-07:00,2021,review,25142,123,204.40650406504065
8b15c5d75f55007635cb1656b5c525196336847c,nimbus,2021-05-20T20:00:38+02:00,2021,CI cron: change step order,25142,123,204.40650406504065
7141efb350eb6e4891ac5945df0580eb09153e5f,nimbus,2021-05-28T15:07:48+02:00,2021,log style,25142,123,204.40650406504065
57d77846f4ce62e2addbbdab32ec17378675ffce,nimbus,2021-07-02T17:04:51+02:00,2021,fix metrics on Windows,25142,123,204.40650406504065
45858cab88ba69551a33e21415f68921d3373fef,nimbus,2021-08-03T21:21:20+03:00,2021,Fix type.,25142,123,204.40650406504065
4a849f3efbec0f8f6e64d6e2202540882dccd21a,nimbus,2021-10-08T15:14:21+02:00,2021,Create Sjenica1,25142,123,204.40650406504065
df3fc9525f983119fce7606c354cebfa364cb116,nimbus,2021-10-19T16:09:26+02:00,2021,import cleanup (#2997),25142,123,204.40650406504065
0ec1a22f088268a51e49066c384872b2791426d3,nimbus,2021-11-02T10:48:39+01:00,2021,Better REST/RPC error messages,25142,123,204.40650406504065
259dbeff8be15d4d539bb1112aabc81b7328abf8,nimbus,2021-12-15T13:15:40Z,2021,forkchoiceUpdate support,25142,123,204.40650406504065
7ec97a6b351830a1801dd2458b55c7a0ff7a1d4a,nimbus,2021-12-30T12:33:03+01:00,2021,Fix missing checkpoint states` (#3225),25142,123,204.40650406504065
35b4b61f01384938ac3aff3ad447049d8b95b60e,nimbus,2022-01-03T02:33:21+01:00,2022,nim-websock had its default branch renamed (#3229),25142,123,204.40650406504065
16a42520a7e4e51390616b1a447dda9f630a9d92,nimbus,2022-01-24T11:26:42+01:00,2022,minor edit,25142,123,204.40650406504065
fe5bbc124fecb931ee022a9fdb713e77d98b5b86,nimbus,2022-02-17T19:00:42+02:00,2022,[skip ci] scripts/run-geth-el.sh Allow connecting to any merge devnet,25142,123,204.40650406504065
952716e33a98c812249423378126aaf9e026d155,nimbus,2022-03-20T12:43:59+01:00,2022,add precondition assert,25142,123,204.40650406504065
ffe965ccb892cebcc49e3a48fae4a62c9c6a6d8a,nimbus,2022-04-09T14:24:28Z,2022,"bump nim-ssz-serialization: treat List[byte, ...] as hex strings for JSON",25142,123,204.40650406504065
a7f37ce26275d2072a4507635ac14c56889618fe,nimbus,2022-05-20T15:21:08+03:00,2022,Address review comments,25142,123,204.40650406504065
bf1763fdef391ed69870a0c6b9f471f57ba91082,nimbus,2022-05-25T13:49:29Z,2022,consensus specs v1.2.0-rc.1 (#3661),25142,123,204.40650406504065
10079f886d6c31d6061f122154676e60c9c52c05,nimbus,2022-06-03T20:32:50Z,2022,read from per-validator suggested fee recipients from files in keystore,25142,123,204.40650406504065
2444e9948f0f950219b6c32cd2b17cabf40a4e6b,nimbus,2022-06-29T01:08:56+03:00,2022,Version 22.6.1,25142,123,204.40650406504065
caced7c516101b6a8efbc141f50dfce44a148085,nimbus,2022-07-14T00:29:06+02:00,2022,reword comment to more generic timeout,25142,123,204.40650406504065
d59b970ebcaf1e4e880748af36804ea774877b4e,nimbus,2022-07-25T14:48:43+03:00,2022,Fix stupid `defer` issue.,25142,123,204.40650406504065
309cd772c153c6ca816f0983586a8903e912f465,nimbus,2022-07-29T23:33:05Z,2022,Bump mistune from 0.8.4 to 2.0.3 in /ncli,25142,123,204.40650406504065
d9ceb61dbd9e9763ba073b564eac7478e072f367,nimbus,2022-09-04T19:44:43+02:00,2022,eth: bump (#4062),25142,123,204.40650406504065
afb6ec18f3f49c96f0c8f46042bbc16eec0b493b,nimbus,2022-09-06T14:30:57+02:00,2022,Fix messageId generation for forks after altair,25142,123,204.40650406504065
19bf460a3b1e61b41ff10d99c599fc9567d70b5d,nimbus,2022-09-10T06:12:07Z,2022,more `withState` `state` -> `forkyState` (#4104),25142,123,204.40650406504065
3425811bef0f8729d25d09a7506b42c2c5d968b4,nimbus,2022-10-05T12:30:49Z,2022,don't crash on getBlindedExecutionPayload network errors,25142,123,204.40650406504065
367e7052f46c94841e5aedbe65c166dd261e41fd,nimbus,2022-10-21T17:53:30+03:00,2022,VC: some fixes (#4240),25142,123,204.40650406504065
ff464e49cf130484ecfe464f1eac4fed71512cc9,nimbus,2023-02-15T17:10:31+02:00,2023,Implement the set of gas_limit end-points in the Keymanager API (#4612),25142,123,204.40650406504065
3cb5672e710d4ee3af180afe1154a932c37e28c8,nimbus,2023-04-13T13:39:40+02:00,2023,correct way to to db backup,25142,123,204.40650406504065
46fdf9c012be6e2f153e8f228a1b08321efe10ce,nimbus,2023-07-03T23:57:49Z,2023,add copyright header,25142,123,204.40650406504065
55a803907cc0fa5dd00900374a0f60a0c6d7a3df,nimbus,2023-08-30T02:05:39+03:00,2023,Address issue #5362.,25142,123,204.40650406504065
1f425275de00d197e6b16bda2c7da54e0999e4f1,nimbus,2023-10-28T01:00:28Z,2023,replace ValidIpAddress with IpAddress in configurations,25142,123,204.40650406504065
942812f636e1873271728aa935d08d60975365b0,nimbus,2023-11-08T13:05:06+01:00,2023,bump `gnosis-chain-configs` to `c8b24c87e4cbea8a35b1be6ed5398b519a600928`,25142,123,204.40650406504065
04da29ebb429d1c9ba0697f0c7de6fe8c307472d,nimbus,2023-11-22T18:11:59+01:00,2023,bump `geth` to `1.13.5` in CI,25142,123,204.40650406504065
508f3b6368b839991495146d4246576e24c1539a,nimbus,2024-01-06T07:18:28+01:00,2024,add missing `std/` prefix to more imports (#5696),25142,123,204.40650406504065
e7794b6aec3f7ac7604e10a4c1b7e9e6dc28fa52,nimbus,2024-01-17T15:52:19+01:00,2024,log `delay` relative to deadline (#5769),25142,123,204.40650406504065
3ff9b69bf1f661bbd2405d49f844e33a5727c11f,nimbus,2024-01-19T22:05:52+01:00,2024,simplify eth2_network error handling (#5765),25142,123,204.40650406504065
384d40fc0b20393c3403846cc128a7505ff0f9ce,nimbus,2024-02-13T17:30:03Z,2024,remove requirement for REST JSON serialization tests to hash signedbeaconblock (#5887),25142,123,204.40650406504065
7642b0c04fb553d1e7d9640a417f3226c362b103,nimbus,2024-02-22T09:49:48+01:00,2024,bump `nim-zxcvbn` to `d0fb557f74a28912ff129ce0ba24008b00b1019b` (#5939),25142,123,204.40650406504065
9afabbbb8ae4428930b407b87bb2fbbce0569f51,nimbus,2024-03-09T08:29:10+01:00,2024,bump,25142,123,204.40650406504065
7da48baba057646b896217137d819f90116f8bdc,nimbus,2024-03-20T06:27:55+02:00,2024,prune beacon_chain/spec/keystore.nim,25142,123,204.40650406504065
c6122444516ae94c8941c64aba54155978ffc42b,nimbus,2024-04-17T15:07:44+02:00,2024,bump `geth` to `v1.13.15` (#6209),25142,123,204.40650406504065
4952c5295ed09a4b543395ca29bcde6976c135af,nimbus,2024-04-28T03:56:59Z,2024,add EF consensus spec test Electra block sanity fixtures,25142,123,204.40650406504065
7a8c029ba40b27778673d52e86a200b24611257e,nimbus,2024-06-06T23:28:03Z,2024,Bump tornado from 6.3.3 to 6.4.1 in /ncli,25142,123,204.40650406504065
8b63b43bdd5236e75681542f974ca12540750c71,nimbus,2024-06-18T21:23:02+02:00,2024,Bump nim-eth for Opt changes and make Opt related adjustments,25142,123,204.40650406504065
31653d58691c012646c3dab095f6537bb22f55d4,nimbus,2024-06-21T14:39:38+02:00,2024,fix DB size estimates for light client data (#6373),25142,123,204.40650406504065
b4ba4bd7d15f80f0982cca845268e29f9185daac,nimbus,2024-08-22T20:09:43+05:30,2024,lookup csc fix,25142,123,204.40650406504065
7c890bc9b60c8b1d9315d0836740a9aa333b513f,nimbus,2024-08-28T15:37:15+02:00,2024,bump nim-nat-traversal to `a3aa0c5f9d2a2870f1fd0f7a613d4fe025c84ab7`,25142,123,204.40650406504065
df1f485e1dc8c566d93e8378884e2978650c93b0,nimbus,2024-09-19T15:10:44+03:00,2024,Address review comments part 1.,25142,123,204.40650406504065
7726f390048d8f7b08f859dccdd4f762af9b9373,nimbus,2024-11-02T11:59:07+02:00,2024,VC: Fix forks management behavior. (#6698),25142,123,204.40650406504065
c3769b40f8dbe366ba65462f8ed2e6f2d4c1071e,nimbus,2024-11-15T21:12:25+02:00,2024,Update README.md,25142,123,204.40650406504065
1a178aee07035055fa22a6ea125f1f7c26230c10,nimbus,2024-11-22T22:15:38Z,2024,Bump tornado from 6.4.1 to 6.4.2 in /ncli,25142,123,204.40650406504065
b32b6fd4c068d9221b5ab24b6f16dd2af43f4933,nimbus,2024-12-17T13:09:17Z,2024,implement EIP-7691 blob sidecar req/resp endpoints,25142,123,204.40650406504065
6afb3cef8e6534ced3d42ced6882e58df8fed354,nimbus,2025-01-28T20:29:27Z,2025,fix changelog year,25142,123,204.40650406504065
43b2b9cd097694ef231dccd0d918392c577a9702,nimbus,2025-02-04T10:29:01+01:00,2025,Fix typos in ConsensusSpecPreset-minimal.md,25142,123,204.40650406504065
c5ca40dd063555f91ba03fd5ac8b02f536cf784d,nimbus,2025-02-13T12:21:19+02:00,2025,Keymanager FR and GL fixes (#6916),25142,123,204.40650406504065
39753bea6dd2d3d6adfae773a6613fbe754b01ff,nimbus,2025-02-14T11:29:17+05:30,2025,fix list,25142,123,204.40650406504065
18fae38298ad88c65329e7419ac16f7961795e91,nimbus,2025-03-09T10:22:23Z,2025,Bump jinja2 from 3.1.5 to 3.1.6 in /docs,25142,123,204.40650406504065
2a47f44aa3348e8866436dd434fb848fe9c345c1,nimbus,2025-03-19T13:52:16+01:00,2025,Bump nim-ssz-serialization to 55ac17ca1f42afa35db9a06dd50c4d79a17c5d28,25142,123,204.40650406504065
6bf1aef9a9bb21e53eeba4631b62a586e08de11d,nimbus,2025-03-19T20:51:24+02:00,2025,Update AllTests.,25142,123,204.40650406504065
9e3be731bf03254df5fe8613edbce7c7f129b94a,nimbus,2025-07-22T07:56:25+02:00,2025,log: formatting for PubKey0x (#7307),25142,123,204.40650406504065
73a8ad20282e96f4cfbc099a6bd14591e01d270a,nimbus,2025-09-07T03:30:44Z,2025,rm remnants of Fulu/PeerDAS peer sampling support (#7462),25142,123,204.40650406504065
c6e1701f2cef89c287da25eb63751b951a729544,nimbus,2025-09-08T21:29:10Z,2025,make test,25142,123,204.40650406504065
fdae924b253f1627295b8b4d8c241a6683b954e9,nimbus,2025-09-11T15:49:47+05:30,2025,finer rman column requests,25142,123,204.40650406504065
fc8836d9626ecbeddb8a1b726d99e9c47bb316fc,nimbus,2025-09-29T03:32:09+01:00,2025,update comment,25142,123,204.40650406504065
ccf6e44ada6b8e8e17f171d70ee82bea94a2d71b,nimbus,2025-10-06T16:00:43+02:00,2025,Deleted too much when removing always-false breakLoop flags,25142,123,204.40650406504065
3d5f309a5c39be22ffa2a8ba7d5d43dbb3e4a60a,nimbus,2025-10-08T17:09:35Z,2025,rm phase0 support from attestation pool (#7581),25142,123,204.40650406504065
4f5e610962b91b56c72b74c29b062747cb236c59,nimbus,2025-10-23T23:22:09+02:00,2025,Deprecate SECONDS_PER_SLOT in favor of SLOT_DURATION_MS,25142,123,204.40650406504065
da2d214391026c8f74fb4822a541e1b1e71f15a5,nimbus,2025-12-01T14:00:57Z,2025,"Revert ""bump: nim-web3""",25142,123,204.40650406504065
095e660e996ade4f6bae3081e184b7d44aef7d57,nimbus,2026-01-07T13:49:57+01:00,2026,fix: check ELECTRA_FORK_EPOCH for electraHeaders instead of DENEB (#7835),25142,123,204.40650406504065
867f87f628ff7105c996fc0cede115057e4b55ee,nimbus,2026-01-14T14:42:50Z,2026,fix: tests,25142,123,204.40650406504065
298e2e2a50e7953750414b2366b3579cda030845,nimbus,2026-02-23T19:59:44+02:00,2026,Completeness implementation and tests.,25142,123,204.40650406504065
716dca9f00bd8ba53c1b8335f86a07dd2a0f195c,nimbus,2026-02-25T06:32:59+01:00,2026,Regenerate tests,25142,123,204.40650406504065
4c46d8c4ccc31eb15d5589e5b8e657a04be15071,nimbus,2026-03-10T17:01:27+02:00,2026,Optimize columns list log statements. Fix getForwardSidecarStartSlot(). Improve updateQueues logging.,25142,123,204.40650406504065
c386c9a2982bb26111bd1477c2a71f92cdb05c49,nimbus,2026-03-13T12:04:15Z,2026,fix: process envelope with clearance state,25142,123,204.40650406504065
a10616e9c0963482a54547c6a749f565653b8329,nimbus,2026-03-19T14:13:22Z,2026,Fix Invalid PTC signature (#8115),25142,123,204.40650406504065
0e38a0778b74ad6cde74631d0f6ed5c172f18be6,nimbus,2026-03-23T14:54:15Z,2026,tmp: MissingParentEnvelope,25142,123,204.40650406504065
31ed43ab9a354e0af2e3d139905b662ac50d155e,nimbus,2026-03-24T16:22:52+02:00,2026,Add `supernodes_peers` to Overseer debug statistics.,25142,123,204.40650406504065
a42fbb11ab714f7f5b488498d1feedf10bb61de7,nimbus,2026-04-17T13:17:16+02:00,2026,Add spec links for FCR logic (#8282),25142,123,204.40650406504065
6651ffea34ddddd28fc718b852b1c48bfab7bb59,nimbus,2026-04-20T19:32:15+05:30,2026,speedup block processing with batch verification,25142,123,204.40650406504065
17375ee5463dea975fd8cfc700784acb6a9a6e03,nimbus,2026-05-15T19:49:35+05:30,2026,attempt fulu fork epoch on testnet minimal for runner,25142,123,204.40650406504065
8c4ff64cb6a89f18d5fc23ce7541d9c2e9a26c78,nimbus,2026-05-20T11:24:45+01:00,2026,update to proposer preferences field to alpha.8,25142,123,204.40650406504065
ec7196d00e78de34e6a589acd7f0e3f388fb366b,nimbus,2026-06-08T10:13:02+01:00,2026,fix: logic,25142,123,204.40650406504065
260978f89697a28763141cb6ec6f36e699999db9,nimbus,2026-06-26T17:48:20+02:00,2026,Restore fast confirmation rule tests (#8669),25142,123,204.40650406504065
334c41d088ba1484d6e529a3d3f09fbd95e5c03f,prysm,2014-02-15T11:49:53+01:00,2014,Added MIT license,85061,416,204.47355769230768
344e827061c896a17124a65686bdc3fbbd03d7bb,prysm,2014-03-17T12:08:16+01:00,2014,Added client string to configuration,85061,416,204.47355769230768
9988b1a04710e03ce7ed4b23393e2e90f06889f9,prysm,2014-05-28T12:06:09+02:00,2014,Sort transactions based on the nonce,85061,416,204.47355769230768
0415e4a637296539e7a5c09282b7aee19268e599,prysm,2014-07-17T14:53:27+02:00,2014,Fixed coinbase copy in state,85061,416,204.47355769230768
1549a29c9d6452eefa615baedfccfc5b5f6b7745,prysm,2014-09-16T16:36:27+02:00,2014,Connect to previous peer,85061,416,204.47355769230768
ab6b9c44aa97a18e37dcd9214eadbdfaa38a4b22,prysm,2014-11-05T22:00:01+01:00,2014,Added test for IsHex,85061,416,204.47355769230768
6d99c03d915789c445c2d40579419a16fde2b7c8,prysm,2014-12-03T17:22:26+01:00,2014,Updated environments according to the new interface set,85061,416,204.47355769230768
b855f671a508a7e8160cbdd27197ba83310b264c,prysm,2015-01-18T23:53:45Z,2015,"rewrite to comply with latest spec - correct sizes for the blocks : sec signature 65, ecies sklen 16, keylength 32 - added allocation to Xor (should be optimized later) - no pubkey reader needed, just do with copy - restructuring now into INITIATE, RESPOND, COMPLETE -> newSession initialises the encryption/authentication layer - crypto identity can be part of client identity, some initialisation when server created",85061,416,204.47355769230768
12224c7f5924720767d73f06ed4571dc3ce2f092,prysm,2015-01-27T14:33:26+01:00,2015,p2p/discover: new package implementing the Node Discovery Protocol,85061,416,204.47355769230768
8a0f23915e4feb9aabe21bd075416bc0f32bbc43,prysm,2015-02-13T17:23:09+01:00,2015,Fixed a few issues in the miner and updated hash rate title,85061,416,204.47355769230768
d2a4bc4d7389f4b442a19fc03d0d664c19f931e2,prysm,2015-02-16T12:03:27+01:00,2015,Removed reference to lastBlockNumber & LastBlockNumber,85061,416,204.47355769230768
654f7f707c9bd327fcbf0dcb89715a5930f915eb,prysm,2015-02-20T12:15:08+01:00,2015,.travis.yml: speed up tests on Travis,85061,416,204.47355769230768
5ab0eaa06d2f5879b9b22778988410bd0c73dcc0,prysm,2015-02-26T11:14:54+01:00,2015,wip,85061,416,204.47355769230768
a60a18b080197cad836f18f9d093bba3bcb6cef8,prysm,2015-03-03T00:43:12+07:00,2015,- fix peer disconnect by adding severity function to errs - improve logging - suicide -> removeChain - improved status BlocksInPool calculation,85061,416,204.47355769230768
fc47f0f27b4b672c84e8de230a5a3c5e5519f3aa,prysm,2015-03-03T15:43:05+07:00,2015,add eth.chain.received.new_block log to eth protocol,85061,416,204.47355769230768
515d9432fcef8c574627049d437d6898b56c2829,prysm,2015-03-17T11:19:23+01:00,2015,converted vm,85061,416,204.47355769230768
c161d73d429ef421cdb9c75b743c16d72aa8a89a,prysm,2015-03-20T13:33:11+01:00,2015,common: drop accessors for Value.Val,85061,416,204.47355769230768
bbe795455a13c57dbba64c1082b618e791af46ce,prysm,2015-03-24T15:14:03+01:00,2015,Secure trie shakey / key matching,85061,416,204.47355769230768
f8a4cd7ec17774ad841f85241855820424ccfd2d,prysm,2015-04-10T17:03:08+03:00,2015,"xeth/whisper, ui/qt/qwhisper: fix API update breaks.",85061,416,204.47355769230768
434dea3caf03515e69858c947ba5e0aad6b9c67a,prysm,2015-04-19T00:03:26+02:00,2015,eth: removed debug messages to stdout,85061,416,204.47355769230768
c3b80123e3099eaf0eef5ed7ee43eb5605fc8e6f,prysm,2015-06-15T11:10:24-04:00,2015,Update eth.go,85061,416,204.47355769230768
7f92e708c504e1c4a7382c68b5a4ed68db9c8deb,prysm,2015-06-21T22:10:24+03:00,2015,"cmd/geth, core: impl. percentile reporting, instrument insertions",85061,416,204.47355769230768
80f26086eeb126cb87000f283cb5ccc3df95dbcc,prysm,2015-10-21T02:31:46+02:00,2015,"core, tests: get_hash fix",85061,416,204.47355769230768
e6556262689f8003ba356436fe63fe5237449edc,prysm,2015-10-28T12:34:40+02:00,2015,"makefile: dump mist leftover, add phony targets",85061,416,204.47355769230768
d8370a4e15f00afeb783f7f3be8b47e93c4338d2,prysm,2015-12-04T20:56:11+02:00,2015,"core, eth, node, rpc: port the admin and debug API",85061,416,204.47355769230768
ba3fb9e6f4c47edbb0ff99285a0b48dc4bd3f37c,prysm,2016-03-07T18:11:52+01:00,2016,core: announce ChainSideEvent during reorg,85061,416,204.47355769230768
00665a0b72ed93692daec21bbd79931828653228,prysm,2016-10-29T10:07:38+01:00,2016,cmd/evm: Allow stdin and files as sources of bytecode (#3172),85061,416,204.47355769230768
b8bd9a71c8b2722ec526ac5b0e35bf05d0fbd075,prysm,2016-11-09T02:01:56+01:00,2016,all: update license information,85061,416,204.47355769230768
b9683d3748dcb73ab5a5474334eaf157267d9c4a,prysm,2017-01-05T13:56:06+01:00,2017,params: avoid importing p2p/discover for bootnodes,85061,416,204.47355769230768
96d1a4aee6c21b0cd247513cdd9d3acc78df378d,prysm,2017-03-31T15:06:54+03:00,2017,ethstats: sanity check ethstats history queries,85061,416,204.47355769230768
3d8de95f999de6f52f0c1605eb2913278f1d87d2,prysm,2017-04-06T10:38:21+02:00,2017,"core, core/types: regenerate JSON marshaling, add ""hash"" to headers (#13868)",85061,416,204.47355769230768
5e38f7a664aa5401117f1e1705ec97476b19411e,prysm,2017-07-05T17:06:05+03:00,2017,"cmd, core: add --txpool.nolocals to disable local price exemptions",85061,416,204.47355769230768
46e5583993afe7b9d0ff432f846b2a97bcb89876,prysm,2017-12-10T00:42:23+02:00,2017,"cmd/utils, eth: init etherbase from within eth (#15528)",85061,416,204.47355769230768
6882943e3921b2c51d4ae079d9e5720aa7c90c7a,prysm,2018-01-02T15:57:33+05:30,2018,containers/docker: change docker images to go1.9 (#15789),85061,416,204.47355769230768
1c2378b926b4ae96ae42a4e802058a2fcd42c87b,prysm,2018-01-04T13:18:30+01:00,2018,tests: update to upstream commit 2bb0c3da3b (#15806),85061,416,204.47355769230768
94368cbdd93059b7dea0aa343acb32c5c89cbc3e,prysm,2018-01-15T16:43:36-06:00,2018,added README and entry point specifications,85061,416,204.47355769230768
2ff27cb2ec4c795b1d4145e1028d228ec05430d2,prysm,2018-03-05T14:53:25-06:00,2018,"fix, table of contents",85061,416,204.47355769230768
edfb55b8c97195bc69da3ed75dc0a8db2c886619,prysm,2018-06-01T20:50:15+08:00,2018,sharding/notary: Adding Release Notary and helper functions,85061,416,204.47355769230768
9d584d334dd3965c74fcaf024988838f1c4ec87c,prysm,2018-06-04T17:19:16-04:00,2018,sharding: fix interface errors,85061,416,204.47355769230768
98f7347089637dce7d008cf20c6a9241595d92aa,prysm,2018-06-12T15:32:27-05:00,2018,"sharding: context with timeout, fetch collation records",85061,416,204.47355769230768
5fa1090821c3bd2349b3957a39ef30d53e893ae6,prysm,2018-06-12T22:43:19-04:00,2018,Add feed example,85061,416,204.47355769230768
325c4cb8e7b9092b5befb975bfccd93ae3f6da2f,prysm,2018-06-14T10:44:49+09:00,2018,gofmt fix,85061,416,204.47355769230768
ab2954a693529d69cca113f2cc136290a36d5fdf,prysm,2018-06-17T13:40:35-04:00,2018,Add a log handler helper (#188),85061,416,204.47355769230768
8d42418d0d59ddc0a5d524597914532c5c12fadf,prysm,2018-07-24T21:52:39-07:00,2018,client: add rpc to client (#320),85061,416,204.47355769230768
31a9008913639950db29de0e214a7c2b081cb611,prysm,2018-08-08T16:43:03-05:00,2018,gomock recv,85061,416,204.47355769230768
0d0626a1017a2364e4f56ef7896cd8d80d4b2b48,prysm,2018-08-08T18:43:25-04:00,2018,Add support to pass in TLS key/crt to use gRPC securely (#384),85061,416,204.47355769230768
c728717517a08433da15ee3dfbbb98f003d14227,prysm,2018-09-06T09:06:57-07:00,2018,added tests,85061,416,204.47355769230768
96801f0aa565ffb0e8c612c7c929d4d7c58bf85d,prysm,2018-09-09T00:34:50+09:00,2018,Add back in tests,85061,416,204.47355769230768
f69158ac68c610d984b080652c13c0dfe11b1971,prysm,2018-09-17T10:49:02-04:00,2018,fix,85061,416,204.47355769230768
cbc222d6a15f6fbb3bf149d5b6cafb3f469a80dd,prysm,2018-10-12T00:12:33-05:00,2018,rem test,85061,416,204.47355769230768
0bb1a147a908b07b3a253c1535f76ad6bc23e017,prysm,2018-10-17T00:28:38-05:00,2018,fix update head test,85061,416,204.47355769230768
4950c96c318c9ee45c146f19d8b112751f70c12f,prysm,2018-10-17T19:09:00-05:00,2018,use bolt bindings,85061,416,204.47355769230768
727b797f52127ce1ca242030bf9583c5a00af2fd,prysm,2018-11-17T08:53:50Z,2018,Update com_github_libp2p_go_tcp_transport commit hash to d8a1795,85061,416,204.47355769230768
c770c1d62bab0dc8f7331ac2a448acbd127994c2,prysm,2018-11-23T09:05:26Z,2018,Update dependency com_github_whyrusleeping_go_smux_multistream to v2,85061,416,204.47355769230768
0112f4230a3ac98b4592e9afcadb0f1af9eb5dd5,prysm,2018-11-25T16:14:34-06:00,2018,fix lint,85061,416,204.47355769230768
4cd730570a9c1ef6bad65aa7e631cfba791c4e63,prysm,2018-11-25T21:33:54-05:00,2018,Gazelle,85061,416,204.47355769230768
868bfec9e3a990cae1b9c666d375630f9ae5d70d,prysm,2018-11-26T12:52:30-06:00,2018,added rest of the blockchain tests,85061,416,204.47355769230768
d4f800dd87be0bc1d58de48199d05588b37393b4,prysm,2018-12-02T22:10:47-05:00,2018,Rename crosslinks to latest crosslinks (#1032),85061,416,204.47355769230768
6fb39271e2ce57a959ef45a6df75a4e1fdafb7f2,prysm,2018-12-24T19:17:04+08:00,2018,Updating to spec,85061,416,204.47355769230768
01e7755f307d188ddb7062b7a733b6d0fdb415dc,prysm,2018-12-31T16:52:12-05:00,2018,Update slashing conditions according to specs (#1210),85061,416,204.47355769230768
28dc656a6abbfb5dcbe3c52cf4584d10d833cd82,prysm,2019-01-01T11:36:28-08:00,2019,clean up attestation func and test,85061,416,204.47355769230768
5a9764ae550de08a966fff661817c3237a0a013f,prysm,2019-01-02T22:28:39-05:00,2019,lint,85061,416,204.47355769230768
0810f0867e9e07ab3dd2e0eebe33dee0a508d827,prysm,2019-01-05T02:26:10-08:00,2019,Add script to generate pb.go files,85061,416,204.47355769230768
74778336d9c765a8fcf93a8537fde6b86329b38c,prysm,2019-01-09T13:55:08+08:00,2019,skip slots works yay,85061,416,204.47355769230768
d7e44226a5b1a9a133149c07caa65ec439dbfa7f,prysm,2019-01-25T16:49:24+08:00,2019,fix broken,85061,416,204.47355769230768
1799905a2fea7f6b3c4776e9a5cb63eacc7774ef,prysm,2019-01-30T13:49:03+01:00,2019,complete,85061,416,204.47355769230768
c4ad6f220d962529b248397a09b1dce71f83c7d2,prysm,2019-02-13T11:51:57-06:00,2019,Wait to Send Genesis Time to Validators Until After Genesis State is Initialized (#1568),85061,416,204.47355769230768
053a8fd952284d56c696dc5acd7eb39dc0196843,prysm,2019-03-01T15:20:46-08:00,2019,rm unused field,85061,416,204.47355769230768
8a3f9c27827c7b25b7cc36a1deee3f0741652829,prysm,2019-03-05T23:02:22-05:00,2019,print proto message,85061,416,204.47355769230768
0e0926912494b58c524be21f46b6ea0020654bac,prysm,2019-03-06T16:29:18-05:00,2019,fix off by one error,85061,416,204.47355769230768
e116f9250619e71e1def07f5637568fe209fcae2,prysm,2019-03-09T20:46:04-06:00,2019,add todo,85061,416,204.47355769230768
9edaaac444cc203a1da81b3e79f6d202077fd3fd,prysm,2019-03-17T23:15:19-06:00,2019,logging config options,85061,416,204.47355769230768
eae4ad3e6b0c7b9123c99ab8bf15814c9dd72af8,prysm,2019-03-21T09:33:36-07:00,2019,add prometheus to fork choice,85061,416,204.47355769230768
fa8fd5525a3cad8226a501168afcbd26eaef67b3,prysm,2019-03-27T16:43:54+05:30,2019,merge and some of terenc3t remarks addressed,85061,416,204.47355769230768
a40d5d8b6f3c39e37cd705a38e98aded538a8932,prysm,2019-03-31T22:17:08-05:00,2019,tests pass,85061,416,204.47355769230768
5e3af800f09ba609f0d6ef8b0673bfc6bccb4b41,prysm,2019-04-01T14:47:23+08:00,2019,goimports,85061,416,204.47355769230768
2148a83b024041c6d15a1bef39a0655c14de2a8c,prysm,2019-04-14T17:53:34-04:00,2019,Update cluster pk manager to assign multiple keys to validators (#2112),85061,416,204.47355769230768
e42ea55c58a46b4ed6850eabff405cbf6aff09cd,prysm,2019-04-25T10:26:03-05:00,2019,fixed broken tests,85061,416,204.47355769230768
d0e4a4772ab0fffa2d7e632e2cad9cf0f3030af3,prysm,2019-04-26T17:23:52+08:00,2019,add test,85061,416,204.47355769230768
c8348c232c18a32a4845f834ae388f3b52af7374,prysm,2019-04-30T10:39:57+05:30,2019,remove verifybitfieldnew,85061,416,204.47355769230768
0ad133cc8bf5ca8c10ce90b66ebb87fbf7a09297,prysm,2019-05-02T10:06:58-07:00,2019,extra space,85061,416,204.47355769230768
749a194c3883aaf183a161f36cf3cf1c8ca8cdf0,prysm,2019-05-03T21:46:10+08:00,2019,lint,85061,416,204.47355769230768
2207312b7348406d50d31f1c380a7c90ae71f28e,prysm,2019-05-07T15:34:18-07:00,2019,fixed atts verification,85061,416,204.47355769230768
5c034b6beade40f032400aafbe7180be1b210889,prysm,2019-05-09T23:52:40-07:00,2019,"Allow discovery to be removed, and add peers explicitly to peer store",85061,416,204.47355769230768
afbb66781901ca0d6d8b9189fda4917c7d125a44,prysm,2019-05-18T15:09:05-04:00,2019,latest eth1 updates,85061,416,204.47355769230768
b080ff0605149e91da73cb6aecbaa9f194f482f6,prysm,2019-05-18T19:05:12-04:00,2019,type error,85061,416,204.47355769230768
13c9432d37a54cf74b1915f9d5e4cf61a3c918d4,prysm,2019-05-29T15:47:31-07:00,2019,Remove Deprecated Attestation Proto Fields (#2723),85061,416,204.47355769230768
63a769fdd42d99e90f666c01b0ec69412b7a33db,prysm,2019-06-01T09:22:46-07:00,2019,quick commit to get feedback,85061,416,204.47355769230768
e1a2372cd0d82d3125cce2351d0d9b67c6d532fa,prysm,2019-06-03T01:01:19Z,2019,Update libp2p,85061,416,204.47355769230768
aac00204a3ed71df2db6c40c1e59b58a960733d2,prysm,2019-06-12T12:24:07-07:00,2019,can receive slashing operations in sync,85061,416,204.47355769230768
385a1c82344f8a3647fb735290173a0ece422663,prysm,2019-06-18T19:46:44+05:30,2019,move,85061,416,204.47355769230768
88ba52bd13c24ae4619aa5a05b19555394bc9f99,prysm,2019-06-19T16:03:21-04:00,2019,sig verify on,85061,416,204.47355769230768
5edb068889d1ea9b6c3e53ad72ad91851cb29b4f,prysm,2019-06-29T12:48:23-04:00,2019,mutation testing for attestation.go,85061,416,204.47355769230768
f7514a7826655fe3597d9e1b944dc7add177f24e,prysm,2019-07-01T18:17:14+05:30,2019,add tags,85061,416,204.47355769230768
de5df510e4add6724c2ba8c7b070f66d445188f4,prysm,2019-07-01T19:24:21+05:30,2019,Change Base Reward Factor (#2888),85061,416,204.47355769230768
d5e23bd2737a9e343811f56ae919d8a6f3aea6f6,prysm,2019-07-03T01:22:13+09:00,2019,Move checks to a new function,85061,416,204.47355769230768
cf46df4f2295fab73a5e2a9296221b272d9bd390,prysm,2019-07-10T16:47:19-04:00,2019,missing import,85061,416,204.47355769230768
c0ce753a4cb80ec482808479bda3e6337d840e16,prysm,2019-07-10T22:03:03-04:00,2019,fix lint,85061,416,204.47355769230768
fbfbb126a10ef5bf7e6f2e2f9d598edab73da7be,prysm,2019-07-10T23:18:42-04:00,2019,update bazel jobs flag,85061,416,204.47355769230768
3484bd1ab67c121bf6824654570289781bbe1d05,prysm,2019-07-11T16:14:27-05:00,2019,include genesis initialization spec test,85061,416,204.47355769230768
8e1f665c1b4ca629d1855214f163f842c0a85558,prysm,2019-07-22T12:55:25-04:00,2019,add a test for this new logic,85061,416,204.47355769230768
15db6726c6bef5a105b95cceb36291cb56be42d6,prysm,2019-07-31T08:08:22-07:00,2019,Removed extra state root check,85061,416,204.47355769230768
7a2f5e59ccaf886b8db901c7eb18eedcf02d60f3,prysm,2019-08-19T11:35:09-05:00,2019,all block tests pass and work,85061,416,204.47355769230768
786c7d036790aa33e26ce7fc6847de62c4242b1b,prysm,2019-08-21T14:17:17-05:00,2019,all slashings crud done,85061,416,204.47355769230768
7f475bee00006232cb772a6d44c3531b7ba07780,prysm,2019-08-23T09:56:48-05:00,2019,no cache tests (#3284),85061,416,204.47355769230768
dfaf4ddfc3704079f1d87cfa932c8baec6e4c3e2,prysm,2019-08-30T11:40:35-07:00,2019,Lock when processing attestation,85061,416,204.47355769230768
de7504b789438a452087bad0aded3020474a02f0,prysm,2019-09-02T00:37:19Z,2019,Update libp2p,85061,416,204.47355769230768
e0f2504a51a64a5967c87c7842462bf971b97788,prysm,2019-09-04T11:22:43-05:00,2019,README,85061,416,204.47355769230768
fb20fc7881d92fc206702fbde5f7fe1aeac2bd1a,prysm,2019-09-07T02:31:59+05:30,2019,change to wrap (#3413),85061,416,204.47355769230768
b85de4137f93adc29b7545e6729e746a221dba3c,prysm,2019-09-09T16:07:19-05:00,2019,testonly,85061,416,204.47355769230768
954337d81e1ba1e3f0c3a277d061726aadc02a0c,prysm,2019-09-10T14:47:42-05:00,2019,fix viz,85061,416,204.47355769230768
8e6054a4655ab747b3402cedebcba5517e56e99d,prysm,2019-09-18T14:13:13-05:00,2019,archive participation begin implementation,85061,416,204.47355769230768
7761cf722c08c3a48ab7f95ef2e21f632ebe10da,prysm,2019-09-25T10:20:04-07:00,2019,"update bazel-go-ethereum, delete unused deps",85061,416,204.47355769230768
b8ed2599f457e567f45e0434a6e899206dbb6858,prysm,2019-10-04T16:53:52+05:30,2019,change to hex,85061,416,204.47355769230768
ec1ed8d51657109197da638aa1ffa5a8a4f14ca7,prysm,2019-10-10T17:58:23+08:00,2019,change alias,85061,416,204.47355769230768
d8e70fe83ce56ec1750b7d0117bbabdd00bdcba5,prysm,2019-10-20T22:37:39-07:00,2019,do not use mutliple read locks (#3812),85061,416,204.47355769230768
851c3610c4ddbb7765792b8db88bdd74b88b49d7,prysm,2019-11-11T11:22:27+05:30,2019,fix old problem,85061,416,204.47355769230768
d94911dd06c94cdcbf112eb8f7ca6bf57d272de5,prysm,2019-11-12T22:41:30+05:30,2019,fix test,85061,416,204.47355769230768
340a122aa0ed18ed9baf02325715a749682d59a8,prysm,2019-11-18T18:14:38+08:00,2019,update to current eth repo,85061,416,204.47355769230768
04df922ac9e54de61a05abf8336932fdbd8de320,prysm,2019-11-26T22:07:52-08:00,2019,Add votes to tree graph (#4127),85061,416,204.47355769230768
c2a294e6afceeb9b1ddd7b05c8026cddbe8c329a,prysm,2019-12-03T15:37:15-08:00,2019,Gaz,85061,416,204.47355769230768
05c39c6cfac4209bc7720fcb3720258fc817011d,prysm,2019-12-11T12:00:09-08:00,2019,"fix test, more comments",85061,416,204.47355769230768
5ff57b0224565b69e2cacd0199a571d8f3525f16,prysm,2019-12-16T06:50:06-08:00,2019,"Sync with master, use beacon committee as an argument",85061,416,204.47355769230768
aaed851ae8c24d59f3f34e4bfee28cd3926c2a79,prysm,2019-12-17T00:19:25+08:00,2019,Apply suggestions from code review,85061,416,204.47355769230768
5fa03edb291711e503857d5ba4b8953e37a8b3a7,prysm,2020-01-03T15:47:54-08:00,2020,Update committee cache prev epoch (#4402),85061,416,204.47355769230768
db61645a0eb918593c960981ecdaca14afb5a99e,prysm,2020-01-12T22:24:00Z,2020,Remove hard-coded resync interval,85061,416,204.47355769230768
5b1991a2bd6191b2715c15acbbafc8b00a38ef74,prysm,2020-01-18T17:12:38-05:00,2020,Update interface to new funcs,85061,416,204.47355769230768
7d695ad28c1bac5a33cfc19e448a34bc0d09cd47,prysm,2020-01-21T09:30:05-08:00,2020,Trying run time,85061,416,204.47355769230768
946c53a139b2dddfb6836e35f232ce0b734bba2b,prysm,2020-01-25T10:35:44Z,2020,Update docs for keymanager,85061,416,204.47355769230768
237352ae30c1e4b2553e12048e4c0607dc6c9e56,prysm,2020-01-25T10:42:06+08:00,2020,parallelize shuffling,85061,416,204.47355769230768
d09d5c589d86e1c52a557ac270de61d752059b11,prysm,2020-01-28T11:17:36-06:00,2020,Update beacon-chain/core/helpers/committee_test.go,85061,416,204.47355769230768
e6f00594172b48258314ff6d3a7e8129c55fa690,prysm,2020-01-31T02:19:08+08:00,2020,Fix Initial Sync Flag (#4692),85061,416,204.47355769230768
026a83147a6632db82351785fb050a0e6c7dd06e,prysm,2020-02-06T03:15:37-05:00,2020,Updating regression test,85061,416,204.47355769230768
d9931547399ce970cdae19cbd5993ca42f102eb3,prysm,2020-02-06T10:17:30-06:00,2020,naming,85061,416,204.47355769230768
b6b3d58d6dd5c5bdb8caabe8d8687e9f8b038abc,prysm,2020-02-09T11:08:48-08:00,2020,Doc and service,85061,416,204.47355769230768
153afea7575df992e1f35ae405e5658862723b5d,prysm,2020-02-17T12:24:48-06:00,2020,terence feedback,85061,416,204.47355769230768
de7d32528c2e2ffa207e674776f147a5ea076613,prysm,2020-03-01T06:13:20Z,2020,"Revert ""Delete slasher.pb.go""",85061,416,204.47355769230768
8db031ecdb34ba33b9540956841322b6324f5284,prysm,2020-03-10T15:13:35-04:00,2020,Start slasher in e2e,85061,416,204.47355769230768
81eadbda5b41503fef6205880edd992f544f1e26,prysm,2020-03-17T16:06:44-07:00,2020,updated slashing tests,85061,416,204.47355769230768
4b23db3c442650a861639e360751f4d94f278e2a,prysm,2020-03-19T12:10:59+05:30,2020,gaz goimports,85061,416,204.47355769230768
2b9105f8d260ade722f5d1449a216c64af7e99cb,prysm,2020-03-22T18:46:54-04:00,2020,Add comment,85061,416,204.47355769230768
210a6592e27580028aeb82e6d196ed3c8369010f,prysm,2020-03-24T23:24:04+08:00,2020,Apply suggestions from code review,85061,416,204.47355769230768
9e88161519504a97d002234622c57886dd6614ca,prysm,2020-03-28T14:24:20-07:00,2020,Compatible with current initial sync,85061,416,204.47355769230768
9aafa3755def351b40ecfb0671eb7d02999863a9,prysm,2020-03-30T12:35:06+08:00,2020,add hasher,85061,416,204.47355769230768
d932c038fc0811c1b6190a83088384f00de77bbc,prysm,2020-03-30T19:15:44-07:00,2020,Fix merge conflict,85061,416,204.47355769230768
0f720324bf09b7ccf4c99fcbb86704078a4c1618,prysm,2020-03-31T00:04:52-04:00,2020,Attempt fix,85061,416,204.47355769230768
c179b750e95a831aa174e3b1ec30a93aa8eb4f03,prysm,2020-04-01T20:01:56-05:00,2020,fix viz,85061,416,204.47355769230768
b7c7b8aa4550f02c8142e10eeb3286666be27777,prysm,2020-04-02T11:38:49-05:00,2020,resolve flakeyness,85061,416,204.47355769230768
9f9c679a0948a428e4797feeb84b4c098272dfc1,prysm,2020-04-10T15:58:25-05:00,2020,unskip exec transition test,85061,416,204.47355769230768
b749086de2154627a1c87d1d33b1f101b4d1632d,prysm,2020-04-11T14:18:15-07:00,2020,build fix,85061,416,204.47355769230768
c35e661fd2624a87f4bba5314ce7169c5c227c79,prysm,2020-04-13T11:14:16-07:00,2020,Update ListBeaconCommittees tests,85061,416,204.47355769230768
ea84f4430749385566c3b7e935c84f5a2fed6090,prysm,2020-04-15T09:53:36-07:00,2020,Use debug for `Skipping deposit...` log (#5444),85061,416,204.47355769230768
6c1d3cfc173834fd84b13bfe934fec4d41e404ae,prysm,2020-04-15T19:44:04+03:00,2020,gazelle,85061,416,204.47355769230768
b1c6f91199d1cb11d9a702a1a8495336c5e2e487,prysm,2020-04-20T22:14:09-04:00,2020,Change ListIndexedAttestations to convert attestations from target root,85061,416,204.47355769230768
cd89cc5f91fb71d745656acf9c2d238ceb71358a,prysm,2020-04-22T18:02:01-07:00,2020,Actually fail and allow bypass,85061,416,204.47355769230768
47d1fa6761e228fc7e5e19b5c4cb8e054de360db,prysm,2020-05-08T08:08:46+03:00,2020,build bazel,85061,416,204.47355769230768
c37394466b5ca82e18a3cf71308eadbc50257ce4,prysm,2020-05-14T09:12:18-07:00,2020,"Revert ""Check Whether Block Is Already Processed (#5850)""",85061,416,204.47355769230768
5583e741773b24b5ae42d0dfea65962e350a87b6,prysm,2020-05-21T23:39:57-04:00,2020,Increase MaxAttesterSlashings config to 2 for v0.12 (#5942),85061,416,204.47355769230768
f9d847991cd2bb91354f73188442b3a4eee7745d,prysm,2020-05-22T15:44:48-04:00,2020,Add RemoveOldestFromCache and save span cache on exit (#5953),85061,416,204.47355769230768
c4ef3d87fd74d0aff40a3d6504c861cb1de64f6e,prysm,2020-05-30T07:31:00-07:00,2020,Implement RPC end points,85061,416,204.47355769230768
c23ac8547f14d34f1695364f87c12e93ee79655b,prysm,2020-06-01T09:16:40-05:00,2020,Ensure Consistent ListValidators RPC Results (#6054),85061,416,204.47355769230768
90cfc793270df54c102b9495fb74ab89086b0bd3,prysm,2020-06-03T11:44:33-07:00,2020,Handle error,85061,416,204.47355769230768
c06d61c3d09b080c0e2a68e03d315aa69564a655,prysm,2020-06-06T09:16:46+08:00,2020,fix issue (#6152),85061,416,204.47355769230768
de45a549910f86f67a58034667a0f624e9afac72,prysm,2020-06-12T15:02:20-05:00,2020,Do Not Ignore Max Gateway Size gRPC (#6232),85061,416,204.47355769230768
493304edd984a266b6d356e6b882482c80650a5d,prysm,2020-06-15T20:12:33+03:00,2020,fix import,85061,416,204.47355769230768
e091f476deb9b74ff9edad235308007dd37976ef,prysm,2020-06-16T09:56:09-07:00,2020,Update finalizedImpliesNewJustified,85061,416,204.47355769230768
4f08af91e65123a5bd16cfa5ff8485b77d8e2dc1,prysm,2020-07-01T11:33:49-05:00,2020,lint,85061,416,204.47355769230768
d648abb768005afa723b431324fae8cbd033a55a,prysm,2020-07-03T14:42:46-05:00,2020,doc,85061,416,204.47355769230768
1bf55dd584420743131f0be484940f20249277fb,prysm,2020-07-20T14:48:01-05:00,2020,tidy,85061,416,204.47355769230768
27d8033210f94030b954c479baf9768845ec5f03,prysm,2020-07-27T15:42:26-04:00,2020,Gaz,85061,416,204.47355769230768
a867f6175b191273cbbcb069fccee5fc38daa1a3,prysm,2020-07-27T23:06:49+03:00,2020,Make external slasher protection fail on load if slasher is not reachable (#6704),85061,416,204.47355769230768
6097ec677670afc811c965e00fa569094cc5ac7e,prysm,2020-07-31T13:08:23-07:00,2020,gofmt,85061,416,204.47355769230768
3e0f9e18a1801c89567cae777d7d4e5a0bbaf304,prysm,2020-08-07T15:25:40-05:00,2020,gazelle,85061,416,204.47355769230768
0a4d27eecc3369f6a13ebc3312a522d0a149a255,prysm,2020-08-12T15:31:03-07:00,2020,Validator: add mock for testing,85061,416,204.47355769230768
f1664dfb213c556c6c5151665616d483a06236ff,prysm,2020-08-27T14:12:51-07:00,2020,Implementation and test,85061,416,204.47355769230768
b2b4c2660df92600f535abb19c896c89e11fd740,prysm,2020-09-03T00:59:57+03:00,2020,Asserts response invariants in beaconBlocksByRange (#7166),85061,416,204.47355769230768
a27c81985343579295171d7ebf667afb044f6ecc,prysm,2020-09-04T21:14:37+08:00,2020,check message id,85061,416,204.47355769230768
081dcc8493dcc91c3626ff791ff8fc65c4be3bd7,prysm,2020-09-09T12:21:35+03:00,2020,fixes tests,85061,416,204.47355769230768
cdf9888a95a6e092237154389044d534a6988012,prysm,2020-09-21T23:14:04+08:00,2020,checkpoint,85061,416,204.47355769230768
347950d399ecb47d606f47c2e6a3048812c78a01,prysm,2020-10-02T12:45:32+03:00,2020,register analyzer,85061,416,204.47355769230768
2820b89e7c73c76b689ba72afc9cb5376fd9a489,prysm,2020-10-05T14:34:10+03:00,2020,const fix,85061,416,204.47355769230768
a5d6fffd45b09ec0361b2432c6e617648983676e,prysm,2020-10-05T18:30:32+08:00,2020,fix all tests,85061,416,204.47355769230768
d855baf797bfef1fe16f4020982964a8494ceb5f,prysm,2020-10-06T11:20:43-05:00,2020,fix e2e readme,85061,416,204.47355769230768
5f7da58d5b4162c69de1d2d95ffe60d6cedbe940,prysm,2020-10-09T23:38:07+02:00,2020,removed redundant fmt.Sprint,85061,416,204.47355769230768
95133db4f54dae4ebffa5526355d307f14ac382c,prysm,2020-10-20T16:10:14+03:00,2020,remove redundant data,85061,416,204.47355769230768
9f89b3aadcaddfab2b43bad92e58fab66b6029c2,prysm,2020-10-22T12:38:59-05:00,2020,fix nil pointer,85061,416,204.47355769230768
a3e331d9fd324b22a39fc29872f1332e8d7b3638,prysm,2020-10-28T16:49:20+08:00,2020,clean up,85061,416,204.47355769230768
33302e1b0a2c67b75fff261f376618ea03aadcf3,prysm,2020-11-24T11:24:00+02:00,2020,remove map handling in this case,85061,416,204.47355769230768
0cf9800b756b66498cc2a06056b4ac38f8808daa,prysm,2020-11-24T19:24:23+02:00,2020,Fix locks and fallback to db read if attestation history map is missing a pub key data (#7937),85061,416,204.47355769230768
29c6a0c42c971b539dad6fc03ca3a343d1932253,prysm,2020-11-25T10:52:59-08:00,2020,"Fix zero genesis check, make processAttestation routine wait for genesis time to be set (#7947)",85061,416,204.47355769230768
ec03fc875a8fa9f707ac4896d2a4f376041c57ee,prysm,2020-12-10T17:27:28+01:00,2020,Update shared/cmd/helpers_test.go,85061,416,204.47355769230768
ef18ef44f0d2443594e0d0eb5bc737afaaf379be,prysm,2020-12-11T10:33:56-06:00,2020,rename for better context,85061,416,204.47355769230768
1449a0a7cad23db5f1e8e7f951718248c1f231e1,prysm,2020-12-11T15:02:24-06:00,2020,rem unused code,85061,416,204.47355769230768
8a613ad16a228f1756a2d9efa4898430ef4ed7a5,prysm,2020-12-11T15:14:41-08:00,2020,Remove extra getter and setter,85061,416,204.47355769230768
b2cd3eccd2e36f32c8c98c22aeaaf258a07bde54,prysm,2020-12-11T21:38:21+03:00,2020,make sure that check is executed before anything else,85061,416,204.47355769230768
69814472cb930e8c0bc36806f7223e5c1599eda2,prysm,2020-12-24T14:42:38-08:00,2020,Shard header root helper,85061,416,204.47355769230768
9d01a5bb18c389e1fed252414edcd6d001113182,prysm,2021-01-11T16:39:03-05:00,2021,Rename to DepositMessage,85061,416,204.47355769230768
a6bc4436d451075891a596f817770b1ea1e45f18,prysm,2021-01-26T19:55:30+08:00,2021,clean up,85061,416,204.47355769230768
57255fb46bcd0673063626c05c80eb108f052fbc,prysm,2021-02-03T11:26:54+01:00,2021,initial implementation,85061,416,204.47355769230768
f4bd3e60c57acec1095e5b6e0cd85af5a1f657ee,prysm,2021-02-05T08:28:37-08:00,2021,First attempt on aligning to latest spec,85061,416,204.47355769230768
cacab6fcf7631bbd1594d42f650f9a732f72b296,prysm,2021-02-08T12:35:58+01:00,2021,handle error in block fuzz,85061,416,204.47355769230768
7f49c8d143947a258ecaa6f1b1a6afbe2fff3ef8,prysm,2021-02-10T22:05:38-06:00,2021,better comments,85061,416,204.47355769230768
3e63e568ed3d75566ec1874791d7d8fa7bbd5e30,prysm,2021-02-12T12:56:56-03:00,2021,Restore timeSinceSlotStart,85061,416,204.47355769230768
819bdfa21eb192b3a608b1dd796213c9da69ccfa,prysm,2021-02-15T11:08:58+01:00,2021,implement StateByStateRoot,85061,416,204.47355769230768
3288cb29fe503f1202b6dd15aa660b05d07f9137,prysm,2021-02-16T21:57:12+08:00,2021,deep source,85061,416,204.47355769230768
31e1ddcf07d3ca8e146869a7d9ab908268adfaeb,prysm,2021-02-19T11:19:26-06:00,2021,amend db func,85061,416,204.47355769230768
defa133cd7cf945b004097b3e45e035e9fec5421,prysm,2021-02-23T10:28:59-05:00,2021,Fix visibility,85061,416,204.47355769230768
be07ad018ffcfc49704849e5e9f3afbe39f08d7d,prysm,2021-03-02T22:24:57-05:00,2021,Fixes,85061,416,204.47355769230768
dfb3ccb4138f9a24ed6feb9c132f7290f5cc9785,prysm,2021-03-17T16:09:25-07:00,2021,Add bootnodes,85061,416,204.47355769230768
4db33a6715001194691b825a5b5c45f90948d1bc,prysm,2021-03-19T15:28:14-05:00,2021,integrate process slashings functions,85061,416,204.47355769230768
72ebcc69a41a405e7d33df4b12320069e25b7a38,prysm,2021-03-23T07:15:56+03:00,2021,revert params,85061,416,204.47355769230768
06c02294ddfc43f489fa8073e27d475d02881280,prysm,2021-03-31T21:28:16+04:00,2021,unrelated files,85061,416,204.47355769230768
f33f105a6f27e256919108c176867fee43d12151,prysm,2021-04-02T06:50:54-07:00,2021,Return beacon state,85061,416,204.47355769230768
53b4eb6bd71f2b355aade48ba64defcc5849df3d,prysm,2021-04-14T23:18:19-05:00,2021,slasher prune atts test,85061,416,204.47355769230768
c016e36a3ea7a42c25f6dca395ba06c5b9a0c8b2,prysm,2021-04-22T06:28:31+03:00,2021,phase0/ssz_static tests,85061,416,204.47355769230768
c6db618af9ffbe09e509d0fed922d1ca8875c86f,prysm,2021-05-10T10:43:55+02:00,2021,Initialize `VoluntaryExitsPool` in rpc server,85061,416,204.47355769230768
6bb3cc45ef49916588916f861e228499bd0a3207,prysm,2021-05-28T00:07:51+08:00,2021,Add Nested Nil Checks To Wrapper (#8951),85061,416,204.47355769230768
2c5d660e3e6e4227128d27a24cdebc79b1e5c724,prysm,2021-06-01T20:29:50+08:00,2021,fix tests,85061,416,204.47355769230768
bea161a60307c0023b827612fd8c6abe0241ce94,prysm,2021-06-18T17:44:26-05:00,2021,imports,85061,416,204.47355769230768
cffce97015e6d105a958234c51f4b12b1e9fe593,prysm,2021-06-23T16:56:37-05:00,2021,Progress,85061,416,204.47355769230768
9c04d68ad0c2510087aca7f1201c8415c8c98825,prysm,2021-06-28T16:14:15+08:00,2021,validator fixes,85061,416,204.47355769230768
a3cd426f7e34a790de3effc4ea65c2ab122e4a53,prysm,2021-06-29T17:35:03+06:00,2021,Update propose block method for integrating pandora sharding info,85061,416,204.47355769230768
9e3ff7b25bce6ae3e12f779da7bd7b60360f277d,prysm,2021-07-01T14:52:58-07:00,2021,Move test only functions to testutil,85061,416,204.47355769230768
74cc0d0870d28a0ce0fb4e7023579fdc5125ed0e,prysm,2021-07-27T09:56:18-07:00,2021,Reduce visibility,85061,416,204.47355769230768
5bd4e10dd67e93630297a834948ef69f6a9ddd45,prysm,2021-07-28T22:04:54-05:00,2021,fix build,85061,416,204.47355769230768
6079fc197b90c879f076ba55b7ec22cfc5574c29,prysm,2021-08-08T09:32:36-07:00,2021,"Revert ""Rm fuzz process block""",85061,416,204.47355769230768
8e503d09804899f1422b4941b481dca50c1369ba,prysm,2021-08-18T11:59:55+08:00,2021,Change Back Read-Only Validator Declaration (#9410),85061,416,204.47355769230768
000abb650b85e02a0f55916bb324e9b507ac9eb6,prysm,2021-08-19T08:46:31-07:00,2021,`ValidatorIndexByPubkey` length check,85061,416,204.47355769230768
697b6de35ee5f6c46783aee68a45ecadc2b1c71a,prysm,2021-08-25T18:06:06+08:00,2021,make it trace,85061,416,204.47355769230768
64f7603323af2945c5904b36d92a689f20fde838,prysm,2021-08-25T21:24:53-05:00,2021,gaz,85061,416,204.47355769230768
6236c97755fb396c54930ef23e4f2e7f5e688d62,prysm,2021-08-26T15:28:00-05:00,2021,sync agg,85061,416,204.47355769230768
8f88d574f57e6b33ab45e14b3c70c173e67f0770,prysm,2021-08-30T16:57:08-07:00,2021,Stategen: replay altair epoch (#9468),85061,416,204.47355769230768
3e71997290dabe0e57d375c8c3a0165139968993,prysm,2021-09-14T17:09:04-07:00,2021,"Create time Package for Shared/timeutil, mclock and slotutil (#9594)",85061,416,204.47355769230768
bdba5fe66a6553b61f09b2f7f669c2004b105b93,prysm,2021-09-22T12:14:11+02:00,2021,Add l15 flag for connect with l15 testnet,85061,416,204.47355769230768
cb023c991c44658ae3c085b74cef5cd9fa40f65f,prysm,2021-09-23T15:30:47-07:00,2021,Update committee_disabled.go,85061,416,204.47355769230768
5242e9ba137dba5dda283dfc9e419985982d065f,prysm,2021-09-29T10:16:52-04:00,2021,deepsource,85061,416,204.47355769230768
b11628dc53d14124a376a4afe56443d2ee42f605,prysm,2021-09-29T16:04:39-07:00,2021,Can configure flags,85061,416,204.47355769230768
8adfbfc382de43e49c197c2b9d50db647b350871,prysm,2021-09-30T08:21:40-07:00,2021,Update sync_committee.go,85061,416,204.47355769230768
63349d863bd045565d57471b5379ac735e74c444,prysm,2021-10-08T17:20:40+02:00,2021,Do not return data for validators without sync duties (#9756),85061,416,204.47355769230768
809ef93e48fa3ed67e123d7c983f8166f4b01ad5,prysm,2021-11-10T13:23:32-03:00,2021,address some deepsource issues,85061,416,204.47355769230768
f351ef1d82dee649c18486a411cef005908cb5e1,prysm,2021-11-22T11:52:09-08:00,2021,Go fmt,85061,416,204.47355769230768
d9a9227c1d6eceb5e4dc9be11d4b649b010dbb90,prysm,2021-11-24T08:53:57+01:00,2021,types/fieldtrie package,85061,416,204.47355769230768
e9cb26157860a9ff4cb804f58a0194b2bc9a2303,prysm,2021-12-01T11:44:39-03:00,2021,fix operation precedence,85061,416,204.47355769230768
29674b09c3ad3a987b1372fadaa2c0863ccbdad5,prysm,2021-12-07T10:01:59+01:00,2021,util merge.go per @rauljordan,85061,416,204.47355769230768
d2a3554082bb063cd32f6c849b3485042a487095,prysm,2021-12-09T14:22:13-05:00,2021,gosec,85061,416,204.47355769230768
4aaa1013cbed5f49987c0ba66878b006beb98964,prysm,2021-12-20T10:09:21-08:00,2021,add blinded block proto,85061,416,204.47355769230768
84b900615b42d70ed023ca87e1b0b66a0d39d4bd,prysm,2021-12-26T10:16:31-08:00,2021,Fix typo,85061,416,204.47355769230768
d8f8b8664c1b8f379d4c9f1cfa25c31898a48570,prysm,2022-01-24T11:44:36-06:00,2022,e2e: Provide e2e config yaml to web3signer,85061,416,204.47355769230768
98e10c48be4b68789140221ee04285abe50c76dc,prysm,2022-01-28T00:04:39+08:00,2022,fix build,85061,416,204.47355769230768
07b1a95548ae86bf77cce0aadae3f1114755568e,prysm,2022-01-28T11:25:54-06:00,2022,Update validator/client/aggregate.go,85061,416,204.47355769230768
3146f597fd2a1d2cff133f1a633a8dee37af9274,prysm,2022-02-01T11:42:12-06:00,2022,broken imports,85061,416,204.47355769230768
6bb3ce2cba20154181aeeb213dc938e7dbfafbe1,prysm,2022-02-08T16:07:05-08:00,2022,revert: P2PMaxPeers cli flag - see pr #10163,85061,416,204.47355769230768
2ccc27b1ba1ddf0cdfd291121398a4cf4f4ef811,prysm,2022-02-11T18:09:02-05:00,2022,passing,85061,416,204.47355769230768
5d60e1dbe88c3d977cadac78ddf2a4b343be3980,prysm,2022-03-01T09:05:36-08:00,2022,Simplify a bit more,85061,416,204.47355769230768
d0c80b24374811f1edb933297a150a6ee405fdf3,prysm,2022-03-01T19:28:31+08:00,2022,make it faster,85061,416,204.47355769230768
9c91e35367e139fbd684dd40d8f56bc008e8da3a,prysm,2022-03-04T08:31:35-06:00,2022,better guards for nil stategen/caches in tests,85061,416,204.47355769230768
e70492ec8c96706480feff008f2764ba2f9c3873,prysm,2022-03-04T11:13:05-08:00,2022,Add prepare execution payload,85061,416,204.47355769230768
43ae14cbdab9d538702174f3d5aeef23fa1d9d1e,prysm,2022-03-11T11:26:17-08:00,2022,Feedback,85061,416,204.47355769230768
c46a7e425dd40b3f1a369135e4135e0104741995,prysm,2022-03-13T08:53:37-07:00,2022,Sync with develop,85061,416,204.47355769230768
fdade336adda4d4dd6d9ff802e48e38a68034cb3,prysm,2022-03-21T11:13:51-05:00,2022,cleanup,85061,416,204.47355769230768
6b1e0c6468c0b44ff749e9230092200f72f65660,prysm,2022-03-21T11:34:39-05:00,2022,fix big ole derp,85061,416,204.47355769230768
d2547f69d409943888a77c33f1f9c03857497fac,prysm,2022-04-07T07:11:13+08:00,2022,fix sync issues,85061,416,204.47355769230768
58efca770fecdc9947b9bad371ed2fbac3b036e6,prysm,2022-04-08T13:45:42-05:00,2022,Update validator/rpc/standard_api.go,85061,416,204.47355769230768
276b7e96cc109d8d25e56b14814a9672cdd42845,prysm,2022-04-12T14:12:37-07:00,2022,fix: test errors,85061,416,204.47355769230768
fcd072294440ed48ed8b06449577fcfef62eed5f,prysm,2022-04-28T13:07:01-07:00,2022,Update godoc comment,85061,416,204.47355769230768
4b7c3c5be8eed1559b9148ca95b25738b0aa1220,prysm,2022-05-03T13:04:56-05:00,2022,Seperate forkchoice builder for lower cognitive score and better reusablity,85061,416,204.47355769230768
fb2226d4cbda4b0ee0e2864892d707f0ade2fcef,prysm,2022-05-04T11:39:42-05:00,2022, fixing function parameters,85061,416,204.47355769230768
c05df2c4f460c1f808860e0dbe4fcbee5facc940,prysm,2022-05-06T13:41:47+02:00,2022,use helper in proofs.go,85061,416,204.47355769230768
2b1dd29f330cc60e143e451e2ab5f04020b1bdf8,prysm,2022-05-20T08:22:42-05:00,2022,Refactor migrateStateValidators for better readability,85061,416,204.47355769230768
b1fa0460bfc18c64a4dc98c257cd3c426a4d0559,prysm,2022-05-23T10:49:53-07:00,2022,Fix withdrawal epoch overflows,85061,416,204.47355769230768
e969c5d58b160b5113c03d02798693d3290904ed,prysm,2022-06-13T16:04:10-05:00,2022,fixing deposit api and adding postman tests,85061,416,204.47355769230768
e8dc738d71d594e8ca73c6bb67ad436fcc5bdfda,prysm,2022-06-17T15:44:42+02:00,2022,rename functions,85061,416,204.47355769230768
fe856f3ac9ec981a86970f489192be826e33ef2c,prysm,2022-06-23T10:04:33-03:00,2022,call updateFinalized instead of only DB,85061,416,204.47355769230768
36f9b54f14f4d143bb801d664a7b4a47001b00a3,prysm,2022-07-07T07:08:08-07:00,2022,Add else,85061,416,204.47355769230768
ef95fa237b9b53f8ffcfa7cc45b2e5a24faae917,prysm,2022-07-08T11:38:08-05:00,2022,adding unit test to fix bug and test for log inclusion,85061,416,204.47355769230768
97de831401c041af9bb45015524aff46cf39e3b2,prysm,2022-07-08T16:04:13-04:00,2022,surface error,85061,416,204.47355769230768
308f6adff9bc19ab1d2bce7ec68a45f3ca89f145,prysm,2022-07-11T13:31:36-04:00,2022,gaz,85061,416,204.47355769230768
f9f8578c88f6a2577968c819e5b3681a52210771,prysm,2022-07-19T10:48:44-05:00,2022,initial commit,85061,416,204.47355769230768
9b5009eaf51fe0aef2dc3b0fcb8f4f2f89839cb6,prysm,2022-07-20T10:06:49-05:00,2022,Remove unrelated changes,85061,416,204.47355769230768
6ce8999eb57247158e06edbe61810da26a72d578,prysm,2022-07-30T08:39:22-03:00,2022,mock full bellatrix blocks,85061,416,204.47355769230768
ea77de7106debbe351ffe7d0e1b453e91a2207a2,prysm,2022-08-10T11:54:05-05:00,2022,returning errors correctly,85061,416,204.47355769230768
889a517a29c8514ae0d568edcf7dd613bd803686,prysm,2022-08-10T12:49:36+02:00,2022,remove isBlinded from signed block and block,85061,416,204.47355769230768
e88f8289927399a9c43d403f5919a846b2577abf,prysm,2022-08-17T20:13:01+08:00,2022,go fmt,85061,416,204.47355769230768
503590ad444197aa97ea67505a3bc908524c5675,prysm,2022-08-25T21:08:15+08:00,2022,clean up,85061,416,204.47355769230768
52b57c6b472680397cb40e8463d15b829f48584b,prysm,2022-08-30T16:37:18+02:00,2022,clear cache in reward_test.go,85061,416,204.47355769230768
3c25535424e016c1d8e53a4cbecfbcb5a5bce942,prysm,2022-09-06T05:48:19-07:00,2022,Update beacon-chain/execution/check_transition_config.go,85061,416,204.47355769230768
b4d2395a38ea6cac15cb720672af12eeaf4d97a1,prysm,2022-09-06T20:29:44+02:00,2022,Tests for builder service (#11214),85061,416,204.47355769230768
c3919bef544edea915f2f299618dcb766cdd471d,prysm,2022-09-09T16:17:02+02:00,2022,remove proto state tests,85061,416,204.47355769230768
ce1be8d910e785dd816d1645baf01b12421f9c68,prysm,2022-09-12T17:11:30-05:00,2022,adding better error logging,85061,416,204.47355769230768
894857715a03ca7f75c023a985595737039e539d,prysm,2022-09-21T13:16:31-07:00,2022,"Add new ExecutionPayload{Header} messages and regen protos, ssz",85061,416,204.47355769230768
502f7f879d97f85cfdc35171dc3970e0803fc400,prysm,2022-09-26T21:38:30-07:00,2022,Remove unused utils,85061,416,204.47355769230768
2b74db2dce7e43ae40ff30ffe5b156ff78a05513,prysm,2022-11-04T13:46:01-07:00,2022,Add blob database methods,85061,416,204.47355769230768
6c9c4709ff978e56aaa4f520f4ee14287983c02f,prysm,2022-11-09T23:44:13+01:00,2022,Update beacon-chain/p2p/gossip_topic_mappings_test.go,85061,416,204.47355769230768
111bced3d711a89406633920954b82b60c24d353,prysm,2022-11-19T04:06:56+08:00,2022,(-) Port changes from previous repo,85061,416,204.47355769230768
0385b400f1916f381d099ebb993431c460240ba8,prysm,2022-11-29T13:01:49-06:00,2022,fixing pathing issue,85061,416,204.47355769230768
94b50c035294cab604340875e03a2bc674a18ada,prysm,2022-12-05T12:12:23-08:00,2022,chore: use consts for type names,85061,416,204.47355769230768
1f10bd5c8757cdea8689306e8a4de4aee698672a,prysm,2022-12-05T15:09:29-06:00,2022,removed the wrong peers connect,85061,416,204.47355769230768
786511294e632ffacbb9ce33ddda22dceffd73f5,prysm,2022-12-13T09:27:59-03:00,2022,Check BLS_TO_EXECUTION_CHANGE as if they were from Capella,85061,416,204.47355769230768
61c1216e3d3f830e96b33d61923e6d7a6e0fdca2,prysm,2022-12-21T10:08:44+08:00,2022,Better handling for validate sync msg time,85061,416,204.47355769230768
b2f5ad109d79ca9e552d0b88aef186835c73c58e,prysm,2022-12-23T10:07:15-03:00,2022,Add back BLS changes from orphaned blocks,85061,416,204.47355769230768
3dd1aec489213cd837d5e6d7031f5c87db603ff6,prysm,2023-01-18T16:25:36-05:00,2023,fix up,85061,416,204.47355769230768
91d58e8a3ad487001d0576341a0e055c80c320d3,prysm,2023-02-06T20:47:58-08:00,2023,Fix more tests,85061,416,204.47355769230768
cc4b3977d4bcc48c6e2641646b839ba6ad1128bb,prysm,2023-02-16T18:49:25-08:00,2023,Starting validate blob,85061,416,204.47355769230768
171479c30dcb3f11b47025984b503e198c11dcea,prysm,2023-04-21T11:19:34-04:00,2023,define protos,85061,416,204.47355769230768
ecefe41034c28887faae8dbd412a5bb0f7bca14e,prysm,2023-04-24T12:49:23-07:00,2023,fix tests,85061,416,204.47355769230768
0d8dfbd47c198623dddcbb198c794e439882c642,prysm,2023-04-26T22:37:17-05:00,2023,add callback for deterministic key fetch ordering,85061,416,204.47355769230768
3e7992f933531d540cc67248d7419c1844f32686,prysm,2023-05-03T12:52:42-07:00,2023,Add deneb pbs,85061,416,204.47355769230768
aef22bf54e5256e3d132bb6c6bb6c340a36efc83,prysm,2023-05-12T00:10:29+08:00,2023,Add In Support For Builder in E2E (#12343),85061,416,204.47355769230768
1087f56fcb7d479b3e24282e1aa9add867255f35,prysm,2023-05-16T22:28:30+02:00,2023,4844: `getStateV2` and `getBlockV2` (#12410),85061,416,204.47355769230768
ba9dad68dbd80a5a2af783c49e998a7fcac6308d,prysm,2023-06-02T03:44:59-07:00,2023,Proposer RPC: GetBlock for Deneb (#12481),85061,416,204.47355769230768
0f680a8e0af92ca7a85819235243087e45bbfe86,prysm,2023-06-15T14:38:08-05:00,2023,BlobSidecarsByRoot (#12420),85061,416,204.47355769230768
dd3e166e4a23320cb743432e4f01409c6829bb17,prysm,2023-06-28T14:51:48-05:00,2023,migrating Beacon API code from eip4844 to deneb-integration (#12568),85061,416,204.47355769230768
d71318865bd3289d3ef1bd63f26870dcb10b4f26,prysm,2023-07-11T16:49:04-05:00,2023,adding ssz response for get blobs beacon api endpoint (#12611),85061,416,204.47355769230768
2dd9a093fae7437a9ddeeebf5b21917367462fd7,prysm,2023-07-21T16:18:59-05:00,2023,support deneb in fullPayloadFromPayloadBody (#12649),85061,416,204.47355769230768
8ad50732e6b48c75e755e7a5e02628496740f57c,prysm,2023-08-03T13:52:45-03:00,2023,add unit tests,85061,416,204.47355769230768
27d8b1c35834dee8b114b5d96e2bc949be832dfb,prysm,2023-08-21T11:06:59-03:00,2023,add more descriptive log on FFG-LMD consistency (#12763),85061,416,204.47355769230768
27658b20ce831957f7895f4854515283fa568dec,prysm,2023-09-25T10:58:02+02:00,2023,Cleanup,85061,416,204.47355769230768
e183d1dff45a69311d46d415c12fffff44cd0307,prysm,2023-10-10T20:06:57+02:00,2023,Improvements to `produceBlockV3` (#13027),85061,416,204.47355769230768
4713521490f279e727da802563b0efc8aa68af8c,prysm,2023-10-18T16:07:15-10:00,2023,A few more renames,85061,416,204.47355769230768
ccee10a8adec352e3c70184dba01ea950811fee7,prysm,2023-10-19T19:28:37+02:00,2023,Better Beacon API evaluator part 1,85061,416,204.47355769230768
6c85587d14cb93bdf35e8b9f472a2adcddca77e2,prysm,2023-11-23T23:18:00-08:00,2023,Update broadcast method to use `BlobSidecar` instead of `SingedBlobSidecar` (#13221),85061,416,204.47355769230768
e24a691d9d9bd2d7efcb033a7efc2ad1155a827d,prysm,2023-11-29T15:14:24+08:00,2023,gaz,85061,416,204.47355769230768
28ae161ab3ff590be47590e47686b56463da2db7,prysm,2023-11-29T15:37:52+08:00,2023,clean up,85061,416,204.47355769230768
86645e466e4b70ecc55e72f5ec87760d8018d724,prysm,2023-12-06T13:41:33-06:00,2023,fix dup import,85061,416,204.47355769230768
c5202d7e0a24aa7e87063f249efc628cadd5b2da,prysm,2023-12-07T09:27:14-06:00,2023,Update staticcheck to latest,85061,416,204.47355769230768
f059cb7df980ecc8c340b946aa6b9ce44dcd016e,prysm,2023-12-18T23:57:53+08:00,2023,Update beacon-chain/rpc/prysm/v1alpha1/validator/attester_test.go,85061,416,204.47355769230768
d4cc6fcf4a2caf69dec7210cbe86218e1d25e464,prysm,2023-12-28T12:19:09-03:00,2023,update shuffling caches before calling FCU on epoch boundaries (#13383),85061,416,204.47355769230768
77c2329a409e986397466ab904aade67578b8dbb,prysm,2024-01-18T14:36:39-06:00,2024,Update validator/rpc/handlers_keymanager.go,85061,416,204.47355769230768
d238c40a1ffe98717e140bad5758a15b402b98a5,prysm,2024-02-01T12:14:28-03:00,2024,go mod tidy,85061,416,204.47355769230768
7880a4f126a10891f2b71a737f000df11dc201f3,prysm,2024-02-07T10:25:01-08:00,2024,Radek' review,85061,416,204.47355769230768
264282c80de1706ca114cabbb46db94bff5d7fec,prysm,2024-02-14T13:40:20-06:00,2024,addressing comments,85061,416,204.47355769230768
78ccdc110e837a389b91bf3cfd4f3be14acb0b7d,prysm,2024-03-07T13:20:49-06:00,2024,Change error messages to be consistent,85061,416,204.47355769230768
b983b3344d99799b80071bea932fda5bb837d9dc,prysm,2024-04-16T18:36:09+02:00,2024,Implement `das-core.md`.,85061,416,204.47355769230768
5a2b48b44890d734f3e58925b2fc2e10e8b4648f,prysm,2024-04-30T14:45:43+02:00,2024,Implement peer DAS proposer RPC (#13922),85061,416,204.47355769230768
f73fea4ca0cfd6830e4f36f756a264487f8f1310,prysm,2024-05-08T15:09:50+08:00,2024,Update to go 1.22 compatible version,85061,416,204.47355769230768
1272b9e18606ee241a1215839dc77867bc193b22,prysm,2024-05-15T12:29:38-05:00,2024,eip-7251: process_pending_balance_deposits (#14002),85061,416,204.47355769230768
23594520c47a3d5f98900aabe419a819976b3ab2,prysm,2024-05-17T17:34:25+08:00,2024,Unmarshal Uncorrectly,85061,416,204.47355769230768
3d5b1a0c43c196d1acbedc7cfd6be87af9407c00,prysm,2024-05-21T09:53:36-05:00,2024,return entire bid from builder getter,85061,416,204.47355769230768
0d71dbc07bfb974d35f02a7c6feef6b40c7c7b91,prysm,2024-06-04T10:47:03+02:00,2024,Fix Nishant's comment.,85061,416,204.47355769230768
c2acf7ce18aa8c3b914babb5f89bb251d637219c,prysm,2024-06-20T09:12:49-07:00,2024,PeerDAS: move custody subnet count into helper function (#14117),85061,416,204.47355769230768
8a0aa474a616939cdc119afdb79682cc5acfa75d,prysm,2024-06-24T08:37:24+08:00,2024,Add new builder metric,85061,416,204.47355769230768
ed261812367bd0c0e299f54da5a76923aa99ebd3,prysm,2024-06-24T16:18:47+08:00,2024,Add Readme,85061,416,204.47355769230768
9daba29e6c7a7ab700f69b4a55dcfa67be56c9d1,prysm,2024-07-04T07:45:41-07:00,2024,Remove inclusion list from epbs,85061,416,204.47355769230768
acbd2a1cd2bc172802f377b0ea6d2a416ffd5b50,prysm,2024-07-29T09:55:17-03:00,2024,Add ePBS to state (#13926),85061,416,204.47355769230768
f7eb77e5f06efce9b97d341bb671429bb4d800cf,prysm,2024-08-13T15:36:49-05:00,2024,addressing feedback and fixing linting,85061,416,204.47355769230768
99482a46866eaadd237845575d8a094f20eee138,prysm,2024-08-19T08:43:23-07:00,2024,Signed execution payload header for sync,85061,416,204.47355769230768
8aef58417a2330479bd36d1f680fd5ad7c475b82,prysm,2024-08-28T15:35:41-03:00,2024,fix double import,85061,416,204.47355769230768
da64486624008b3aa69c15f661c9d85f682d37f0,prysm,2024-09-01T18:38:57+02:00,2024,update usecases,85061,416,204.47355769230768
2f14fe4b3ebb2e0923b3cf3fcad676fa579e45db,prysm,2024-09-06T13:18:29+02:00,2024,revert remove redundant nil check,85061,416,204.47355769230768
16f2350e6a5dc871374e4ee8018ddab15b79181a,prysm,2024-09-10T08:08:50-03:00,2024,Handle execution payload insertion in forkchoice (#14422),85061,416,204.47355769230768
2de010beba02246571f8cff633dab850c986b5bc,prysm,2024-10-08T13:19:10-05:00,2024,update to latest version of our fastssz fork,85061,416,204.47355769230768
6aac8f9854df676dbc46127219a702a803ded5de,prysm,2024-10-09T16:25:43+08:00,2024,Update pubsub.go,85061,416,204.47355769230768
7146aebbba3b2fc8788e4e6eb7cf76c88acabdf6,prysm,2024-10-22T09:43:31+07:00,2024,changelog <3,85061,416,204.47355769230768
0258c2ea65652a7595bfaa9fb67fe2f6a2c6847e,prysm,2024-10-24T20:07:29-05:00,2024,Compress pkg_tar,85061,416,204.47355769230768
24edeebf6b47a11275baa85a8fe71d4e45673958,prysm,2024-11-25T16:16:30-03:00,2024,keep a map of added pubkeys,85061,416,204.47355769230768
fd296d971ad552945aa086887c3708eb8ba0a44a,prysm,2024-11-29T15:53:34+01:00,2024,don't check bits after Electra,85061,416,204.47355769230768
ae36630ccdcb67a3075b01d95bca96813cfc9609,prysm,2024-12-03T16:08:19-05:00,2024,Raise http body limit for fetching genesis state on Holesky (#14689),85061,416,204.47355769230768
a3c0a02e1660ce89a8acaf4aef345257343c2cc4,prysm,2024-12-11T17:22:17-05:00,2024,fix failing test,85061,416,204.47355769230768
0772e04c72bb0314e5466c8b13e70bf9fff84005,prysm,2024-12-27T18:03:18+01:00,2024,fix gossip issues,85061,416,204.47355769230768
476ae33dce51d8ba99b0155d45cd4201f4ac0eeb,prysm,2024-12-30T11:57:37+01:00,2024,Update proto/prysm/v1alpha1/attestation.proto,85061,416,204.47355769230768
927a914c8ff99b409cfa9ff364d9d72b4ffc3ecd,prysm,2025-01-09T20:06:17+01:00,2025,remove fulu test,85061,416,204.47355769230768
046f8c7e3e86119369d58c2d413084446581c441,prysm,2025-02-06T12:48:13-06:00,2025,gofmt,85061,416,204.47355769230768
2d9ac5016ecaed53270e99f8e007435df37bffbb,prysm,2025-02-06T12:57:47-06:00,2025,fixing test,85061,416,204.47355769230768
f3dc3e2885d85f3701401932f5cac6ab8cfeb924,prysm,2025-02-24T17:01:10-06:00,2025,Remove unused method,85061,416,204.47355769230768
97b51a733927f285497059f4ce5a04a3e1f0d5f8,prysm,2025-02-26T08:13:20-07:00,2025,Calculate max epoch and churn for slashing once,85061,416,204.47355769230768
c089941571bd64e0805535882ca24391144b08bf,prysm,2025-03-04T18:57:41+08:00,2025,Fix Block Decoding,85061,416,204.47355769230768
123de92e2481bc1d0036f1f84de6101e51e4e0f6,prysm,2025-03-06T08:10:57-06:00,2025,"fix bug where input slice is modified, with test",85061,416,204.47355769230768
1b6592dad03d2c27b2086dccc8a4809414f36345,prysm,2025-03-20T15:08:06-05:00,2025,optimizing if statement check and fixing wallet open on web enable,85061,416,204.47355769230768
2aac2106b53df6cf1d1fb9828b2d27e638502a4a,prysm,2025-03-31T21:33:25+08:00,2025,Fix Test,85061,416,204.47355769230768
f5ddca3b24d2d43abdac689151362057843b88c5,prysm,2025-04-02T15:22:43+02:00,2025,`batchBlobSync` ==> `batchSidecarSync`.,85061,416,204.47355769230768
3b573544bb46fb243bd15a7fd575bc3948025c69,prysm,2025-05-09T14:11:52+02:00,2025,`DataColumnStorageSummary`: Implement `HasAtLeastOneIndex`.,85061,416,204.47355769230768
b0773158aff7131b3c4b6699960559a693dac8f7,prysm,2025-05-11T01:29:22+02:00,2025,Fix peerDAS reconstruction counter metric,85061,416,204.47355769230768
eafef8c7c803f5a63755a9a63377c3bd6459aa41,prysm,2025-05-16T07:03:06-07:00,2025,Add fulu spec tests for sanity and reward (#15285),85061,416,204.47355769230768
c1b99b74c74c402a149790afb01f0b3637e40ff2,prysm,2025-05-18T09:06:54-07:00,2025,Use current slot helper whenever possible (#15301),85061,416,204.47355769230768
ec303db9a4c7c8ad6cd8c61067b205cc1634a70b,prysm,2025-06-05T10:47:20+02:00,2025,Rename some variable/files with blobs.,85061,416,204.47355769230768
2a3876427faa1eda31eb70b1794f571a8aacde47,prysm,2025-06-16T07:27:55-07:00,2025,Fix blob peer count metric (#15412),85061,416,204.47355769230768
4a84c3ba9695b73deda6a8f15e10b531ee920849,prysm,2025-06-17T21:12:15-03:00,2025,Fix TestForkChoice_GetProposerHead,85061,416,204.47355769230768
bec7a0e22a9269532f36029455141a6e62f31f83,prysm,2025-07-11T14:40:45+02:00,2025,build fix,85061,416,204.47355769230768
c9f3e111e630726eec4f228e02b4d75bc8b08e69,prysm,2025-08-07T11:43:11+05:30,2025,lint: formatting and remove confusing comment,85061,416,204.47355769230768
b40f6f5be7992d80f5721d52e8654f13967abace,prysm,2025-08-26T15:43:52+02:00,2025,`fetchOriginColumns`: Fix typo,85061,416,204.47355769230768
bdd9767393dde29209d2f51128f271339d3f31c9,prysm,2025-08-27T12:01:11+02:00,2025,Fix `TestCustodyGroupCountFromPeer`.,85061,416,204.47355769230768
b78f7836a9e10dec4a3cd7ba13719b8e9453739d,prysm,2025-09-16T10:03:54+08:00,2025,fix: use assigned committee index in attestation data after Electra,85061,416,204.47355769230768
1224075b1caa44ab32f85ab106a2d2da2d30abef,prysm,2025-09-17T14:34:29+09:00,2025,Add bitvector field for FixedTestContainer,85061,416,204.47355769230768
e0c82cb4d0bd0b2f297fbfc2f0037f45c23d6820,prysm,2025-10-07T17:57:51+02:00,2025,do not verify sync committee sig in handler,85061,416,204.47355769230768
d64d79e154e9dd895af94de67f7704d172a4209a,prysm,2025-10-14T09:07:40-07:00,2025,Fix data column validation for far future Fulu fork epoch,85061,416,204.47355769230768
e7be659cb8abffbfea7064c982c41dca6af466c5,prysm,2025-10-20T13:57:24+04:00,2025,add changelog,85061,416,204.47355769230768
8bc2aa6fc985dce066a7046869b633088dc42343,prysm,2025-10-22T11:05:39+02:00,2025,Remove `Reading static P2P private key from a file.` log if Fulu is enabled.,85061,416,204.47355769230768
0f82f780cc6a011c56a3ccc35469186cea95676c,prysm,2025-10-28T15:41:49+05:30,2025,fix comments,85061,416,204.47355769230768
171cfeea449b65b9164571dcf3824104683c129e,prysm,2025-11-04T14:02:17-06:00,2025,fix specrefs,85061,416,204.47355769230768
510dadf2c93388a5980de1b29768b18f8932e632,prysm,2025-11-25T16:01:59-06:00,2025,gaz,85061,416,204.47355769230768
ba6d1d0c6becff6563869a3fa0ff4e6327c957a8,prysm,2025-12-03T13:34:41+04:00,2025,update godoc,85061,416,204.47355769230768
43a20093dcb4784128f7e25721a0dd7b3dbc7b82,prysm,2025-12-18T09:42:32+05:30,2025,fix lint,85061,416,204.47355769230768
c3bbe49a4a77107e6750e6919244086e1b73ff0d,prysm,2025-12-29T12:11:16Z,2025,Add a new fuzz input data for FuzzForkChoiceResponse in github.com/OffchainLabs/prysm/v7/beacon-chain/execution.,85061,416,204.47355769230768
f9fd3ecef05cfd00fb3f3a69ef16595490939010,prysm,2026-01-17T05:06:59+08:00,2026,Remove fmt println,85061,416,204.47355769230768
f74a9cb3ecb20670339931926e3d3c77024fdace,prysm,2026-01-20T15:00:19-06:00,2026,self review,85061,416,204.47355769230768
c8eec6ec24cc8f159c05355031d171f6c1d6e319,prysm,2026-01-27T14:45:44-06:00,2026,move mock connection to test package,85061,416,204.47355769230768
6c9bf1b59c7e665d469ce603fbe24dab75eb67ba,prysm,2026-01-28T14:09:40-06:00,2026,Update readme,85061,416,204.47355769230768
b55bea54c2b5cbfd3c9bc7203bf6ed12a97a4250,prysm,2026-01-29T14:29:31-06:00,2026,Fix indentation for inline specref,85061,416,204.47355769230768
8462307dd29b6af36a44cd4a549ba2d962141991,prysm,2026-02-23T08:33:59-03:00,2026,simplify resolveVoteNode's branching,85061,416,204.47355769230768
1cdbd34ab7a55e7d15802bc20a4c0bce16a7de72,prysm,2026-02-26T10:40:42-03:00,2026,changelog,85061,416,204.47355769230768
c77c80c98f67e84613839561228e9a9f4dadc8cd,prysm,2026-02-26T17:05:49-06:00,2026,changelog,85061,416,204.47355769230768
1cb894f32e31604492ffe51a11b917ef16719bbd,prysm,2026-02-26T17:39:15-08:00,2026,add Gloas p2p support for gossip topics and scoring,85061,416,204.47355769230768
5817d56c1514392e7c29b75e844d8f4438c7ab89,prysm,2026-02-26T18:03:51-08:00,2026,Get parent root return parent root if parent is older than gloas,85061,416,204.47355769230768
53754875b9c4349812e028f9428b77c8d9fec8b6,prysm,2026-03-02T16:57:02-06:00,2026,changelog,85061,416,204.47355769230768
68f1a498c08d15556ec2384b67c3a76354a2322d,prysm,2026-03-03T14:38:03-03:00,2026,Handle missing Payloads,85061,416,204.47355769230768
476d5b0399defcb73b09101c0b2493e49f47d18c,prysm,2026-03-19T15:42:00+05:30,2026,pass root to partial data column construction,85061,416,204.47355769230768
424b017cf0e9ee55a430ca212fcef3182f47a6d3,prysm,2026-03-30T22:21:35+05:30,2026,use .Add,85061,416,204.47355769230768
9d084bceb3aeac583a32f58761bbbfc91bce5bdb,prysm,2026-04-05T17:12:21-03:00,2026,Fix finalized and justified state endpoint to not advance the slot (#16635),85061,416,204.47355769230768
33174b6f9933e4de508fc270d22f7d99caf6c60c,prysm,2026-04-08T08:33:03-07:00,2026,Add Gloas engine API method versions,85061,416,204.47355769230768
ad5b24b9b305d4015819e9068ad66f9f1b3f570b,prysm,2026-04-16T12:23:49Z,2026,Add a new fuzz input data for FuzzNewBalancesDiff in github.com/OffchainLabs/prysm/v7/consensus-types/hdiff.,85061,416,204.47355769230768
813872ad6b3b0cf7fce58b56a39b86ff6d707b59,prysm,2026-05-21T19:03:04-05:00,2026,nogo(nilaway): guard stategen cache states,85061,416,204.47355769230768
c44ff380b0c0e80eff99bdfd00d4981f81ded936,prysm,2026-05-27T05:12:15+08:00,2026,Guard against nil bid in Gloas envelope and log paths,85061,416,204.47355769230768
4c6c502b3c51007d623076c8b31bf38d5274e93b,prysm,2026-06-02T15:28:56+05:30,2026,fix compilation,85061,416,204.47355769230768
5f8eb3eb657127a3f5aeaff52e9ab1e3b794fbb7,prysm,2026-06-04T13:09:24+04:00,2026,fixes for partial data column,85061,416,204.47355769230768
bbf8a68301b06e22bc064d3bfee7d9dd3fb1259d,prysm,2026-06-05T16:35:50+02:00,2026,Fix epoch processing slowdown caused by per validator interface boxing (#16871),85061,416,204.47355769230768
f51eed1921ceea28dc76011b32b4f7fc4fc9ce9a,prysm,2026-06-15T21:03:16-05:00,2026,fixing test,85061,416,204.47355769230768
9fdea85de9c0af0282757169083a7246f322894b,reth,2022-10-05T14:38:05+02:00,2022,"style: cleanup, clippy fixes",93360,456,204.73684210526315
ef76ca2800c845e2335b296f136642db578e77d3,reth,2022-10-06T12:19:03Z,2022,lint & some,93360,456,204.73684210526315
d7c8b70cc3bbc99378d26e7b67916e35265edee9,reth,2022-10-10T12:46:02-04:00,2022,feat: add eth-wire (#20),93360,456,204.73684210526315
c1ac9fc999af03dcf7fd84658a4dee197ac0846c,reth,2022-10-16T18:44:10-07:00,2022,refactor: add handshake error,93360,456,204.73684210526315
ee41dfac358e9e0cf436fe71c35e2606c3592131,reth,2022-10-25T18:47:45+08:00,2022,feat(db): set-up`ChangeSet` tables (#135),93360,456,204.73684210526315
246256c21942488d6e64939e803f1b84a0cf20bb,reth,2022-12-14T16:13:12+02:00,2022,chore: instrument read_ack/read_auth,93360,456,204.73684210526315
2c53ad7523be63d4f069790cb5c45c4e12c3d692,reth,2022-12-14T18:47:11+01:00,2022,feat(net): integrate discovery banlist (#442),93360,456,204.73684210526315
272dcbf0893103f88908ccc11c8bda818829c065,reth,2022-12-15T09:35:37+02:00,2022,feat: parse genesis block from a json spec,93360,456,204.73684210526315
3f9b600112ed493a28e0828833728bfc409e2617,reth,2022-12-15T10:42:18+02:00,2022,feat(sync): download peer penalization (#427),93360,456,204.73684210526315
e0992031a468ee75c74ccd669d4e5c4896bfdaa8,reth,2022-12-16T16:40:58-03:00,2022,Add headers errors and request time metrics,93360,456,204.73684210526315
f499b5151a2873527276412e3291a528a4d5987b,reth,2022-12-16T17:48:54-03:00,2022,Change trace message formatting,93360,456,204.73684210526315
34d6a62e61bbaa5a3d61708c10086662b6bc9368,reth,2022-12-17T21:12:03+01:00,2022,style: traces,93360,456,204.73684210526315
89a204043c3d90c900ab8a04b2cb9df62a9b9dd9,reth,2022-12-20T18:34:28+01:00,2022,Fix storage double values in dup table,93360,456,204.73684210526315
2412edffebc2e6163dc2eef3deacd9101a553380,reth,2022-12-29T17:03:37-03:00,2022,Don't remove trusted nodes on PeerCommand::Remove,93360,456,204.73684210526315
37d9f2352bdf875f6f8494f051f0236d797a2e6f,reth,2023-01-04T23:25:15+02:00,2023,fix(stage-tool): commit for the full range,93360,456,204.73684210526315
6212709a24e90ce159fd911af19de844e0e162c5,reth,2023-01-06T14:40:59+01:00,2023,Remove useless genesis_hash on NetworkConfig,93360,456,204.73684210526315
7aa5e2ae228f6f0d2bef133055c2764c8ae76d00,reth,2023-01-08T18:16:16+01:00,2023,Remove tracking of peers,93360,456,204.73684210526315
c51855882036626ff95e26bada4f70e79f4699c1,reth,2023-01-09T02:28:15+02:00,2023,fix: Fix typos,93360,456,204.73684210526315
b52cecf5f31766431e102c025e02017a0bb17dad,reth,2023-01-09T15:51:49-03:00,2023,Tidy up code,93360,456,204.73684210526315
5e751b6da3e07bddf1da97d3f2f732844362f6b8,reth,2023-01-13T15:27:55-04:00,2023,feat: add admin type namespace to reth-types,93360,456,204.73684210526315
91c76312b74bf16c440ab93d391635280184912b,reth,2023-01-16T14:27:10+01:00,2023,impl concurrent downloader,93360,456,204.73684210526315
7cb4e5bb368c67286b008b5a5929a92791c31e46,reth,2023-01-29T11:43:21+01:00,2023,fix: change append with put. Some nit comments (#1070),93360,456,204.73684210526315
335ca2fb7e279f5a2669fd43b1507e9baeea5452,reth,2023-01-31T16:51:20-05:00,2023,refactor node event handling,93360,456,204.73684210526315
e7e2a790c58322ef0a8eae2f0a833b41925961c6,reth,2023-02-03T13:35:37+09:00,2023,chore: fix `cargo fmt` after commiting suggestion.,93360,456,204.73684210526315
891f8a38eab06441196f054cca6ce95a1491e40e,reth,2023-02-07T13:49:32+01:00,2023,Use ECIESStream,93360,456,204.73684210526315
58f8993f7b190256ab1dbd40fac463e874f20409,reth,2023-02-13T13:41:59+08:00,2023,fix ci,93360,456,204.73684210526315
4e44c176fc7e30e4fe305230c714be37be42c729,reth,2023-02-14T21:14:59+01:00,2023,chore: integrate Boxed TaskSpawner,93360,456,204.73684210526315
8a1075ee38bd3c705b3338e51b2d3700ce966eb8,reth,2023-02-15T10:02:44+02:00,2023,fix(download): propagate body request error,93360,456,204.73684210526315
9e1681ed6b133dec25e0c709131a6be387de1977,reth,2023-02-15T11:06:04-08:00,2023,fix: make `to` inclusive,93360,456,204.73684210526315
c2ee66694ef3b638a336e3bcc8e35f82e8f54a1b,reth,2023-02-17T15:48:51+08:00,2023,Add crunchy,93360,456,204.73684210526315
ab66e4f62621ac0e63f29bfab098638e8f3b4e7e,reth,2023-02-17T17:26:47+02:00,2023,feat(provider): add `TransactionsProvider` and `WithdrawalsProvider` (#1431),93360,456,204.73684210526315
99f2bfe77de81f53aa9be2f0a1d51b0fab7119db,reth,2023-02-20T22:27:33+08:00,2023,feat: rpc Filter type (#1389),93360,456,204.73684210526315
0f836e7e4bc0728ecb55419dc2d5e39855a3544c,reth,2023-02-21T19:23:49-05:00,2023,feat: implement CanDisconnect disc passthrough,93360,456,204.73684210526315
76fe68f720f24def65586c1fe60bd4259ca9632e,reth,2023-03-05T22:23:45+01:00,2023,feat: persist contract analysis in db,93360,456,204.73684210526315
099ca0888520397f09ed9cb68f0bc8423c225424,reth,2023-03-08T15:41:42+01:00,2023,perf: set `perf_analyse_created_bytecodes`,93360,456,204.73684210526315
e40a786b1cb77ac6084100daed67acadd690bac9,reth,2023-03-08T17:57:34-05:00,2023,document latestValidHash behavior based on spec,93360,456,204.73684210526315
a0f195590c5b0bc5d7b32a9f449db80aac7018e7,reth,2023-03-10T18:30:36+02:00,2023,feat(txpool): default transaction ordering (#1704),93360,456,204.73684210526315
4e65930a7bd91b376930108d3dbaa0b006c49b7c,reth,2023-03-13T13:20:57+01:00,2023,refactor(rpc): move revm utils to module,93360,456,204.73684210526315
088a11b45e4d51a28ac7efb555918d94301809e2,reth,2023-03-27T12:16:59-07:00,2023,wip on nibbles encoding,93360,456,204.73684210526315
c5b70f4771825b4a2888306922f64854a30ad3ca,reth,2023-04-12T09:14:01+03:00,2023,chore: clippy (#2197),93360,456,204.73684210526315
7ddbf0ec6b080732234c0784bb0762787828b9db,reth,2023-04-24T13:37:29+02:00,2023,feat: overflow pages panel,93360,456,204.73684210526315
e6a2dffbb1c409c1f48c659b0fabc1a8ecc03b09,reth,2023-04-25T13:58:14+03:00,2023,style: channel names for consensus engine result (#2388),93360,456,204.73684210526315
5955fb394cd6dfee14488b96691281130bd3b81c,reth,2023-04-26T15:40:22-04:00,2023,chore: add blockchain tree and state provider traces,93360,456,204.73684210526315
b55a17b0879d0f1b15237f64d183ef818451b721,reth,2023-05-02T20:35:36+02:00,2023,feat(rpc): support pending block tag (#2524),93360,456,204.73684210526315
8484329eb0f39f8c48698cfc9cfd8f267f82f5ac,reth,2023-05-02T20:58:23-04:00,2023,fix: --p2p-secret-key silently reverts to default location if file is not found (#2498),93360,456,204.73684210526315
78d6fd27fa7bef2f1739d243450eed96822293e5,reth,2023-05-05T22:09:44+02:00,2023,chore(cli): remove `--db` options from cli commands (#2575),93360,456,204.73684210526315
180a0bf4598902906275cea2a77db682efd58de2,reth,2023-05-09T12:08:05+02:00,2023,doc(cli): remove reference to `reth db --db` flag in book (#2612),93360,456,204.73684210526315
13cb3d0f2456d2e8edb52fb924c759c5586d0e39,reth,2023-05-09T16:26:22+02:00,2023,chore: move decode_revert_reason to primitives (#2615),93360,456,204.73684210526315
55ad6d78abf5dc895a659691b4341a620916a037,reth,2023-05-16T12:33:00+02:00,2023,chore(deps): enable tracing default feautures,93360,456,204.73684210526315
337579176daa9a1150351b7f34d371df76b91db4,reth,2023-05-22T15:30:00+02:00,2023,feat: add sealed headers range (#2769),93360,456,204.73684210526315
b3a921f32b78c18cc7837e802e9244664f298383,reth,2023-05-26T19:42:00+02:00,2023,ci: more path shennanigans,93360,456,204.73684210526315
411d2f50285502eaf08817137614a2eb92aa4860,reth,2023-05-29T09:49:14-04:00,2023,check that a header is considered invalid before restoring tree,93360,456,204.73684210526315
1f2c67fe179a9bf4c5b512b38cdf25b476fabbc8,reth,2023-06-11T15:45:20+02:00,2023,block_overrides as Option<Box<BlockOverrides>>,93360,456,204.73684210526315
1417d31f5b97026a81935d84e32ca0865c410105,reth,2023-06-15T13:13:51+02:00,2023,fix: exclude calls to precompiles in call graphs (#3141),93360,456,204.73684210526315
a6d4c8609266b364f921b6f8c3dad007760e857b,reth,2023-06-15T20:51:24+02:00,2023,fix: poll sync controller once if pipeline sync is pending (#3179),93360,456,204.73684210526315
b6fb507adcc5aeb8640daa5cb74197f90dd801b8,reth,2023-06-16T15:42:12+01:00,2023,no acronym sorry clippy,93360,456,204.73684210526315
114b97cb7d7960c3586ef00d377c4a4d04f74feb,reth,2023-06-16T23:35:41+02:00,2023,"fix(rpc): enter,exit functions dont take db object (#3207)",93360,456,204.73684210526315
79152ab8a91dd243bdb3e20138d9e2ad0df7690d,reth,2023-06-21T03:04:33+02:00,2023,refactor: move percentile calc,93360,456,204.73684210526315
b787d09993ddd2d34a199a962bd4a98365a8df76,reth,2023-06-25T15:11:24+02:00,2023,perf: reduce p2p message capacity (#3371),93360,456,204.73684210526315
793838975b528d6151aed5a12d5e0d95c0dd905b,reth,2023-06-30T00:07:31+02:00,2023,chore: put EthPubSubInner in Arc (#3463),93360,456,204.73684210526315
2126c01a4248abb8140f236f3ba6c44bc78f3f56,reth,2023-07-01T13:49:26+02:00,2023,feat(error): add wrappers for `std::fs` methods to track path for errors (#3367),93360,456,204.73684210526315
ab20796596fe574dcb12b9f4cc5651e8ecfc64c9,reth,2023-07-05T16:07:19+01:00,2023,check_tip -> is_pruning_needed,93360,456,204.73684210526315
ce72c2258549d2beb53d11e9d1ca20afbe76160f,reth,2023-07-05T16:13:36+01:00,2023,add node/mod.rs pruner init info log,93360,456,204.73684210526315
64dec6e36bf375a963aba5ca064de7642e452c43,reth,2023-07-05T22:41:21+02:00,2023,ci: remove broken book workflow (#3613),93360,456,204.73684210526315
0b913e22656cf55cafac1f7372b1d87a44c4e950,reth,2023-07-31T14:31:43+01:00,2023,fix(pipeline): clear `MerkleStage` checkpoints on invalid root (#3973),93360,456,204.73684210526315
8f1bc8a799d6f9fe81db42f5948b3507cd2cd2cd,reth,2023-08-02T16:06:57+01:00,2023,feat(pruner): storage history (#4006),93360,456,204.73684210526315
cac4049a0828e869a35a9fe58f67c1b0ff1450d5,reth,2023-08-05T16:00:05+02:00,2023,chore: relax network blockreader trait bounds (#4079),93360,456,204.73684210526315
a671aa4fb6aaca6145d681ce8c7a0134fb6713e8,reth,2023-08-09T19:09:29-04:00,2023,use digest function,93360,456,204.73684210526315
3caba32c48a6745427747fb10712ff77b34ab798,reth,2023-08-13T17:23:25-04:00,2023,Revert #63,93360,456,204.73684210526315
99d522da6f5c1ef98ef80574732e976823e9ce39,reth,2023-08-17T22:43:08-04:00,2023,Allow miner to reorg and `no_tx_pool` round 2,93360,456,204.73684210526315
329c9beb503242f76baad404ca3bd4e14fbe57d1,reth,2023-08-18T13:35:56-04:00,2023,implement PooledTransactionsElement::signature_hash,93360,456,204.73684210526315
2a58748e1b8b30facc33c26d3a91944199cbbf13,reth,2023-08-22T15:20:10+01:00,2023,feat(bin): expose db.table_entries metric,93360,456,204.73684210526315
2dc300c77eea5f87cc8b3327dee059a49fa08cb4,reth,2023-08-27T07:57:39-07:00,2023,Fix halt,93360,456,204.73684210526315
5d971d626f437312fbe6496dc1c2c102054d1bc2,reth,2023-08-27T13:29:36-07:00,2023,chore(deps): weekly `cargo update` (#4374),93360,456,204.73684210526315
8397a135e1391864a16a27956f4ffedc6e352944,reth,2023-08-29T13:29:14+01:00,2023,lint fixes,93360,456,204.73684210526315
90e849a772dbca6e93ca2ee7089742d8d0ed080c,reth,2023-09-04T15:32:23+03:00,2023,chore(executor): optional first block,93360,456,204.73684210526315
fa1b0d14b1617cd5b74bf50d14ec7a37c1f9e45c,reth,2023-09-04T19:08:10+02:00,2023,chore: rename var,93360,456,204.73684210526315
f5dd96d1a6c12ed2e1246d409ad050d47a438310,reth,2023-09-11T10:27:15+02:00,2023,feat: move storage wiping,93360,456,204.73684210526315
2fa2798a70bb524330fb516476709767b704f4be,reth,2023-09-11T19:44:36+02:00,2023,feat: add blob tx replacement overdraft check (#4534),93360,456,204.73684210526315
e77c383d5ee6d838538991709959f8f7cfda595d,reth,2023-09-19T14:54:00-04:00,2023,fix: deny unknown payload fields,93360,456,204.73684210526315
6464b72811b9b4601e7ad3baa1d9ecc0cc0b0e20,reth,2023-09-20T01:38:12+02:00,2023,fix: convert SpecId::Cancun to cancun precompile id (#4675),93360,456,204.73684210526315
7a5b6312731dcfd075aeaf38d8f18f087b958d69,reth,2023-09-21T18:52:32+01:00,2023,feat: add `nippy-jar` format for snapshots (#4512),93360,456,204.73684210526315
51521b37d354543e74afeec3016a05b87f8e7c93,reth,2023-09-25T17:43:44+01:00,2023,feat(docs): mention brew tap in release.md (#4768),93360,456,204.73684210526315
08dee49fed4e98c83f3aaf3509e5caca4cbac210,reth,2023-09-28T15:46:00+01:00,2023,feat(engine): poll running hook between CL messages,93360,456,204.73684210526315
d144fcfd1cde9994af823532e0f0690da9b04641,reth,2023-09-28T20:56:35+02:00,2023,use struct for best transactions attributes,93360,456,204.73684210526315
81924236642c556fbc1a170f934bc47f1c782e62,reth,2023-10-03T12:47:27Z,2023,add max_row_size,93360,456,204.73684210526315
9c9c0456ff73d2fd7578229660b2321d049a8c5c,reth,2023-10-03T12:54:27Z,2023,add doc,93360,456,204.73684210526315
06bd8a70277d33630b847c24497c39fb605410ea,reth,2023-10-05T21:09:30+02:00,2023,feat: add ipc path to config (#4920),93360,456,204.73684210526315
a9fa281816e02c1ba936c65b290b4d20fcf83a6b,reth,2023-10-27T18:47:41+01:00,2023,feat(storage): database/transaction/cursor metrics (#5149),93360,456,204.73684210526315
14a4fc52bc423618b0bcc48c74e289933e918f47,reth,2023-10-28T09:35:14+02:00,2023,move blockhash or number,93360,456,204.73684210526315
a84c6ad1bf70568d6b6d36cb324f68f7922a2856,reth,2023-10-31T23:55:35+05:30,2023,Add missing beacon API eventstream-types (#5200),93360,456,204.73684210526315
390ce142a6ba4799871463786c80e0160c5b801a,reth,2023-11-03T16:24:51-04:00,2023,chore: add basic downloader empty response and exceeding limit tests (#5286),93360,456,204.73684210526315
8239fb110b58caaea4478b865de1a7ff8f44640e,reth,2023-11-06T18:27:40-05:00,2023,add geth comment about blob eviction policy,93360,456,204.73684210526315
d762d2d9f77a1ab6e26afa2f708e2dc5e9c1bf5e,reth,2023-11-07T12:58:36Z,2023,"feat: downgrade trie debug logs to trace, cleanup debug logs more (#5285)",93360,456,204.73684210526315
881a284f7f0ef6b64164d9206a417b2acd7d10ac,reth,2023-11-09T13:32:56+01:00,2023,chore: fix a bunch of features,93360,456,204.73684210526315
81cc2e39aa452e1ba7a29aa1f0557a05dbeb0a02,reth,2023-11-09T16:03:34+01:00,2023,fix docs,93360,456,204.73684210526315
68bcb164b59aa4bdcb7d72f9daa6ee43d209e410,reth,2023-11-11T13:49:49-08:00,2023,Update disk.rs,93360,456,204.73684210526315
820740135958dc00998d71ac7fa5485a02b9c499,reth,2023-11-15T11:43:45-08:00,2023,feat(bin) : refactor auth_jwt_secret function (#5451),93360,456,204.73684210526315
e0c38105578f87391b851b29b53a1f389b95fa75,reth,2023-11-15T18:02:52+01:00,2023,chore: some blob reinject improvements,93360,456,204.73684210526315
b2b22936ef594a3b2b9043982c0ac21e4e7c78e6,reth,2023-11-20T13:32:37+01:00,2023,chore: preallocate buffer for rlp (#5494),93360,456,204.73684210526315
2624f4667587e69258e88b2b28975d0ec11eafb5,reth,2023-11-24T04:04:45-08:00,2023,feat(rpc-testing-utils) : implement debug_traceCall JSON-RPC method (#5418),93360,456,204.73684210526315
f9d2f99a170ad9956545d88096845b59af819961,reth,2023-11-29T08:32:53-08:00,2023,Update mod.rs,93360,456,204.73684210526315
320deb6a439d78efd9bc0dead6d6520e75a36f0e,reth,2023-11-29T16:52:48+01:00,2023,chore: add more payload tracing (#5624),93360,456,204.73684210526315
35a5602ec7335651be2eea0db466b3c728989f24,reth,2023-11-30T12:27:40+01:00,2023,ci: run other targets,93360,456,204.73684210526315
be68b780ee526dd8665f8b8744a89007ab66469a,reth,2023-12-01T18:49:14-05:00,2023,use proper constants in payload builder args default,93360,456,204.73684210526315
1eaa3ed5a5bcdd67852a05bd3b932316d3a8637d,reth,2023-12-15T13:00:28+01:00,2023,chore: add reorg metrics to grafana (#5774),93360,456,204.73684210526315
c22ae7dbad6acbe0b872b59dad4e886ad735658b,reth,2023-12-27T00:44:22+01:00,2023,add sanity_check method for block header,93360,456,204.73684210526315
d8db1d57f764b8b9876c58fac013387901d55b85,reth,2023-12-29T11:18:47+01:00,2023,feat(crates/consensus/common): refactor lint configurations,93360,456,204.73684210526315
541fe450b2c1e84d2761743c0321afe4d3b13cd9,reth,2023-12-29T13:43:29+01:00,2023,chore: migrate to jsonrpsee 0.21,93360,456,204.73684210526315
1223895466e4a47d7537bccdf7a9aeb23e16d27f,reth,2024-01-31T13:03:03-05:00,2024,feat: separate node-builder crate (#6302),93360,456,204.73684210526315
e4dd02ffd15f0a0906a4c1ab39238f23e1575f8d,reth,2024-02-01T10:53:12Z,2024,feat(primitives): remove snapshot block interval from chain spec (#6312),93360,456,204.73684210526315
6b124172cc82201e1251633f1aca5bdcfaa413aa,reth,2024-02-02T20:29:34+05:30,2024,nit: fix docs,93360,456,204.73684210526315
1a1ec9e14fb8e0fc786cbb911ebb822ee23fee7c,reth,2024-02-05T17:43:24+01:00,2024,release: v0.1.0 alpha.17,93360,456,204.73684210526315
eb1cafa40dfdf9fa89067650aaa72d223357ce2c,reth,2024-02-13T15:35:17+01:00,2024,chore: simplify networkbuilder (#6580),93360,456,204.73684210526315
fdf53b1f9a5aed03cf751f384450bbe69c4333a5,reth,2024-02-13T23:51:38+01:00,2024,feat: declarative builder v2 (#6447),93360,456,204.73684210526315
d43c57976f3208589d30f6549c0315f381602ea1,reth,2024-02-17T05:51:08+02:00,2024,warnings,93360,456,204.73684210526315
1035566fcfb15881bfdadd8f204aa7e6243b8525,reth,2024-02-17T21:35:29+01:00,2024,Update crates/net/discv4/src/lib.rs,93360,456,204.73684210526315
ed189f1858e3f74e99d01176fc24ac47e1f1a425,reth,2024-02-19T15:39:23Z,2024,merge,93360,456,204.73684210526315
4cdec90ffc23a4a15f54e16d1957304608ff9db8,reth,2024-02-20T13:58:32Z,2024,feat: add `debug!` log on static file commit times (#6692),93360,456,204.73684210526315
300336465c5efacd360225a9a1d39fbf03ff28bc,reth,2024-02-23T19:29:09+08:00,2024,replace `#[async_trait]` with native async trait for trait `Resolver` (#6751),93360,456,204.73684210526315
4d8ff94e9069ef59dcbdf0aa5dea7f3f496918a6,reth,2024-02-28T16:22:37Z,2024,remove unused imports,93360,456,204.73684210526315
431a7ef94b34de2c54d3dd9a7af8afaf2b3b8faa,reth,2024-02-28T16:54:16+01:00,2024,chore(node-builder): make network component unpin (#6849),93360,456,204.73684210526315
f1edb6ab5f6ee610acb3d1faa21d34a0c6407b0e,reth,2024-02-28T16:54:16+01:00,2024,chore(node-builder): make network component unpin (#6849),93360,456,204.73684210526315
e42fb32c7fb6fc570b043686622e82dfaedd7005,reth,2024-03-06T14:30:18+01:00,2024,ci/test: speed up tests (#6987),93360,456,204.73684210526315
193d8817e060bcb0036f823a7d7af469a23f0b54,reth,2024-03-17T23:38:49Z,2024,chain/spec: more functionable,93360,456,204.73684210526315
c83ccb1aba6c3c976275fc41d5e79c8dab759640,reth,2024-03-18T21:32:24+01:00,2024,skipping optimism for eth test,93360,456,204.73684210526315
74b45a0bb810276ce67c3a7c7ee87cd5ffd97047,reth,2024-03-19T00:42:52+01:00,2024,Small refactor,93360,456,204.73684210526315
d86d4d2380f8f224fd1172162a18db364e326c96,reth,2024-03-19T17:57:28+01:00,2024,fix: enforce max inbound == 0 (#7229),93360,456,204.73684210526315
0d5fbb65817e987131ab813fccc5be68c26fbd6f,reth,2024-03-26T14:07:16+01:00,2024,add comments,93360,456,204.73684210526315
0e4693c8deffc3716d88eb06f77c031acabe5069,reth,2024-03-27T20:42:28+01:00,2024,fixup! Remove generalisation of conversion from enr to node record,93360,456,204.73684210526315
d1a4164b32e4c86dac9f0abcac1691f52dfd986a,reth,2024-03-29T22:58:35+01:00,2024,Fix syntax,93360,456,204.73684210526315
dbc4f08f2c2b7e9ca0a0efa4dec6a6aedfce8c60,reth,2024-04-03T19:23:28+02:00,2024,fix: race condition in test setup,93360,456,204.73684210526315
0a9e3cd25b1e2d40c80c988ab7580d56b4672be4,reth,2024-04-03T22:19:37+01:00,2024,fix(pruner): highest pruned block metric (#7441),93360,456,204.73684210526315
67cfb06fbbfb06e5d74db3e56cea9abd898a0730,reth,2024-04-05T18:02:05+02:00,2024,chore(deps): migrate to jsonrpsee 0.22 (#5894),93360,456,204.73684210526315
dbcac0a00b5e6f742587c0209f99f0479692723d,reth,2024-04-09T15:54:06+01:00,2024,"auto impl Arc, & and Box for StateProviderFactory",93360,456,204.73684210526315
6c633e9338ec93dd9cda9ccada52fdc2a43c7120,reth,2024-04-09T17:56:54+02:00,2024,chore: use builtin optimism fn (#7522),93360,456,204.73684210526315
4eaeddbb4bbb793dfedfe586d0bf99ae1c8f3a71,reth,2024-04-15T10:54:26+02:00,2024,Activate optimism feature for dep,93360,456,204.73684210526315
48cda04f74ec25fe764414f59b4c26094011078d,reth,2024-04-20T10:16:47+02:00,2024,fix: use `ReusableBoxFuture`,93360,456,204.73684210526315
99578e0f9d9939a964d3953452d2241115f9df22,reth,2024-04-21T00:29:48+02:00,2024,Small compilation optimisation,93360,456,204.73684210526315
612cfcbc9c81c632bc2e3d132d12d015e6f1f796,reth,2024-04-22T11:46:12+02:00,2024,Implement `try_from` rpc tx for `TransactionSignedEcRecovered` (#7752),93360,456,204.73684210526315
468035d9156d8a25f23792d6cf0f02114099604c,reth,2024-04-23T11:01:55+02:00,2024,touchups,93360,456,204.73684210526315
7dcb2a41989f1057624f912cfa1014d843f7e126,reth,2024-04-29T12:30:49+02:00,2024,chore: mode node-builder to node dir (#7952),93360,456,204.73684210526315
f42732184a9cd775fdd94a9442ca12415cd4c89e,reth,2024-05-01T13:39:00+02:00,2024,chore: remove redundant suffix in ChainPath methods,93360,456,204.73684210526315
0d95687cbdbb990891443db75d06a91948016586,reth,2024-05-02T18:05:40+02:00,2024,rm into,93360,456,204.73684210526315
7cd9938fe19cff703a4f7ed081858976f349e0b4,reth,2024-05-03T13:44:04+02:00,2024,iterate over ancestors in the invalid cache to find valid ancestor,93360,456,204.73684210526315
d01996103bcba6efa6b2eadcd587d444d0fcfe65,reth,2024-05-04T22:04:34+05:30,2024,replace U64 fields with primitive u64  (#8099),93360,456,204.73684210526315
e06334a2ed56c4d4b74c3d4bc2eb5642e741b77c,reth,2024-05-11T16:49:30+01:00,2024,add NoopBlockExecutorProvider,93360,456,204.73684210526315
d536488af028b29cf505f641dc0c834144699913,reth,2024-05-15T10:49:57+02:00,2024,chore(rpc): cleanup rpc-layer,93360,456,204.73684210526315
d7f4d135db3e426996792508ebc972a226ead2d4,reth,2024-05-19T14:15:24+02:00,2024,fix tests,93360,456,204.73684210526315
9e98de0d24fef842da451816319c3e2bc987bb8d,reth,2024-05-22T08:59:00+01:00,2024,update comment,93360,456,204.73684210526315
329634256a9d2ddadc07b0a73e29bb9a3a7867cf,reth,2024-05-28T18:04:46+02:00,2024,chore: move generators module (#8429),93360,456,204.73684210526315
72b5b858e8735dfa1c954e1613e7347d6d96d310,reth,2024-05-29T11:08:54-04:00,2024,feat: kona execution extension,93360,456,204.73684210526315
65232a9bfdd6be4d0b53c471ec0763cf63c2cd86,reth,2024-05-29T18:11:39+02:00,2024,access not env for StaticFileAccess var,93360,456,204.73684210526315
5593ecb4b0f088f71ce9662ea16c735b9793e7a9,reth,2024-06-03T16:37:12-04:00,2024,make clippy docs happy,93360,456,204.73684210526315
568b06600103a18410ce438661d91bb63b13f377,reth,2024-06-04T13:00:32+02:00,2024,docs,93360,456,204.73684210526315
b15254a59d6da8a0494d9c7d51093e60fe6daf37,reth,2024-06-04T17:31:28+01:00,2024,Update crates/rpc/rpc-engine-api/src/engine_api.rs,93360,456,204.73684210526315
cea088dd8a0a4048089357637788632cc955e0f9,reth,2024-06-08T17:55:46+02:00,2024,chore(rpc): pending block helper trait (#8640),93360,456,204.73684210526315
3a8baa0106d6792a72a88a96ed647a4c4b182de0,reth,2024-06-10T19:39:52+03:00,2024,feat: --debug.etherscan for fake consensus client (#8082),93360,456,204.73684210526315
4fa5d689095f84ebadae469191c0623a71217953,reth,2024-06-14T21:24:20+02:00,2024,feat: add some utils to `EvmOverrides` (#8848),93360,456,204.73684210526315
8a9591155cbb53a202066a02b1556ab858157d86,reth,2024-06-18T11:05:59+02:00,2024,chore(deps): bump docker/build-push-action from 5 to 6 (#8910),93360,456,204.73684210526315
9092c112c27cb5a41fe902c965c8afb187fe6e94,reth,2024-06-25T11:36:54+02:00,2024,chore: simplify OptimismGenesisInfo extraction (#9031),93360,456,204.73684210526315
1d1fb797e237cd856334991e9260e043225b94d5,reth,2024-06-26T13:31:30+01:00,2024,feat(ci): update GPG key in release workflow (#9121),93360,456,204.73684210526315
44d0a4ccc9c62ada2cd13aa3c4bcdf1eeac2c4a9,reth,2024-06-27T07:29:45+04:00,2024,fix lints,93360,456,204.73684210526315
e3c0ae27b4ff2030e59f3cdaaeb82a9425b6e731,reth,2024-07-02T12:19:11+02:00,2024,fix cargo docs,93360,456,204.73684210526315
b5ab0345c03c6a6f35391328a7e260a11c899d63,reth,2024-07-03T09:43:28+02:00,2024,fix test,93360,456,204.73684210526315
3f8453ba2a4bef67d3c6cdda1d6abbf8562b00a3,reth,2024-07-03T20:58:11+02:00,2024,fix: evaluate build_profile_name at compile time,93360,456,204.73684210526315
1810bc25b7a72de7b913d75b0d257bbd9284a13d,reth,2024-07-12T19:12:33+01:00,2024,feat(primitives): re-export EIP-7702 types (#9481),93360,456,204.73684210526315
7b104f4e5c312f5ef1e1a538195b3e2bb4bde680,reth,2024-07-14T18:31:03+02:00,2024,fix naming,93360,456,204.73684210526315
11d008cf5000d10b7a5dc94a8a52778fb9bcd27f,reth,2024-07-16T18:00:13+01:00,2024,fix doc,93360,456,204.73684210526315
21807a691ee443f42253e557d9e152ed89322c13,reth,2024-07-16T19:02:36+02:00,2024,chore: more reth-codec cfgs (#9547),93360,456,204.73684210526315
6131fb14db15192778257fd30e531a4edf8600b6,reth,2024-07-16T22:18:49+02:00,2024,fix compat,93360,456,204.73684210526315
db16d9a5a786fdd7474abd37a407c97a45308de3,reth,2024-07-20T11:08:34+02:00,2024,chore: rm redundant event variant (#9668),93360,456,204.73684210526315
9cb066fc4130e40f409c54b559bbc8200372bce5,reth,2024-07-22T11:45:56+02:00,2024,feat: add disconnect block handling skeleton (#9693),93360,456,204.73684210526315
cd848f142ca0fdbd8276b124a6de6784252d4c46,reth,2024-07-26T12:47:48Z,2024,chore(evm): rm block execute stats,93360,456,204.73684210526315
f7fa07815dc8c3ecc71d6ee4b5480da0517cfa9b,reth,2024-07-27T16:25:43+02:00,2024,Update db.md,93360,456,204.73684210526315
6bab628f2d112efc472b22fcff551631ec0eb05a,reth,2024-08-01T16:00:38+01:00,2024,"chore(net, primitives): use `derive_more::Display` more",93360,456,204.73684210526315
a8eba02791d2409d81bf58b6ed66a7025b239c1f,reth,2024-08-02T14:59:15-07:00,2024,cleanup: removing #[source] from variants,93360,456,204.73684210526315
9d14e9afa128f3d4c0b6eeb1ee6a39898ab00622,reth,2024-08-05T14:17:06+02:00,2024,clean up,93360,456,204.73684210526315
8a54d0188e03c2ec3420c2dacab09a37dceedc45,reth,2024-08-06T21:19:49+02:00,2024,feat: keep sender in tree task (#10148),93360,456,204.73684210526315
880bbca1b8b90fb3cb3be6831bb31544f8229cf7,reth,2024-08-08T09:07:30+08:00,2024,chore: derive serde traits,93360,456,204.73684210526315
b090c3058af68507725096c62dfb8af160294bd0,reth,2024-08-08T12:27:21+08:00,2024,feat: make additional validation tasks size configurable,93360,456,204.73684210526315
4e19e5364ce274dd42893b5543821c2e86acbd2c,reth,2024-08-09T12:57:53-06:00,2024,added lowest and highest to RangeLookupResult enum,93360,456,204.73684210526315
cc549be8a39e70fc5dad10e5352aa70b1cdf9ef5,reth,2024-08-09T18:35:54Z,2024,on_new_head takes into account block height,93360,456,204.73684210526315
c439f16a157b6eede4f01a13e8c2228c835676d7,reth,2024-08-10T07:50:13-07:00,2024,typo: replace [Block] by [],93360,456,204.73684210526315
c960a026f3f6e3699c135dbaa10d64ac7e91f6b3,reth,2024-08-13T11:27:05-07:00,2024,docs & implement for bundle state provider,93360,456,204.73684210526315
6c468af255fa68719c5b6d4fa0ac70a11981e0ed,reth,2024-08-16T11:32:15-07:00,2024,disable repuation slashing,93360,456,204.73684210526315
b691d99861b6e47e454e94eb29dd2685c7a7ea74,reth,2024-08-19T12:49:14+02:00,2024,fix comment on KECCAK_EMPTY,93360,456,204.73684210526315
6d47f665f1b7810ef50db048746ac741f49c9766,reth,2024-08-20T10:22:27Z,2024,"modify client from workflow, remove separate run simulator script for experimental",93360,456,204.73684210526315
653f30b4ed5dc995122474ad483af008385a406d,reth,2024-09-05T23:14:45+04:00,2024,refactor: relax bound on `NodeTypesWithDB` (#10720),93360,456,204.73684210526315
a996eea94aee6d181fcb55232654c1accef4f1ae,reth,2024-09-05T23:14:45+04:00,2024,refactor: relax bound on `NodeTypesWithDB` (#10720),93360,456,204.73684210526315
c3eabe1126ab9388da3b1b3580c2d6994d6c8cb0,reth,2024-09-06T15:24:23+01:00,2024,feat(exex): subscribe to notifications explicitly (#10573),93360,456,204.73684210526315
a0b5cfdf282923f6367e82d3b7bf3aed82de2193,reth,2024-09-09T16:07:00+02:00,2024,Move LoadReceipt::build_transaction_receipt default impl to impl for EthApi,93360,456,204.73684210526315
288165345e81ce1306c436cea7dadf079261d98b,reth,2024-09-10T15:07:47-03:00,2024,Add recipts vector to extra telos fields struct,93360,456,204.73684210526315
2cd249a3bcec51df78200edfca241fdafb8ad3b8,reth,2024-09-13T23:36:22+08:00,2024,fix,93360,456,204.73684210526315
0e11919b863e4d265ef77f72ee63d649da53c288,reth,2024-09-14T05:49:36+04:00,2024,--rpc.max-simulate-blocks,93360,456,204.73684210526315
e303dd5813f285c89af35509d2d4a27d836dedfb,reth,2024-09-18T18:50:21+08:00,2024,chore(e2e-test-utils): replace reth_primitives with alloy_primitives,93360,456,204.73684210526315
83177bcea24518c9041ca7362d6286f47d7d7752,reth,2024-09-23T20:01:19-07:00,2024,Fix lint,93360,456,204.73684210526315
9df2d6f2a204499244db8867681e0dd0a56edc3f,reth,2024-09-25T14:39:23+02:00,2024,fix deps,93360,456,204.73684210526315
174be3117ad46f0f63d77c108bf23a1959b30689,reth,2024-09-26T16:27:53+03:00,2024,fixes,93360,456,204.73684210526315
50461281e765efa808e6ce26a27fca33a16c00c5,reth,2024-09-28T18:48:17+08:00,2024,chore(blockchain-tree): replace reth-primitives with alloy-eips (#11276),93360,456,204.73684210526315
1eee839c369f635b958294fe07d4c31be71a230e,reth,2024-09-30T22:57:31+02:00,2024,Fix deps,93360,456,204.73684210526315
5d50fbc5ff56e9f46f06dec450673a2605bd9422,reth,2024-10-03T15:04:48+02:00,2024,swap order,93360,456,204.73684210526315
aec0fbf4b6dc12a6f6eea1c0f26dfe6f9da07e7f,reth,2024-10-09T18:40:48+02:00,2024,chore: bump op-alloy (#11617),93360,456,204.73684210526315
2c3c05544dbaf75160de35c27639cf66b30e72a2,reth,2024-10-10T17:09:51+02:00,2024,Define trait FullReceipt with super trait Compact,93360,456,204.73684210526315
c4411991e1e5a10f2cfe99056b650557f4da62fb,reth,2024-10-11T11:45:44+02:00,2024,feat: add override for additional_validation_tasks (#11655),93360,456,204.73684210526315
c218629aa3e4a2812d883ca32152edc54a8d48d7,reth,2024-10-21T17:52:39+01:00,2024,test(trie): narrow the range of keys for sparse trie fuzz,93360,456,204.73684210526315
a554f9812f5cea2353e936d92486edc856c6d8b5,reth,2024-10-21T17:56:21+01:00,2024,fix(doc): path to manager & context,93360,456,204.73684210526315
83bcfc4946102fd1d12b2bf4febe523532ee5651,reth,2024-10-29T13:18:12Z,2024,feat(storage): pass changesets to unwind methods (#7879),93360,456,204.73684210526315
279fe00e7ed5c615da80d4820fe726197ab534f6,reth,2024-10-29T13:52:39-04:00,2024,fix suggestions,93360,456,204.73684210526315
8bca17c5e2d6454aa7a79de62322a26a85399d98,reth,2024-10-30T10:38:59+01:00,2024,gate metrics import,93360,456,204.73684210526315
b10e4d68695bedaae7313c23ee8c2efc54a9b853,reth,2024-11-01T14:19:47-06:00,2024,renamed OptimismExecutorBuilder to OpExecutorBuilder (#12258),93360,456,204.73684210526315
f2de55d8fe4988e8580c18a8302d642ce87a031d,reth,2024-11-02T13:16:08+01:00,2024,chore: make some fields owned (#12274),93360,456,204.73684210526315
f5f5cb295630bfdd7005a1501ac33d8d407e2043,reth,2024-11-06T19:01:39Z,2024,add new `PayloadTransactions` trait,93360,456,204.73684210526315
f86efcc800b4e8f0884b76cd9960dc9f584aae31,reth,2024-11-09T08:29:27+01:00,2024,chore: clippy happy (#12419),93360,456,204.73684210526315
0cfe06274a64e7e46656a411e38ea9e9e74a91de,reth,2024-11-11T13:14:21+01:00,2024,Make Receipts generic over receipt,93360,456,204.73684210526315
d6c88257985b4d2ddc28a21dec3ede5247950808,reth,2024-11-11T18:27:07+07:00,2024,chore: remove semicolon,93360,456,204.73684210526315
d0fd96dfc1c9f23bf67538149ca980bb2b3ae998,reth,2024-11-11T19:00:57+07:00,2024,chore: move `new_payload_v2` into type EngineAPI (#12431),93360,456,204.73684210526315
b5f7eca72f80ffc26602e962a37b7b79b797de1a,reth,2024-11-12T11:38:00+01:00,2024,chore(sdk): make `ExecutionOutcome` generic over receipt (#12448),93360,456,204.73684210526315
03edc71aca71c15e4abd1380e881c0eb7de7769b,reth,2024-11-12T22:13:17+01:00,2024,primitives: rm alloy Withdrawal reexport,93360,456,204.73684210526315
5238a0c64eec7151854d8a6029534d24b92ba02c,reth,2024-11-14T15:15:45+01:00,2024,Remove redundant trait Body,93360,456,204.73684210526315
20a43dd2786b830f311861a8e712fbebfa6fb0b2,reth,2024-11-14T18:46:44+01:00,2024,chore: use crates directly in eth-wire,93360,456,204.73684210526315
fd1c6acc4f91db7fc57942791551bacda1325080,reth,2024-11-15T19:43:41+05:30,2024,nit,93360,456,204.73684210526315
572e93c96226ec02863157247effbf3b37e86e21,reth,2024-11-18T14:58:31+01:00,2024,feat(engine): introduce sync implementation of StateRootTask (#12378),93360,456,204.73684210526315
626b1f8dcdd376afdf9102e004285737454a8ed4,reth,2024-11-19T23:42:21+07:00,2024,fix review,93360,456,204.73684210526315
f9d32957a3954dc63f8d91e131181a7c7693973f,reth,2024-11-20T17:02:02+01:00,2024,fix: use correct timestamp for op receipt (#12716),93360,456,204.73684210526315
c73dadacb2c0d324c17fa690807a0f77722e6ed2,reth,2024-11-21T19:20:29+04:00,2024,refactor: unify code paths for trie unwind (#12741),93360,456,204.73684210526315
09cd2de1569d4fc04ec4a5b15b76f3919a163795,reth,2024-11-27T19:36:29+04:00,2024,fix,93360,456,204.73684210526315
737c0df3501c18ecbd7c5b80fbd6d1e51b19a45d,reth,2024-11-28T10:51:11+08:00,2024,feat: calculate state root in background,93360,456,204.73684210526315
2398a00ec06a094577ac6a2b00122649e7249d17,reth,2024-11-29T14:09:42Z,2024,fix(engine): already fetched proof targets filtering,93360,456,204.73684210526315
ba6aee05a7556022a89a4f0d60033add4cc56531,reth,2024-12-02T11:17:03Z,2024,make the args on builder optional instead,93360,456,204.73684210526315
75e3729ee6a84f737e390448f79fe4f54ac9fc1c,reth,2024-12-04T17:35:56-05:00,2024,chore: fix doctests,93360,456,204.73684210526315
08c9df8cb37300b45fdc107fe37163f04429e833,reth,2024-12-05T11:15:03+01:00,2024,chore: bump pprof (#13148),93360,456,204.73684210526315
35f5e72b95883e667c7ccd05f016b099360a8afb,reth,2024-12-05T15:56:17+01:00,2024,docs,93360,456,204.73684210526315
f7a3476046a0fd5d8063a6a191c661c1cf0fc28c,reth,2024-12-09T11:40:43+01:00,2024,chore(engine): simplify StateRootTask creation and hook management (#13213),93360,456,204.73684210526315
debcb2a1e1b81c37be8a29689d7aae7eed15c7cc,reth,2024-12-09T15:14:45+01:00,2024,fix: deny advisory RUSTSEC-2024-0421  (#13227),93360,456,204.73684210526315
76f2d33fa3bee100da80970be16895a229180a8c,reth,2024-12-11T01:01:50+04:00,2024,wip,93360,456,204.73684210526315
36568a21ea86825ab24b92d07fd1ac3475ea5e8d,reth,2024-12-11T19:47:31+04:00,2024,fix,93360,456,204.73684210526315
8c40ba3a3c1145889de466df3c45fd86439d4361,reth,2024-12-13T13:58:40+01:00,2024,chore: rm pooledtx element type (#13286),93360,456,204.73684210526315
c51719a7734ecd7dc582aefeac0eab2864c1968b,reth,2024-12-14T10:51:02+01:00,2024,perf: rm redundant lookup,93360,456,204.73684210526315
7d753687e1608cbd683af7ea36e3b74c852f383c,reth,2024-12-14T21:21:42+04:00,2024,chore: make ensure_well_formed_payload generic over transaction (#13404),93360,456,204.73684210526315
d217c67129c2632e382fe7ac67fbbb2ee94095ee,reth,2024-12-20T16:21:09+02:00,2024,ci: don't run codspeed in merge_group for now (#13483),93360,456,204.73684210526315
93e616e58df2ef64410bf09393dbc6a93a6234ab,reth,2024-12-22T20:14:01+01:00,2024,chore: rm evmenvprovider trait,93360,456,204.73684210526315
821ce31a7e4a5f838694938cd1ac6dcce26f2cad,reth,2024-12-29T14:07:00+01:00,2024,chore: move payload builder types to standalone mod,93360,456,204.73684210526315
1949c9170584d1c42b2b4b51b9f82d7b1ad659e9,reth,2024-12-31T10:30:15+01:00,2024,feat: use alloy block types (#13518),93360,456,204.73684210526315
8f854cbbb6e410e7d6776f3ff1fa46fcb312cbb5,reth,2025-01-03T22:57:59+07:00,2025,feat: merge BlockBodyTxExt trait into BlockBody (#13613),93360,456,204.73684210526315
72eabe057900877d5f9af7df711eeb4b616cb486,reth,2025-01-04T18:04:40+01:00,2025,chore: replace trie-common dep with alloy-trie (#13652),93360,456,204.73684210526315
1abfcdabc1ce59d1cd3e4e30d90b6a3f575895d7,reth,2025-01-05T13:16:59Z,2025,chore(deps): weekly `cargo update` (#13657),93360,456,204.73684210526315
a42838835a2a2c19345ecf5c0971138e4ac26e3f,reth,2025-01-07T21:02:15+01:00,2025,feat: add standalone rayon recovery functions,93360,456,204.73684210526315
35f8220abfe3570c2256b713e39837c15061b3b4,reth,2025-01-08T10:40:22+01:00,2025,feat: `SparseStateTrie::reveal_witness`,93360,456,204.73684210526315
cd750303963585f1ca758df4d60a4c09ae3edfeb,reth,2025-01-10T15:46:09+01:00,2025,make it compile,93360,456,204.73684210526315
4001c3e301edb7dd7ce57d7fd7e405d79c9d6bc2,reth,2025-01-17T13:12:20Z,2025,feat(trie): log elapsed time for proof blinded providers,93360,456,204.73684210526315
7eebf0f706e123eec4c86ae729285eeb7657df0e,reth,2025-01-17T17:31:39+01:00,2025,fix(engine): cleanup leaked context,93360,456,204.73684210526315
0cd63cdf4b605dcf736f8d36b736137a1217a8a2,reth,2025-01-24T19:28:02+01:00,2025,test: reenable `test_state_root_task` test (#13911),93360,456,204.73684210526315
07849b3eec9ba4ca3e2f5b5c125d547609d829b0,reth,2025-01-29T14:12:35Z,2025,move to const,93360,456,204.73684210526315
e72836157be687a8b3f5e8980ff6eada69224cc1,reth,2025-01-30T19:48:35-05:00,2025,feat(cli): add use-caching-and-prewarming flag (#14114),93360,456,204.73684210526315
a8a3b344695b9797ccf34a173c95e3c927c80d98,reth,2025-01-31T12:14:12+01:00,2025,clippy,93360,456,204.73684210526315
19528e1ab90e8afc26d4c8b09b1b8a55a317552d,reth,2025-01-31T19:51:16+07:00,2025,feat: remove transaction_to_call_request helper fn (#14089),93360,456,204.73684210526315
3a31c6b9a953fd475382d1c268b4350f250011d4,reth,2025-02-04T19:09:37+01:00,2025,Remove redundant function to commit l1 withdrawals from op,93360,456,204.73684210526315
4ae4dcbb7984a3bea557b24ecef82dc2765fa73d,reth,2025-02-07T01:10:12+01:00,2025,chore: rm todo (#14289),93360,456,204.73684210526315
c3762578d7f81fd3de1cfc4aea7a66d1cf8bbec8,reth,2025-02-08T23:51:45+01:00,2025,Update log.rs,93360,456,204.73684210526315
3b38ace04322f51a5bdf846e79a8563adad578b2,reth,2025-02-10T11:05:48+01:00,2025,feat(engine): invalid block event,93360,456,204.73684210526315
0cbd3d2b44aef1adca063c96a8d883ccb3e1033f,reth,2025-02-10T17:56:04+01:00,2025,add from impl,93360,456,204.73684210526315
7b3c71f1cb730b99838b5bae3511c181e82fcaa4,reth,2025-02-12T09:56:15+01:00,2025,chore: use reth-ethereum in example (#14409),93360,456,204.73684210526315
b3a5ed84a737bb7ee3c3e01d6562dee5475a687c,reth,2025-02-12T16:09:06+01:00,2025,Fix sealed header for op mainnet,93360,456,204.73684210526315
7ef8ecd95363230ccadb88fabddc0ff2ad6eddcb,reth,2025-02-17T20:40:13+04:00,2025,fix features,93360,456,204.73684210526315
6171a8630b6adfa73c009dbe143795a0d2590ca8,reth,2025-02-20T08:07:09+01:00,2025,Smol perf fix,93360,456,204.73684210526315
4f19b2e95b0b1b4bbc402eb129b64581d3cad192,reth,2025-02-21T20:28:20+05:30,2025,"Changed ""match"" to ""if let some"" to fix build errors",93360,456,204.73684210526315
8aa6fdf2805071cfd047d0e5d77fa38836d25e3f,reth,2025-02-26T03:10:56+04:00,2025,wip,93360,456,204.73684210526315
b4fffa262921bfcaf53e53ca72d6805de56d5e0f,reth,2025-02-26T15:43:31+01:00,2025,Fix wrt stricter drop rules,93360,456,204.73684210526315
e7031275216479a61ea58cf3e777f29f19f44a55,reth,2025-03-03T17:38:01Z,2025,short circuit on single chunk,93360,456,204.73684210526315
2e347e76e70b13ef0a420d62a0edc8e50ef225d3,reth,2025-03-04T00:06:40+04:00,2025,fix: no-std for storage-api (#14810),93360,456,204.73684210526315
3cace0fdf60ed4a0674c1845b4962c3e378cd1e5,reth,2025-03-05T14:25:56+01:00,2025,chore: bump version 1.2.2,93360,456,204.73684210526315
d84a5227801cc4980377a64ffee88ea5478c6ab8,reth,2025-03-06T09:34:17+01:00,2025,chore(primitives-traits): remove duplicate IntoIterator bounds in generics (#14861),93360,456,204.73684210526315
0fcca8f4155932e21cc7a8c1e9021d778e068ef3,reth,2025-03-07T12:35:48+01:00,2025,fix,93360,456,204.73684210526315
669019d316942ba4f88edae1652b245b02ae2e24,reth,2025-03-07T16:52:43+01:00,2025,Update trie.rs,93360,456,204.73684210526315
cabe7b4d15aab989a029405ceea30422a79468dc,reth,2025-03-11T22:23:09-04:00,2025,chore: add sparse trie logs with time elapsed (#14967),93360,456,204.73684210526315
7b570689defe20e1040aad897770f3b49574a2f5,reth,2025-03-13T12:44:32+01:00,2025,wip: it test,93360,456,204.73684210526315
570b018ff8af68524354bc9841ee3a8cf16bf36a,reth,2025-03-17T17:01:11-04:00,2025,feat: use fixed number of db transactions for storage proofs (#14860),93360,456,204.73684210526315
f41fae13e7084563bf3e41a70c2bc8ec14f56e93,reth,2025-03-24T15:56:03-07:00,2025,chore: add SignedTransaction trait for OpTxEnvelope,93360,456,204.73684210526315
6db106f4f8400f914c24de8cada6787cc7a075c9,reth,2025-03-26T23:28:37+08:00,2025,chore: typos,93360,456,204.73684210526315
1a23eac2b3cadafbcee57449cf44acf7324f741a,reth,2025-04-03T01:50:44+05:30,2025,Update build_block.rs,93360,456,204.73684210526315
3d1fbb01b411a1a39ffbf87fe153a154196f8006,reth,2025-04-04T13:56:18+02:00,2025,Fix lint,93360,456,204.73684210526315
04b575d6ca0f50fba8bd29f1d7882b90ccdfc617,reth,2025-04-08T11:30:33+05:30,2025,fix: resolves issue 15584 eth_callMany uses vec bundle,93360,456,204.73684210526315
e7beed6e3b30d2984163307c15681228db3f9d8c,reth,2025-04-08T19:26:57+01:00,2025,fmt,93360,456,204.73684210526315
d6071ee39e59e62139d55947dbe487bd840f14c0,reth,2025-04-10T22:58:41+03:00,2025,update method name,93360,456,204.73684210526315
08d57a73acaf47ac07e5cc9466ecd844ea5b3d29,reth,2025-04-15T16:09:13+02:00,2025,Update docs,93360,456,204.73684210526315
d663c141bf55d4a430f1970876ad274a9fd8343e,reth,2025-04-16T01:13:51+01:00,2025,feat: implement clone for StateRoot,93360,456,204.73684210526315
6013b172a1b240dd2bfb4ca7bdf185d00a0da133,reth,2025-04-18T17:45:24+04:00,2025,fix,93360,456,204.73684210526315
d49a94cf32e4f400d6ac498d798dc2fa80f914df,reth,2025-04-19T02:58:49+05:30,2025,Update mod.rs,93360,456,204.73684210526315
fb669511693dce031115a4f2114c34cba2f7d040,reth,2025-04-19T20:12:22+01:00,2025,add reth-primitives,93360,456,204.73684210526315
86adfac165dc6ff6ff594df715734bc288f40ee7,reth,2025-04-28T22:53:10+03:00,2025,fix: avoid cloning receipts on verification for op (#15979),93360,456,204.73684210526315
d063be7baec02e3e4622c28c8b2d2065d5e432f3,reth,2025-04-29T13:34:29+02:00,2025,test(era): Merge all tests for local directory stream into one with multiple cases,93360,456,204.73684210526315
1a548e6b990a41e4d0d2e8c7e41d0941d98a208d,reth,2025-04-29T13:39:57+02:00,2025,perf(op-tx-pool): Split up tx validation to stateless and stateful checks (#15843),93360,456,204.73684210526315
02d05cc9a9e3e708582ac8a7a64a49bc43e47c8e,reth,2025-05-05T13:01:31+01:00,2025,fix,93360,456,204.73684210526315
a3690ec23fe031bcbacfafc06fe19d905173c458,reth,2025-05-12T13:28:18+02:00,2025,make it compile,93360,456,204.73684210526315
2e600edb4a40243e6ddeea8cdc4a0ef3f52ee8ba,reth,2025-05-13T11:10:47-04:00,2025,bump log GetPayload events to debug level,93360,456,204.73684210526315
d224ccd1d1170222af0d250f9d164cce0f0b2ee3,reth,2025-05-18T20:27:33+01:00,2025,add back fork_spec,93360,456,204.73684210526315
d324085a8a7d6ffc6954525313c4e10e0c3a521c,reth,2025-05-21T22:00:12+05:30,2025,fmt,93360,456,204.73684210526315
6ad9099e6809c6bb8236aa6d633de8002841e056,reth,2025-05-26T19:12:57+01:00,2025,add trie input log for parallel state root,93360,456,204.73684210526315
b0cf3a9f9d21e692a9f1b0419616faf6a0b29ca9,reth,2025-05-26T21:28:30+01:00,2025,log delete check,93360,456,204.73684210526315
5ace2998d82ebafce14a2f744fd210b87b8892c0,reth,2025-05-30T17:08:07+01:00,2025,chore: update Grafana dashboard,93360,456,204.73684210526315
f97f15cdbf1b4ddba44609080d313916ef6d18cb,reth,2025-06-03T15:10:36+02:00,2025,feat: enable external `EngineApi` access (#16248),93360,456,204.73684210526315
2fd3c94cd9c74b1e3e6b969261cdafd2eed8cfdb,reth,2025-06-03T17:27:30+02:00,2025,feat(rpc): Add `Primitives` associated type to `TransactionCompat` trait (#16626),93360,456,204.73684210526315
17c9b128b7d78f00649037fb8bc6e150da565bc6,reth,2025-06-04T12:20:54+02:00,2025,chore: downgrade warn log,93360,456,204.73684210526315
3e48440756089970719823d2a8e025e78aca3fd4,reth,2025-06-04T12:27:38+02:00,2025,feat(txpool): EIP-7825 checks,93360,456,204.73684210526315
ee426d78fa343edaef005f3a1f192a169029917f,reth,2025-06-04T15:30:01Z,2025,introduce RpcModuleContainer,93360,456,204.73684210526315
14d9469b79cdb9b7c55f5c7a9be4f25c29d36089,reth,2025-06-04T17:12:33+02:00,2025,docs: clarify,93360,456,204.73684210526315
306d1c3aee4fa44e3252aa39b178ea1870b66202,reth,2025-06-05T11:02:09+02:00,2025,chore: extract engine tests to separate file (#16671),93360,456,204.73684210526315
b8e4cd3ace1677a8db9032c61d49c8c973475673,reth,2025-06-16T11:15:16+02:00,2025,fix: change some rpc response codes to eth invalid input (#16745),93360,456,204.73684210526315
d4e8d4a62e43e0489e49fcbf54077ea9c5b558a0,reth,2025-06-16T11:27:01+02:00,2025,bump,93360,456,204.73684210526315
38b115dacdf45461f9f76cd1b14fb9de501a6c5a,reth,2025-06-17T17:32:01+02:00,2025,fix: handle forced propagations (#16845),93360,456,204.73684210526315
f588a2441ed384fceadff4735580afb4fc2c1f95,reth,2025-06-22T22:13:47-06:00,2025,feat: add IL to RPC beacon/engine types,93360,456,204.73684210526315
2ba3d134a91223c61df450c5ddb8b0202bec7299,reth,2025-06-23T10:37:13+02:00,2025,feat(test): rewrite test_engine_tree_live_sync_transition_eventually_canonical using e2e framework (#16972),93360,456,204.73684210526315
6cd85a6a07e413681ad3762424948a2655695146,reth,2025-06-23T14:52:44+01:00,2025,use get_byte_unchecked,93360,456,204.73684210526315
9fde0f31da5a2aea61769259d2f159a92ca1ff11,reth,2025-06-27T23:14:09+02:00,2025,chore: mv exex launch to fn,93360,456,204.73684210526315
581613616a8432c7a043299aa9f6ab83945a3aa3,reth,2025-07-03T10:24:02+01:00,2025,clarify panic condition for with_root,93360,456,204.73684210526315
7017627a9f43a4971c0ff0004efbb004e0c17ef5,reth,2025-07-08T06:15:40-04:00,2025,chore(trie): add Send and Sync to SparseTrieInterface (#17270),93360,456,204.73684210526315
1f3aa4318654f032f2a80f21a88eafd3dd763b2a,reth,2025-07-14T11:19:04+02:00,2025,feat: update EIP-7825 max transaction gas limit,93360,456,204.73684210526315
f537f5dc739a324c7d1c61b299bc8a70148fa240,reth,2025-07-22T20:25:11+01:00,2025,do rust-overlay.inputs.nixpkgs.follows,93360,456,204.73684210526315
f790ad79ad53ccd6bab5a81abe398e704f0a4814,reth,2025-07-25T23:33:32+02:00,2025,chore: remove first batch of dup deps,93360,456,204.73684210526315
1dd2fd9407790206570b8a411baa90abb050e688,reth,2025-07-28T18:32:50+02:00,2025,removed Block AT and constraints,93360,456,204.73684210526315
547790efe91b815fbe7c3bc4ba1e828cda6a77c0,reth,2025-07-30T14:20:12-04:00,2025,"chore(trie): add cleared method, take cleared trie input",93360,456,204.73684210526315
4e683adeeff35bb8dffd9279e3513a0398d4d1c7,reth,2025-08-07T22:38:49Z,2025,feat(arb-reth): add arb-reth CLI bin scaffold and workspace member,93360,456,204.73684210526315
440e7daf06c7d0eb9377822db551dd914b109295,reth,2025-08-08T05:36:48Z,2025,fix(arbitrum/evm): separate nested test; fix chainspec Cargo.toml duplicate blocks; keep revm dep; prep SpecId resolution,93360,456,204.73684210526315
1772fcdcc52253bef9851e64c289ca9bb1b9e0f1,reth,2025-08-09T10:10:31+08:00,2025,chore: remove redundant word in comment,93360,456,204.73684210526315
8a97ad1e0cfbcb049759bfb4e3bd06dfec408e7e,reth,2025-08-10T07:03:12Z,2025,arbitrum/rpc: scaffold Nitro-specific arb_* RPC surface and export module,93360,456,204.73684210526315
5d4398d81a02052ba0c6e9b0a29f9244d69015bb,reth,2025-08-15T11:20:47+02:00,2025,Use helper methods in validate_all,93360,456,204.73684210526315
4b2bc474cd6161a180ef372cc1e8283ebd351da4,reth,2025-08-20T07:01:04Z,2025,"arbitrum(evm): ensure pre-credited sender is treated as loaded in REVM state (status=Loaded, original_info=Some)",93360,456,204.73684210526315
e110c9b8d4e67808e06071979b3a6101f6ccf62f,reth,2025-08-20T15:00:33+02:00,2025,chore: add helpers to added tx state (#17951),93360,456,204.73684210526315
c11bb05ae8fadfbc3c0841fb09b79ec8367a8e07,reth,2025-08-20T16:26:06+02:00,2025,eol,93360,456,204.73684210526315
6c9021ed034ae5d578593fda10e43014e4f2a121,reth,2025-08-31T19:39:21Z,2025,arbitrum(rpc): include v/r/s for Ethereum typed txs (2930/1559/4844/7702) in RPC mapping,93360,456,204.73684210526315
123aa1585056f9b9af251e3781648d433212cd17,reth,2025-09-02T16:24:18-04:00,2025,feat(download): support zst archives in reth download,93360,456,204.73684210526315
a649902f888542eea9df4bc967a80066291ddbf2,reth,2025-09-05T19:51:26+01:00,2025,some clippy fixes,93360,456,204.73684210526315
8c71fd7d65eee229091901c753b443b4121ffe78,reth,2025-09-14T15:47:12+03:00,2025,docs: fix incorrect transaction type count,93360,456,204.73684210526315
a9b9c8edf2c27a29d5a3235e49369b09f793a290,reth,2025-09-17T10:00:36+03:00,2025,Correct BlockBody documentation to reflect actual return types,93360,456,204.73684210526315
e0c39a3038607216b0533ae2ef391d4f7b0827b4,reth,2025-09-18T14:18:21+01:00,2025,docs(op): decompress the state file before init-state (#18416),93360,456,204.73684210526315
ff51faaeacd519e69ad8bc0c762b961032d8c285,reth,2025-09-19T17:41:32+02:00,2025,chore(db): Simplifications to trie-related storage-api methods (#18579),93360,456,204.73684210526315
7518a3e75ac9f69d9ec933e191466803075dd602,reth,2025-09-22T18:44:15+02:00,2025,fixed,93360,456,204.73684210526315
a4688304623329962ea227e0e91282e612cbb373,reth,2025-09-23T17:40:40+02:00,2025,"fix: Revert ""chore: disable fee charge in env"" (#18645)",93360,456,204.73684210526315
4199058437aab2dd0013a4f6166afae22f76420c,reth,2025-09-23T18:09:23+05:30,2025,coinbase,93360,456,204.73684210526315
6631fc4e8217ae1e8e306f7f0c85b33bcef95641,reth,2025-09-24T15:21:51+03:00,2025,feat(net): correct per-response size metric to avoid capacity/empty-block inflation (#18553),93360,456,204.73684210526315
5e748c5d742c74795b7429a39d15c75dbed3a94c,reth,2025-10-03T12:37:06+02:00,2025,Update active.rs,93360,456,204.73684210526315
5bebb4c23adccea1e96ec3f134de5b06f8ac812d,reth,2025-10-07T08:03:48+02:00,2025,chore: update to 50 max duration,93360,456,204.73684210526315
733b052e42e5038f693e10e610ec97fbb9ab6174,reth,2025-10-09T07:40:56Z,2025,refactor: clarify comments for proof task handles in MultiproofManager,93360,456,204.73684210526315
ff37024131ee03a4b2e4bb2e2aa896e6d429ea16,reth,2025-10-09T12:23:13+03:00,2025,Update mdbx_load.1,93360,456,204.73684210526315
fdb6d7d913e636a73136cb69c20e98322843e4f9,reth,2025-10-09T21:36:27-04:00,2025,fix: improve block propagation in on_block_announce_event,93360,456,204.73684210526315
2d0bdbce9bd5e2baaa51b30afaf448ece67954fc,reth,2025-10-14T07:02:04+02:00,2025,chore: remove unused dep,93360,456,204.73684210526315
ee2e06d7c50f83af5559781bbad47501ba4d414d,reth,2025-10-14T10:08:05+02:00,2025,Update crates/prune/types/src/segment.rs,93360,456,204.73684210526315
e33c57a9c92c644bd2b98ee702b945f805d43d4e,reth,2025-10-15T14:11:52+02:00,2025,Update main.rs,93360,456,204.73684210526315
1884859793075b3c5bc1be51500370576d4cacec,reth,2025-10-16T11:52:35+02:00,2025,feat(trie): Merge trie changesets changes into main (#19068),93360,456,204.73684210526315
2512e5e45417587a0f5516a6e74aee4664a1a80e,reth,2025-10-24T16:29:04+02:00,2025,Update trie.rs,93360,456,204.73684210526315
80b3541920d79458a71a58e30ec9ec5bb3a3c47a,reth,2025-10-28T14:38:17+01:00,2025,chore(trie): Move `OpProofsStorageError` to own module (#317),93360,456,204.73684210526315
b631bdaee420d0b4640fe23b93827374f80b6768,reth,2025-10-30T11:53:46+01:00,2025,Fix prune unwind block number,93360,456,204.73684210526315
a43345b54cab1d14b11bcbd28acafbabdc8aadd9,reth,2025-10-31T15:45:03Z,2025,perf(tree): only chunk multiproof targets if needed (#19326),93360,456,204.73684210526315
112ff19582754a0a923a470361fd94b0bf54d088,reth,2025-10-31T18:24:13+05:30,2025,fixes,93360,456,204.73684210526315
d4099ba1db5336da9bcc7666e82ef4bef57a1e4f,reth,2025-11-03T16:17:53+01:00,2025,chore: use name const for cli name,93360,456,204.73684210526315
fc10cf5dde605055df1527226578444221d49107,reth,2025-11-14T04:22:25Z,2025,perf(trie): increase chunking limit to 40,93360,456,204.73684210526315
bd231a7afd1719b8dd9a2125213a7f49033575bc,reth,2025-11-15T11:30:53+02:00,2025,fix(grafana): restore DS_PROMETHEUS placeholder replacement (#19773),93360,456,204.73684210526315
39c5b4cb1750f6901a613570c15707739e3134a7,reth,2025-11-18T16:10:30+02:00,2025,fix: update AllTransactions metrics on removals and evictions,93360,456,204.73684210526315
fb63ac806feb646d2bfed39d96344bee2e73643e,reth,2025-11-19T13:16:01Z,2025,remove prewarm_task span,93360,456,204.73684210526315
3b3bd968d3a0f82d0299d52f1c4de332ca132b53,reth,2025-11-26T20:24:57+07:00,2025,perf: improve extend_sorted_vec & write batch for HashedPostState,93360,456,204.73684210526315
b49887ee9095033c007f811345625713e12e25c9,reth,2025-11-27T09:57:22Z,2025,fix(arbitrum): configure Paris hardfork at genesis to prevent block rewards,93360,456,204.73684210526315
bb34832d30afad5a38683fb9e345430e4ff3c787,reth,2025-11-27T11:19:32+08:00,2025,fix(bench-compare): filter empty strings from additional reth args,93360,456,204.73684210526315
3e9ae4a494bdb67b2bae11f52d85dc137160577e,reth,2025-11-27T15:58:46Z,2025,fix(arbitrum): use proper state transitions for ArbOS storage,93360,456,204.73684210526315
78943e6e33ac7dd23ec9ce8b424f45d4f649ac9a,reth,2025-11-27T17:16:34+02:00,2025,add test,93360,456,204.73684210526315
a0738060c6dca9a32b862d1f10536b8507de39a4,reth,2025-12-02T11:19:45Z,2025,collapse single variant enum,93360,456,204.73684210526315
3af2f582065d3bfe8b58953803a6f5dc7012fe68,reth,2025-12-03T21:17:34+01:00,2025,chore: add alias for flashblocks-url (#20093),93360,456,204.73684210526315
a94fba0a80ddcb8668080b40b7cd4992d77a6943,reth,2025-12-04T03:50:52Z,2025,feat(engine): multiproof batching with target limits and metrics,93360,456,204.73684210526315
56460d9a804bcfc55f80992f53c5948344173949,reth,2025-12-05T12:34:41+01:00,2025,Spawn tokio runtime inside the repair-trie sub-command,93360,456,204.73684210526315
37b20cf3a839198a32c0c3ef284489d2e3455d78,reth,2025-12-05T19:18:55+01:00,2025,chore: use drop guard for transact task (#20134),93360,456,204.73684210526315
24c298133f0325f9acaaf955f9dc666c34195920,reth,2025-12-11T17:43:10+01:00,2025,feat: allow larger ws frames on client side (#20307),93360,456,204.73684210526315
98b3afe347a214edb3033dd643963a36aeb6fd96,reth,2025-12-18T11:28:43+02:00,2025,docs: fix Docker db-access troubleshooting example,93360,456,204.73684210526315
eec76a3fafd671e73b5d5af74fd21a9d1e85f869,reth,2025-12-23T00:41:52+04:00,2025,perf: spawn prewarm workers in parallel (#20575),93360,456,204.73684210526315
66f3f26c68eb038c639ab9b9264ebb85559eed2e,reth,2025-12-24T10:43:28Z,2025,feat(arbitrum): add BatchPostersTable for per-poster state tracking,93360,456,204.73684210526315
c45b2fcf560c96d4ad0428c7dab4e6e4e7a687e0,reth,2026-01-03T12:21:16+09:00,2026,Added docs for debug-report,93360,456,204.73684210526315
325c388b51d20782a3cc8449cd5a56d688a2286a,reth,2026-01-06T17:48:30+08:00,2026,fix(net): delay BlockRangeUpdate to avoid immediate sending after connection (#20765),93360,456,204.73684210526315
eb95b918f2fea8898df69ede6e0f7f3f6fbca611,reth,2026-01-06T19:06:15+08:00,2026,remove unnessary tests,93360,456,204.73684210526315
644f156b8278af68c739c309fbe9ba33b8b36cf3,reth,2026-01-07T04:55:27Z,2026,update,93360,456,204.73684210526315
75b88ddae73c617b70ee54ce7edcaad6f436eeec,reth,2026-01-12T00:30:14+01:00,2026,refactor(engine): defer sparse trie setup to spawned task (#20942),93360,456,204.73684210526315
c7faab086751da5583f862a7c445418dbbd2b49b,reth,2026-01-12T17:28:03Z,2026,feat(reth-bench): add generate-big-block command,93360,456,204.73684210526315
58374cfcf6d169a09086bc5f7621dc11b592df8a,reth,2026-01-13T16:32:25+01:00,2026,Update lib.rs,93360,456,204.73684210526315
ae41823be64a9a703fbecc636c07852d0770e60f,reth,2026-01-13T22:35:24+08:00,2026,fix: propagate edge feature to reth-node-core for version output (#20998),93360,456,204.73684210526315
7477c978e4870222ff3bd12029888f3789805c5f,reth,2026-01-16T09:14:09Z,2026,fix: remove dead code using non-existent RocksDBProvider::clear method,93360,456,204.73684210526315
1a502f656cd554d58f832e495a1f754136fad02c,reth,2026-01-22T10:17:29Z,2026,feat(evm): populate gas_spent in RethReceiptBuilder (EIP-7778),93360,456,204.73684210526315
49b59241cd5b8f50d12067720b4c3bf3255a9ab9,reth,2026-01-22T11:52:32Z,2026,docs: add inline comments to load_sharded_history,93360,456,204.73684210526315
4db6c70dc0f4607cf61bb7fa4ec2257474231660,reth,2026-01-26T21:03:31+01:00,2026,Update latest.rs,93360,456,204.73684210526315
992fc30ff5a3276f76f91e19b5c2bdf3b3c09910,reth,2026-01-26T23:10:21+01:00,2026,refactor: use GotExpectedBoxed for BlockAccessListHashMismatch,93360,456,204.73684210526315
0fdd5dacdb4332c444d30a8d5555fc2726846318,reth,2026-01-27T18:39:46Z,2026,fbhasher,93360,456,204.73684210526315
fe1f32d690fd1ed8e2c329857dfa160ec931519d,reth,2026-01-28T05:28:21Z,2026,refactor: make is_prune_parallelism_enabled an associated function,93360,456,204.73684210526315
28b8fee68c6cdc345d8907128e18f193ed904ebf,reth,2026-01-28T16:57:10+05:30,2026,tracing,93360,456,204.73684210526315
2621d4b2b6c451b7ecefc6fdaac248b117b5d322,reth,2026-01-29T17:17:44Z,2026,fix: enable edge feature properly for pipeline tests,93360,456,204.73684210526315
da0aae5ac456a47b7b1cdb558212b7de9cc93d27,reth,2026-01-30T20:24:11Z,2026,refactor(engine): embed ServiceGuard in PersistenceHandle via Arc,93360,456,204.73684210526315
7fe2a0d709a3355e737f61bc354cc0b316cadbc3,reth,2026-02-01T19:50:20+04:00,2026,fix,93360,456,204.73684210526315
44b1759ef298fe08783801e7d18a16023987cbbf,reth,2026-02-03T22:54:28+04:00,2026,wip,93360,456,204.73684210526315
68c0f2e6f9866b7f5c911379e1e3c7e23c695883,reth,2026-02-04T01:26:29+01:00,2026,chore: improve some spans,93360,456,204.73684210526315
1b71da2e295f4bb9ee2839d9dc32fae459286c83,reth,2026-02-04T18:14:29+04:00,2026,span,93360,456,204.73684210526315
5cfb891b593b2a040664f7246e15b0be67128c46,reth,2026-02-05T21:00:08+08:00,2026,perf(engine): single-pass fold for EvmState metrics collection (#21852),93360,456,204.73684210526315
8b9d68dd0bf86a47abad56346f03bb893705cb41,reth,2026-02-10T09:28:07-05:00,2026,feat(grafana): add MDBX timing and per-table write time panels to edge mode dashboard,93360,456,204.73684210526315
4c29ce79fe63d0adde3d2be7b0c729df93dca293,reth,2026-02-10T20:30:40Z,2026,refactor: replace TaskManager::current with RuntimeBuilder in examples,93360,456,204.73684210526315
b20a99e1c9ffb7128f80aad19f7bc366ac6428d5,reth,2026-02-10T22:36:20+08:00,2026,ci: skip scheduled workflows on forks (#22022),93360,456,204.73684210526315
80aa8d97b63afd288019846b1f1b48c09f54ccc9,reth,2026-02-12T00:17:58-05:00,2026,feat(bench): build main and feature binaries in parallel using git worktree,93360,456,204.73684210526315
bd4c0891dff7551a38a48cb6650d960a6121b34d,reth,2026-02-17T15:44:26Z,2026,feat(evm): add tracing sub-spans inside execute_transaction,93360,456,204.73684210526315
f13940f38065cd6d6060b12ca4acecd5e45d2049,reth,2026-02-17T17:47:18+05:30,2026,chore: fixes per 22268 pr,93360,456,204.73684210526315
76f4ad3f90082a323d6d759b98b469bc183f06ce,reth,2026-02-18T12:39:08Z,2026,fix(bench): wrap queue position number in backticks to prevent GitHub auto-linking,93360,456,204.73684210526315
ee19320ee8dd18f825399dc44a3337080411569c,reth,2026-02-18T15:33:31Z,2026,ci(bench): use ABBA run order to reduce variance (#22321),93360,456,204.73684210526315
7799d65a54375a10a0d12d742246c51c8daac272,reth,2026-02-19T10:58:43Z,2026,fix: handle hashed state in BlockExecutionOutput::storage(),93360,456,204.73684210526315
2a991163bf199ac08dac97e0db1148ba2340a628,reth,2026-02-19T21:20:09Z,2026,fix(bench): use schelk promote instead of recover when updating snapshot,93360,456,204.73684210526315
08f9875e0d7c728ccc50e1246f53c32aeab693ae,reth,2026-02-25T11:06:09Z,2026,refactor: move ProofTarget to reth-trie-common,93360,456,204.73684210526315
e3adc4178b0166e521756ab25ded3a8880f4f40f,reth,2026-02-26T14:21:49-05:00,2026,feat(cli): infer snapshot manifest block and chunk size from datadir,93360,456,204.73684210526315
4a805f222c17f1765446f40e7b477a580cbd5c19,reth,2026-02-28T21:28:28+08:00,2026,fix(rpc): propagate provider error for best block number,93360,456,204.73684210526315
c99d02b8f938d0cc2ec51d1f29cb5587688f5d8b,reth,2026-03-02T09:25:39Z,2026,Clean up.,93360,456,204.73684210526315
d15e1f4f29e8f7157ad89bcc6dfe55dd328bfba1,reth,2026-03-04T15:33:22Z,2026,chore: fix fmt,93360,456,204.73684210526315
4947358c300c848bd8d520bf8dd3f224bd4651ad,reth,2026-03-06T12:26:30+01:00,2026,Refactor subtrie prune to use cursor and not partition_point,93360,456,204.73684210526315
1628aa4f7a4191de52ddf947bccaa53296bea529,reth,2026-03-06T12:51:59+08:00,2026,perf(cli): fix download ETA after resumable retries,93360,456,204.73684210526315
20efafaf27d4d24173d241ada18c4757b9d0cd23,reth,2026-03-06T15:18:03+07:00,2026,add #[instrument] to compute_drained_storage_roots,93360,456,204.73684210526315
73bd4746005996ac117b67949ef88e2a4642fd2b,reth,2026-03-10T02:15:05-07:00,2026,revert: use line-tables-only debug info for profiling profile (#22907),93360,456,204.73684210526315
c0f69973522b78054f0086459b5da7dc973f986a,reth,2026-03-12T08:29:57-07:00,2026,feat(bench): show baseline/feature CLI args in Slack notification (#22997),93360,456,204.73684210526315
23821051217de38042b2898d2f764aac709257ce,reth,2026-03-12T18:08:43+01:00,2026,incorrect hash index bug,93360,456,204.73684210526315
e5b9fe260549c61206547a9201f81cef2b8aa381,reth,2026-03-13T16:55:42Z,2026,"perf(trie): replace rayon with persistent threadpool, always-take subtrie heuristic",93360,456,204.73684210526315
dea7d68eff45a5af4376f161976bcf9604c2107f,reth,2026-03-13T22:16:49+08:00,2026,don't retain peers from tx-local,93360,456,204.73684210526315
402380991fabd728dbba408c2aedf9ff0ed74e30,reth,2026-03-17T21:11:02Z,2026,test(rocksdb): add account history pruning e2e test,93360,456,204.73684210526315
8199736e45edbb9f0b9713a0121af6b2b41035bc,reth,2026-03-20T12:46:01Z,2026,perf(engine): downgrade prewarm per-tx span from debug to trace,93360,456,204.73684210526315
8d2cf6c4082de8250aada8e466c80238f97a43b0,reth,2026-03-20T13:24:27+01:00,2026,fix(evm): update precompile cache for EIP-8037 GasTracker,93360,456,204.73684210526315
7eb3532309370111f28d85c8ede75858de6c5bfd,reth,2026-03-24T18:38:29+01:00,2026,"chore(meta): rename CLAUDE.md to AGENTS.md, symlink CLAUDE.md to it",93360,456,204.73684210526315
ac3a6f7bd32bbd823177b17ed5b235945c14a57b,reth,2026-03-30T11:27:33-06:00,2026,feat: integrate reth-rpc-traits and remove IntoRpcTx,93360,456,204.73684210526315
6edbe2215c8e50edcccdd470e66f8b901cb22c18,reth,2026-03-30T11:43:56Z,2026,perf(trie): cache proof v2 prefix relations,93360,456,204.73684210526315
f0d07c38be40c173abab5879b49a20dc4126c427,reth,2026-03-30T21:51:09+04:00,2026,chore: bump alloy-evm (#23289),93360,456,204.73684210526315
52264e8a7195c9ef5682161952105b6ed00fcc34,reth,2026-04-01T10:31:24Z,2026,feat(bench): show wait-time in benchmark summary output,93360,456,204.73684210526315
14d84a1ff24ac078ed3a3ca386e1f8e390375d89,reth,2026-04-01T19:05:38+05:30,2026,fixes,93360,456,204.73684210526315
b4dbb6a7a3ac07ad992de86e95079afee0c45a22,reth,2026-04-08T15:27:46+02:00,2026,fix: only full-recover in preflight,93360,456,204.73684210526315
ecf8e3a1f482b92a43ca84f377cdd19b50a02404,reth,2026-04-15T16:14:28+05:30,2026,fix,93360,456,204.73684210526315
f6147b074f409703a2a080d629eea1fb46e3f1c0,reth,2026-04-19T00:56:38Z,2026,chore(deps): weekly `cargo update`,93360,456,204.73684210526315
f39c47bd11b72ed19c6ec1cba868511a504cb5a7,reth,2026-04-22T09:03:29+02:00,2026,feat(net): add snap/2 wire helpers and messages (#23611),93360,456,204.73684210526315
8601aa28ff9c1828dd2051b7e2e8bae48feafe1e,reth,2026-04-25T12:55:45+02:00,2026,bench: enable `keccak-cache-global` feature in `reth-bb` binary,93360,456,204.73684210526315
b3b5ce2e842569989e86340287b31a7f6a0c7032,reth,2026-04-30T09:44:27Z,2026,chore(provider): add save_blocks persistence debug logging,93360,456,204.73684210526315
d2b4ab53d4189b682afe12af090111347df3b1c5,reth,2026-05-04T11:03:18+02:00,2026,chore: fix nightly clippy warnings (#23923),93360,456,204.73684210526315
aac93193fd88b8d54290349297a889487d2bb0ed,reth,2026-05-05T06:07:14Z,2026,perf(trie): retain proof children in one pass,93360,456,204.73684210526315
2a87ba7d968fd41697fc9b27b803c1c44467c6ab,reth,2026-05-08T08:13:14Z,2026,perf(trie): sample cursor timing metrics,93360,456,204.73684210526315
abcbab871ddbc154c5eda4863bc6ba44170544fe,reth,2026-05-12T19:45:20+02:00,2026,fix(net): model unavailable BALs explicitly (#24157),93360,456,204.73684210526315
04d67cb148cd691571517e85e15ce683447266fd,reth,2026-05-18T12:21:51+02:00,2026,feat(rpc): add builder submission v6 validation (#24170),93360,456,204.73684210526315
c37a8284d5c4929d84ea00a2283ddb332237ac73,reth,2026-05-21T00:08:58Z,2026,chore(deps): bump crate-ci/typos from 1.45.0 to 1.46.1,93360,456,204.73684210526315
61e9c3060d9463a5ffa32356cdc92b14f324f664,reth,2026-05-23T01:11:45Z,2026,perf: cache big-block worker segment setup,93360,456,204.73684210526315
8afd4817ba9a6ea9f3806f1850cdbbb0cae16813,reth,2026-05-29T02:55:13+05:30,2026,fix(rpc): align simulate response fields (#24630),93360,456,204.73684210526315
9b989bf43052b941c2ce633db538cf826e3da7f4,reth,2026-06-05T08:49:49-04:00,2026,refactor: clean code,93360,456,204.73684210526315
6b1ad1f4ca1e2bd8c7bc2be2f70562afea13fb33,reth,2026-06-08T12:14:44+02:00,2026,test: add roundtrip tests for er(a)e files (#24905),93360,456,204.73684210526315
f370008d40ab17a82ff5bc7bbc595c229c2afcec,reth,2026-06-12T16:23:38+02:00,2026,feat: make JIT opt-in for library crates (#25178),93360,456,204.73684210526315
ea2e5bbcee9b6eda64c0309f069aadbfe395eb54,reth,2026-06-12T19:38:26Z,2026,perf: stage sparse account updates first,93360,456,204.73684210526315
9de5d71ce27eda9cfde0858f68859955edc91a8b,reth,2026-06-15T09:59:14+08:00,2026,fix(rpc): align eth_fillTransaction default maxFeePerGas with go-ethereum,93360,456,204.73684210526315
95e265d645bd8fc386967b90b8bfcfb0173eac4f,reth,2026-06-17T00:25:03Z,2026,perf: skip empty withdrawal env clones,93360,456,204.73684210526315
01d1fc5c0785eef4adbfa240bc75a2cfe6c9cecc,reth,2026-06-19T09:34:54Z,2026,chore(trie): make sparse std deps optional,93360,456,204.73684210526315
368968fab06cf03dbf07e7e3812ba9dc1c11919f,reth,2026-06-24T08:43:14Z,2026,perf: parallelize large receipt bloom work,93360,456,204.73684210526315
a8985209db9c73ab1b9278775de3ef7e50c483ca,reth,2026-06-24T20:10:06+02:00,2026,ci: add derek bench reorg mode (#25696),93360,456,204.73684210526315
0c8dc1409884980d0ea1a53195b4996d4d8d4f73,reth,2026-06-25T23:58:28Z,2026,perf: borrow BAL stream spans,93360,456,204.73684210526315
002201ab021edc7ed10711a2e9deef120d18f535,reth,2026-06-27T22:15:59Z,2026,perf: coalesce complete BAL hashed-state updates,93360,456,204.73684210526315
5a8d015c3910920afb367690b0f6f693da4a409c,reth,2026-06-28T22:26:45Z,2026,perf: keep db metrics transaction-only by default,93360,456,204.73684210526315
0780f182dad4d04dc0f489a44ae7c3a483054341,reth,2026-06-30T08:58:59Z,2026,perf(engine): skip redundant proof worker overlays,93360,456,204.73684210526315
86d289e94b26198bef73ed5ca4f8d7e4766474a7,teku,2018-12-05T19:05:36-06:00,2018,added Powchain/VRC pubsub event system and removed useless controller classes.,45593,223,204.45291479820628
2a6fba7adfb4d04f92d75f18f8d8e0691a46b32e,teku,2018-12-17T23:30:52-06:00,2018,Adding modulo operator to UInt64 type. Resolves #113,45593,223,204.45291479820628
67ff4c70df120f45a86d25892805c2f81d5fd522,teku,2019-01-05T22:22:00-06:00,2019,Resolve circular dependency in gradle build.,45593,223,204.45291479820628
4dc33b778ca763744c7b73b6d4def7c7e7badd97,teku,2019-01-28T06:23:12-06:00,2019,"added merkle_root, block_processing and fixed some issues with slot processing",45593,223,204.45291479820628
58c50d048fd908c586964e3c573f009f2d2619c3,teku,2019-02-08T16:21:39-06:00,2019,Complete serialization for classes in use in tech.pegasys.artemis.datastructures.operations and blocks.,45593,223,204.45291479820628
10faa10f9ee62a1bd9d91bb9a14ee1be80e33268,teku,2019-02-21T19:13:58Z,2019,Implements hash_to_G2 (#367),45593,223,204.45291479820628
885b4febd51ddacdead31a7a189db59964d6b80e,teku,2019-02-26T09:29:04Z,2019,Implement BLS aggregate operations,45593,223,204.45291479820628
0a15bebb3c3f5e9a9862a81d12f1a60f60bf5801,teku,2019-04-24T13:11:48-05:00,2019,post merge cleanup,45593,223,204.45291479820628
a735c195e7c9be06cdbf35df559d91dc50979192,teku,2019-05-06T10:13:13-05:00,2019,"BeaconState SSZ fixes, and run spotless. (#626)",45593,223,204.45291479820628
fa3ebf5ba254701490c244f74c30cd0820dd0a07,teku,2019-05-06T12:28:39-05:00,2019,SSZ Debugging (#627),45593,223,204.45291479820628
09bc6fb7c465ed2c90d9e447eb29e7e2efc5e7e7,teku,2019-05-10T20:18:15+05:30,2019,Move commandline arguments to toml config file #636,45593,223,204.45291479820628
1ad1e165ca9e54102c81f88f218ca68bb8efdd9e,teku,2019-06-21T14:49:01-05:00,2019,Add submodule for new eth2-spec-tests for v0.7.1.,45593,223,204.45291479820628
1e46eede7e86f0f00f8784089ae2ada92d7ee1ab,teku,2019-08-08T10:46:25-04:00,2019,Update merkleize function,45593,223,204.45291479820628
4d83ec39ecb901276fbea2dec456cb1b5a41def5,teku,2019-09-20T01:43:34-05:00,2019,moved all startup util logic out of DataStructureUtil and into StartupUtil,45593,223,204.45291479820628
b5f3d34157890f1d73468232b0ea3873dfb3b94d,teku,2019-09-20T12:17:41+10:00,2019,Fix help output to provide a correct description of subcommands. Running transition subcommand without no further arguments now prints help message.,45593,223,204.45291479820628
bde640df959d7d48a439a782d93d565f4ffd0f15,teku,2019-10-02T17:05:58-04:00,2019,Remove duplicate aggregate attestations (#916),45593,223,204.45291479820628
5bd10782bedd9eaf11ae86bbaaab9edd5e6a6d66,teku,2019-10-04T22:30:19-05:00,2019,adding commands to run reference tests (#924),45593,223,204.45291479820628
7d2d00fcadbecb3a576c4f6e0c0bb201e540c62f,teku,2019-10-24T16:18:40+10:00,2019,Add step to check spotless.,45593,223,204.45291479820628
83a35adf4908914938848fccd1d7142524181af6,teku,2019-12-04T19:50:09-05:00,2019,Subscribe to attestation committee index & test subscription,45593,223,204.45291479820628
f4deec10b918c2517a6aae333e998b01bede2d5f,teku,2019-12-05T13:44:18-05:00,2019,Create CommiteeAssignmentManager,45593,223,204.45291479820628
722d6ce568f463ca6601f86055a8df6484f1ddb2,teku,2019-12-09T09:59:29-05:00,2019,Subscribe to attestation committee index & test subscription (#1043),45593,223,204.45291479820628
0c09a85cacd7433751ab0dabf94b01432230f585,teku,2020-01-30T06:29:12+10:00,2020,Group deposits together by block (#1120),45593,223,204.45291479820628
642030da2831cbf217355b7f9a5a25cc3357b82a,teku,2020-02-09T18:29:15-05:00,2020,Add disk querying to beacon/block rest API,45593,223,204.45291479820628
638683ca056a0effcc8e15e66ca19fe1427707a4,teku,2020-02-24T07:33:51+10:00,2020,"1167 just return the node id in base58 format, dont return the entire node address.",45593,223,204.45291479820628
ce1d281b035c6c216c293e633dc220457a42f4b9,teku,2020-02-25T15:13:20+10:00,2020,Spotless.,45593,223,204.45291479820628
306bc805527632454053ee1c84ecb01684164389,teku,2020-02-26T13:22:31-05:00,2020,Add more tests,45593,223,204.45291479820628
f419e756cc83f43d90ac97b0a6eb65da06dbf30b,teku,2020-02-27T17:34:38+03:00,2020,Fix list/vector index checking,45593,223,204.45291479820628
449c0b4cc850d7665d8eacc2f102d1f62c5228e9,teku,2020-02-28T09:45:53+10:00,2020,[MINOR] Remove notnull annotation (#1241),45593,223,204.45291479820628
904a2383f062d28f4dcadfc5f02fd463618afe59,teku,2020-03-03T19:48:59+03:00,2020,Switch benchmarks to the mainnet configuration. Remove ssz list overflow workaround,45593,223,204.45291479820628
d605ad8cbb6dcce253e6a4b0825567859c45b031,teku,2020-03-13T12:21:30+10:00,2020,updated OpenApi desc,45593,223,204.45291479820628
897e08fd730461f253a1249187e9eec686302e61,teku,2020-03-20T08:05:51+10:00,2020,Move log4j2 file to logging module (#1417),45593,223,204.45291479820628
024bfb7e0117aa194232f9ec84684dea7ad4c006,teku,2020-03-23T09:13:09+10:00,2020,Fixing storage dependencies,45593,223,204.45291479820628
e86b2dcad3f983be6ad4b858a646aa2164e98ca5,teku,2020-03-24T13:47:40+10:00,2020,small refactoring,45593,223,204.45291479820628
74f40c7846119ce941666077c0877c67553745dd,teku,2020-03-25T20:11:56+03:00,2020,Fix random state generation: decrease number of generated items,45593,223,204.45291479820628
567fcf9c7ec8cbfd22bdf816579006e3461524c4,teku,2020-03-27T15:21:22+03:00,2020,Eliminate extra hash_tree_root call,45593,223,204.45291479820628
4fa5d8c0895f834b6dd4bd4b91962afa25fea44d,teku,2020-04-14T13:21:45-04:00,2020,Merge BlockAndState with BeaconBlockAndState,45593,223,204.45291479820628
52d981910c0ff6cf42881315d4b381310e90fd41,teku,2020-04-15T06:46:59+10:00,2020,Prune duties from previous slots (#1582),45593,223,204.45291479820628
c96e33f912d476336760b08e175331fb0aa53986,teku,2020-04-15T17:22:15+02:00,2020,use latest version for master,45593,223,204.45291479820628
a38713fa1922a8b1f6b348fd578ff01dd0ad066c,teku,2020-04-17T20:13:00-04:00,2020,Only post on to eventBus once if valid,45593,223,204.45291479820628
b786d74abfad7abece3ef8d387f81198ab86efdd,teku,2020-04-20T11:32:26+10:00,2020,"refactored metrics to remove from BeaconChainController, and added tests for metric getters. (#1610)",45593,223,204.45291479820628
0a070058dd7cf732652fcc85dec9f2ddfe87820c,teku,2020-04-21T15:14:02+03:00,2020,Update Block dumps to spec v0.11,45593,223,204.45291479820628
40feb5defaee59fc4112fe2961e92c21998a6c30,teku,2020-04-22T06:32:10+10:00,2020,Add test to confirm network definition values are actually used.,45593,223,204.45291479820628
e5686f407d128edd06b9706ef7fec3fd846f31b3,teku,2020-05-06T17:11:04-04:00,2020,Update Validator API,45593,223,204.45291479820628
1d728f17a17a647e18036e663beea8b50a5a6a33,teku,2020-05-28T07:33:36+01:00,2020,Add reference tests and tidy up,45593,223,204.45291479820628
1d036fa46aba087e4c4906b35f98b79115b8f6dd,teku,2020-06-10T18:07:48-04:00,2020,Run spotless,45593,223,204.45291479820628
660dfd8681494acb928a25a9e624c16b6b1b989b,teku,2020-06-16T19:38:25+03:00,2020,Add RpcRequestHandler.active() method,45593,223,204.45291479820628
5d21fa2dc8204f0b6de308c9039be872c3be5b06,teku,2020-06-27T12:59:22-04:00,2020,"Revert ""Move fork choice processing into Store (#2178)""",45593,223,204.45291479820628
49bbe6b1a8cf2fe7f7f39d9d46b753ea24a923a5,teku,2020-07-01T01:13:17Z,2020,Automated REST API documentation update,45593,223,204.45291479820628
f4e378138c40dbd164ed9736590c50295e6d33aa,teku,2020-07-07T12:03:54-04:00,2020,Fix tests,45593,223,204.45291479820628
3e13b6e4dd1356ed122bdb6f322d0599cb97e844,teku,2020-07-22T19:21:33+03:00,2020,Fix DLL binary attribute,45593,223,204.45291479820628
4db7dc45482d71c2de28f2dec42829061f4a7cad,teku,2020-07-22T19:54:03+03:00,2020,Fix BlstPublicKey validation,45593,223,204.45291479820628
b1b6390268ccd953ec0e909a6996dd064cd94cfd,teku,2020-08-11T18:14:46-04:00,2020,"[Issue-2438] Be more careful about disabling validator duties while ""syncing"" (#2555)",45593,223,204.45291479820628
4438b7f5f7dfac3a58bbcfe27a180eba59b75a9f,teku,2020-08-13T14:02:04-04:00,2020,Roll state forward as necessary when processing gossiped attestations,45593,223,204.45291479820628
16d43c69be46de640c715f4126d08470957893f7,teku,2020-08-17T09:19:53+10:00,2020,Fix compare and set...,45593,223,204.45291479820628
5b828be93949b352e4883f4700834b93b273c9b5,teku,2020-09-09T14:02:18Z,2020,Automated REST API documentation update,45593,223,204.45291479820628
bb5d39ab481784867bdceed839a1c5886960a9ea,teku,2020-09-15T14:20:30+10:00,2020,Log when multipeer sync is in use.,45593,223,204.45291479820628
75b1b541dd34f14009f5f1e1565974006dfcefe2,teku,2020-10-13T20:14:08+10:00,2020,Default to a different log file for the validator client.,45593,223,204.45291479820628
ff2a3954b92fbbe0649194c36ba93238e4fff0e0,teku,2020-10-21T13:56:24+10:00,2020,Increase parallelism of reference tests. (#3042),45593,223,204.45291479820628
e09e1ab1c01336d8866bd48684682ef28f2980ae,teku,2020-10-22T11:53:39+10:00,2020,spotless,45593,223,204.45291479820628
59ba63d80ce8253b66243eaab34277338b75afc5,teku,2020-10-26T09:41:24+10:00,2020,Update links and info in README and REST API docs to use ConsenSys org (#3070),45593,223,204.45291479820628
7bd6d3f0f26edbe938323822340d63955265d353,teku,2020-10-27T05:28:01Z,2020,Automated REST API documentation update,45593,223,204.45291479820628
c1450329194510feff825e7b0c40a9d47b5fc842,teku,2020-10-28T16:16:12+10:00,2020,"We only need to load the last finalized block, not a state as well.",45593,223,204.45291479820628
f51e653b5d10cd879c6f8200590c8c32c17d4d62,teku,2020-11-04T16:19:29-05:00,2020,Simplify AnchorPoint,45593,223,204.45291479820628
e35c2e1f5789cd64f9c214831e1ef61d9b385ad5,teku,2020-11-13T19:29:53-05:00,2020,Don't modify Constants in AbstractDatabaseTest,45593,223,204.45291479820628
e9d7ad64583861c45d7137fb0b98793ac273a297,teku,2020-11-18T17:09:41Z,2020,[skip ci] OpenAPI Publish [v20.11.0-RC1+3-g7d96326],45593,223,204.45291479820628
82236af1ae71de008e1f7a4b0ca3767a10bfc802,teku,2020-12-09T17:42:26-05:00,2020,Incorporate feedback,45593,223,204.45291479820628
259791adc00d666210883c3c3c3e9fd739dcfe6e,teku,2021-01-11T13:25:06-05:00,2021,[Issue 3394] Move away from static constants (#3443),45593,223,204.45291479820628
cb5a1786989a91a21ab32f40b5311fb1114f9df4,teku,2021-01-21T17:39:38-05:00,2021,Run spotless,45593,223,204.45291479820628
c5539d54d5025e3ac692d7e1f62f16e69d8acf4f,teku,2021-02-01T11:33:27+10:00,2021,Set package group name.,45593,223,204.45291479820628
b80464460c02825a045730d20c97e433d0b21804,teku,2021-02-17T17:00:37+03:00,2021,Spotless,45593,223,204.45291479820628
cb9032ab443d74c03326512cde831127687c5d0e,teku,2021-02-17T18:31:03-05:00,2021,Add helper factory to build SpecProvider for named networks,45593,223,204.45291479820628
70087821fe1fa6eb16658e079276d647f71d5b86,teku,2021-02-18T16:38:05+03:00,2021,Spotless,45593,223,204.45291479820628
905e1414dd32179049115b9446ce8c3bf7858b7a,teku,2021-02-20T13:13:55+03:00,2021,Fix incorrect overriding of SszMutableListImpl.createImmutableSszComposite,45593,223,204.45291479820628
d41658c641c8113eadb7de4752b10ae42208b062,teku,2021-03-03T08:30:18+10:00,2021,split protoArray builder back out.,45593,223,204.45291479820628
0cbe74caf53124b071722603c75c16957020b3db,teku,2021-03-18T04:15:21Z,2021,[skip ci] OpenAPI Publish [v21.3.0+3-gd172002],45593,223,204.45291479820628
17f653f2afcf1ec73eebb3f0dcaf420fc16acf76,teku,2021-03-22T11:58:48+10:00,2021,Add SyncCommittee data structure. Support creating SpecVersion based on the fork version.,45593,223,204.45291479820628
f4e8dd32028175ca922db22e793d25ef30ea17ff,teku,2021-03-23T08:23:07+10:00,2021,Add getSyncCommitteeIndex to BeaconStateAccessorsAltair (#3754),45593,223,204.45291479820628
e4f82a6288dd435a9636ca49b29ac94f67e7858d,teku,2021-04-01T17:07:12-04:00,2021,Rename config SYNC_SUBCOMMITTEE_SIZE to SYNC_PUBKEYS_PER_AGGREGATE,45593,223,204.45291479820628
e18af1dd303cce9361a1228f394ac5404d3f4d76,teku,2021-04-26T17:51:27-04:00,2021,[Issue 3873] Refactor state transition logic (#3900),45593,223,204.45291479820628
056d2f18c8fe49d1a5a2ba1ab9183c800b46b82d,teku,2021-05-04T22:49:20Z,2021,[skip ci] OpenAPI Publish [v21.4.1+25-g142f11e],45593,223,204.45291479820628
2a26fe1981e241e891c80b78810994ccddef937a,teku,2021-05-17T22:06:09-04:00,2021,Cut deprecated logic from AttesterSlashingValidator (#3999),45593,223,204.45291479820628
e9af228464e876de5a3665bc9a61fd054c47e3b6,teku,2021-05-19T18:48:29+10:00,2021,Move get block root to BeaconStateAccessors (#4008),45593,223,204.45291479820628
47810ab3ca360f4cc825e783bcba087e2124e90f,teku,2021-06-10T06:12:59+10:00,2021,update to alpha.7 altair spec (#4070),45593,223,204.45291479820628
3ed9930bd569e35972dc820d8a52db238520bd97,teku,2021-06-30T08:21:54+10:00,2021,Remove released items from changelog.,45593,223,204.45291479820628
4f2c25bf144529d98af96c49802ba4fff63ce17d,teku,2021-08-20T02:44:49Z,2021,[skip ci] OpenAPI Publish [v21.8.1+13-g47a7bac],45593,223,204.45291479820628
ed59315449be6a23c5e290aabfa537e28a19ce32,teku,2021-08-25T13:19:06+10:00,2021,explicit check for phase0 to use signtype block,45593,223,204.45291479820628
ab8ed276df184c4d157e4c2ed4c92a3576d7ddb8,teku,2021-09-09T14:32:35+10:00,2021,Renames and remove redundant if,45593,223,204.45291479820628
e95b1a75720fd018cdddb3ff30933bb67642e322,teku,2021-09-17T13:26:19+10:00,2021,review comments,45593,223,204.45291479820628
736a9d7f0d6f13ed22afb7d44b3b04470927a3ea,teku,2021-09-17T19:04:45+10:00,2021,Get slashing-protection export and import functional again,45593,223,204.45291479820628
746b1ad67e2abd8c3fa05d980fb19c085b7a9cb6,teku,2021-10-26T12:01:50+11:00,2021,created unit test that considers the speculativeTarget,45593,223,204.45291479820628
9a64e3591909d5a48143d71fb524e2a6d88bb721,teku,2021-10-28T14:52:46+10:00,2021,add build file,45593,223,204.45291479820628
1e5ab1d48fb1eaa1754800aa0d7da127ac68ed02,teku,2021-11-02T13:18:39+10:00,2021,Add response type definition for list keys API (#4545),45593,223,204.45291479820628
3561223fbca4b41ff0fd6bb12c6efdc7f4c5d3b8,teku,2021-11-16T10:50:45+10:00,2021,fix DeleteKeys api and add more tests,45593,223,204.45291479820628
1177506853b375dbfb4671c88c12853ba0c9bb7b,teku,2021-11-18T07:38:06+10:00,2021,implement DeletableSigner delegate (#4662),45593,223,204.45291479820628
33dcddcb455817846d35c00d48e9a809072f0580,teku,2021-11-27T19:16:08+10:00,2021,Fix integration test.,45593,223,204.45291479820628
a8f411db433674947a34ab16432fc21320f6566c,teku,2021-11-30T23:14:15+10:00,2021,Ensure execution engine starts up before beacon node. (#4720),45593,223,204.45291479820628
ab2c2a555b5455c226677e5de232dd7414a28796,teku,2022-01-21T06:21:31Z,2022,[skip ci] OpenAPI Publish [v22.1.0+43-g3607680],45593,223,204.45291479820628
3e14671bc7bbbcc10d0d634bd2134462aa433996,teku,2022-02-12T12:19:18+05:30,2022,feat(jwt): added okhttp auth header interceptor,45593,223,204.45291479820628
ccffb4e26ea6e398d08f05ce8b8c90a9d694abb2,teku,2022-02-16T09:23:06+10:00,2022,Improve accept header parsing for octet-streams (#4987),45593,223,204.45291479820628
bd8f16d04358e91d2e80f5f2f4553634a5c5e999,teku,2022-02-17T13:31:52+10:00,2022,Calculate the proposer again when validators added or for missed events. (#4998),45593,223,204.45291479820628
0b5cb327b9790b36e6c41e508066c12ad28df4d4,teku,2022-03-01T13:43:32+13:00,2022,Fix imports,45593,223,204.45291479820628
507dddda31671dd8ae01d642e5cd3b09dbb9388d,teku,2022-03-08T03:42:04Z,2022,[skip ci] OpenAPI Publish [v22.3.0+26-ga4620f9],45593,223,204.45291479820628
f349c2a6562c8e8f25fa4eb6565d4e20c9cf2791,teku,2022-03-28T01:23:03+03:00,2022,Set correct JWT token iat and expiry (#5240),45593,223,204.45291479820628
4a281042e660339c103b0803669a9b3369de95f2,teku,2022-03-31T09:11:57+10:00,2022,Changelog,45593,223,204.45291479820628
2a9d5cf4b975a982b3b773f919994d145912144f,teku,2022-04-05T13:24:55+12:00,2022,Migrate GetEvents to MigratingEndpointAdapter (#5266),45593,223,204.45291479820628
a709bb0dc5bf4017c8447c4a42e8ea9c08eefec1,teku,2022-04-26T18:44:00+08:00,2022,Don't use a separate windows cache for dependencies (#5375),45593,223,204.45291479820628
90922e178971a8133905a2bae049716556b2dd0b,teku,2022-05-04T08:21:23-05:00,2022,Cast address to string in configMap to fix issue,45593,223,204.45291479820628
9793c62cd95ff633b581d9165dfe7f0321e4e1fa,teku,2022-05-09T09:14:45Z,2022,[skip ci] OpenAPI Publish [v22.5.0+23-gd1e3112],45593,223,204.45291479820628
06898e12b2f6e7ce0f1bf3987905deffa6671281,teku,2022-05-11T13:33:41+10:00,2022,Aggregate public keys in a single pass. (#5468),45593,223,204.45291479820628
47218752c9079d1dba31deabcc3b6c3c0c9a0f60,teku,2022-05-16T10:59:52+12:00,2022,Fix integration tests,45593,223,204.45291479820628
c5e34c64f8e7a6360d7de17161faf52475e6c688,teku,2022-05-25T17:57:56+02:00,2022,force local fallback pre merge,45593,223,204.45291479820628
69395d61d3656737dbf892f4560dcba56be77d83,teku,2022-05-31T17:25:40-05:00,2022,Fix simple typo (#5650),45593,223,204.45291479820628
38a1c48deed866a60bd4f14236e1d3bc9c5c6599,teku,2022-06-02T12:57:02+03:00,2022,ignore null literal as a response failure body,45593,223,204.45291479820628
6a2a608d65326f5a24d673e5bf9a0a51350d2958,teku,2022-06-03T17:15:53+02:00,2022,fix proposer data API to show validator registration publicKey correctly revisit debug log message,45593,223,204.45291479820628
68b16c6af095b6dbdce4995f9f2d4ed652ce501d,teku,2022-06-10T16:40:43+12:00,2022,Remove unnecessary BadRequest class,45593,223,204.45291479820628
4003c4fc4838e9a00d6a1f0202374f612a42cc45,teku,2022-06-23T13:48:59+10:00,2022,Iterate statuses instead of validators list in processEffectiveBalanceUpdates,45593,223,204.45291479820628
3b1684832a832b72cd81e5179e19a1c47f5093d1,teku,2022-08-03T15:39:26+01:00,2022,change log to warning,45593,223,204.45291479820628
4a68388c387b800f301ef7d543c607c1434a7ca2,teku,2022-08-04T16:28:25-05:00,2022,Warn if builder fee recipient differs from registration,45593,223,204.45291479820628
8f7b3111d7356ce6731697211749dc0e3927f203,teku,2022-08-15T04:05:04Z,2022,[skip ci] OpenAPI Publish [v22.8.0+48-gbfa1cd8],45593,223,204.45291479820628
d84729dd5054d5ed7fce6fa4d4da84a44e1e5df7,teku,2022-08-19T11:42:15+10:00,2022,Updated api-proposer-config.json to include gas limit,45593,223,204.45291479820628
439c1151a77e1b448f7c44534bcdb0ad00f0ab37,teku,2022-08-19T21:07:45+04:00,2022,Fix test with Eth1Data cache extension,45593,223,204.45291479820628
57bd6af60eae64e79a265f5c632124600a95dbfe,teku,2022-08-26T12:31:33+02:00,2022,Add Open API annotations,45593,223,204.45291479820628
5bc951b31a0d1192685c613bb02405d82300b08a,teku,2022-08-26T12:35:20+02:00,2022,Update API description,45593,223,204.45291479820628
f23197e59f4bbb87286bf55bc9307441c61a7058,teku,2022-09-12T15:57:48Z,2022,[skip ci] OpenAPI Publish [v22.9.0+21-gf06cde9],45593,223,204.45291479820628
2d9c0da18a599e39d2995deb1938409ea6a97e39,teku,2022-09-16T10:05:24+10:00,2022,Allow leveldb block size to be altered with other database configuration settings (#6208),45593,223,204.45291479820628
1974bcfdc3430d6208e25a752c3059a01f9300f2,teku,2022-09-30T10:12:00+01:00,2022,Kick CircleCI again,45593,223,204.45291479820628
49891b0e22787d9416b976d61f87fb48d871b6d9,teku,2022-11-08T10:45:07+10:00,2022,Update discovery. (#6396),45593,223,204.45291479820628
b67a978e0ad2f735ddc6fe0585c22415bcf0ee5e,teku,2022-11-11T09:19:54+10:00,2022,"update field in builder, and add nextWithdrawalIndex to schema",45593,223,204.45291479820628
476d041e9d38918aeda9406b344e86d055f5dc7f,teku,2022-12-09T18:53:39+01:00,2022,Fix unit tests,45593,223,204.45291479820628
c4376e5a1b26dee8e1f9dd9e125cd0b3c0231261,teku,2022-12-14T19:58:23+01:00,2022,Add blobs sidecars requests throttling (#6604),45593,223,204.45291479820628
765c4230a59a9f5a81439b4df2f7e41d71810121,teku,2023-01-19T21:12:01Z,2023,[skip ci] OpenAPI Publish [v22.12.0+99-g3702941],45593,223,204.45291479820628
385eaa803201ff0d06479cfe133ab3b6b6f7663a,teku,2023-02-13T19:21:09Z,2023,Remove hidden alias of --metrics-block-timing-tracking-enabled (#6799),45593,223,204.45291479820628
4d4f10e1a866679c69bd809ed813a3407b418b10,teku,2023-02-22T11:41:31+13:00,2023,Fix integration test,45593,223,204.45291479820628
e5c24f373499dd5e55ed10e7e596152c742757de,teku,2023-02-22T17:45:24Z,2023,add dummy integration test,45593,223,204.45291479820628
03da68fea659e03f2d804a279d19bd27702b73d0,teku,2023-04-11T17:38:40Z,2023,[skip ci] OpenAPI Publish [v23.3.1+27-gd1347e2996],45593,223,204.45291479820628
9c13811f619123bbd153dc6bade27dc822c40ed7,teku,2023-04-17T09:41:52+10:00,2023,Update project dependencies,45593,223,204.45291479820628
e3cba7ef53bdb262cf830603be68d9b196dc607b,teku,2023-04-17T16:01:54Z,2023,[skip ci] OpenAPI Publish [v23.3.1+35-g95528c7139],45593,223,204.45291479820628
331326511a4923ce70377fc154e7a87e710235b1,teku,2023-04-17T17:32:59+02:00,2023,add some comments,45593,223,204.45291479820628
bcf4b36749f07126e1c0577880de853f850f4ca8,teku,2023-04-28T17:42:48+02:00,2023,rename to testVerifyingEmptyBatch,45593,223,204.45291479820628
f27ea3b5a9303a6515a7cfc50385ebaa68b47fc3,teku,2023-05-11T14:05:46+10:00,2023,fix integration test,45593,223,204.45291479820628
49939c222b7a2b2fb5de915103f15ab7c27e521c,teku,2023-05-18T17:09:28+03:00,2023,fix assemble plus simplification,45593,223,204.45291479820628
0589419f1c850b3f1392d89d87fe9619f4718405,teku,2023-06-16T09:46:03+02:00,2023,revert unintended change,45593,223,204.45291479820628
25afb659548e2632cfd7fa3fbf9ef7e2e412c148,teku,2023-06-30T18:49:45+01:00,2023,remove new line in changelog,45593,223,204.45291479820628
61f4ee88cd27fc9a97b163ea131f559e0a349b13,teku,2023-07-26T17:59:11+02:00,2023,update test comments,45593,223,204.45291479820628
a86e1480a140e74252e4e757298a5e873d55fa00,teku,2023-08-15T21:49:29+02:00,2023,Avoid registration of non-active validators,45593,223,204.45291479820628
6edd1cde3f0267d09f10bc6ad7429d6dac23f579,teku,2023-08-17T14:42:12+01:00,2023,Implement requestBlobSidecar(s)ByRoot in RespondingEth2Peer test class (#7430),45593,223,204.45291479820628
c6c1236c5bc6aed5f4d3a03a2ab8d23d46ae0414,teku,2023-08-31T14:53:14Z,2023,[skip ci] OpenAPI Publish [v23.8.0+41-g1907d83e3],45593,223,204.45291479820628
4aaa75982a16c7af167b29f6207204452c280715,teku,2023-09-14T11:50:16+10:00,2023,fix the changelog.,45593,223,204.45291479820628
03433c1c7f20f6d28e8802e1330821fc3b8d1649,teku,2023-10-05T15:57:34+11:00,2023,Create metric for time taken by validator to perform duties,45593,223,204.45291479820628
9da3e572810ad333179fa35d23cce2536ddf50c9,teku,2023-10-09T11:33:31+10:00,2023,review feedback.,45593,223,204.45291479820628
3d30df7195e26e9bedc5ae36f1914f81dd17c0f1,teku,2023-10-23T16:49:17+02:00,2023,Improve slow db warning (#7620),45593,223,204.45291479820628
b6a6652e2ddc865ce63434561af8e60a68d11eb6,teku,2023-12-21T10:47:53+02:00,2023,reorder,45593,223,204.45291479820628
0af1e24a109d53e25c779affa403e3510e65e0f4,teku,2024-02-28T10:12:34+11:00,2024,Use JsonTypeDef for PostAttesterDuties request,45593,223,204.45291479820628
828013b8bc389118d7e4abd6147a22959d134207,teku,2024-03-15T10:40:23Z,2024,[skip ci] OpenAPI Publish [v24.3.0+25-gbec05a35a8],45593,223,204.45291479820628
68f0101ff71dde1584348f8a990a899f0a30cdcc,teku,2024-03-21T21:33:02+01:00,2024,fix attester slashing schema,45593,223,204.45291479820628
327146e903e2ea68c65332f073753fcd5ca57a26,teku,2024-03-28T11:23:41+01:00,2024,remove DAUnavailablePool,45593,223,204.45291479820628
febaecea9b5571a9b4268939fb0aaac05f7674b7,teku,2024-04-09T09:00:06+10:00,2024,Create maxFollowDistanceSlots,45593,223,204.45291479820628
147b43106642ea4e267038ffc888f67fd68870d4,teku,2024-04-22T09:57:43+10:00,2024,Error prone `final` - infrastructure module (#8225),45593,223,204.45291479820628
16383141a0c9160f521c946954e3e6f9b89c0219,teku,2024-05-13T12:46:18Z,2024,[skip ci] OpenAPI Publish [v24.4.0+45-g615e2ed031],45593,223,204.45291479820628
0b9a20b9e0d6495b64f77589221181e2f004e843,teku,2024-05-16T12:17:50+03:00,2024,Retry registering validators on a failure,45593,223,204.45291479820628
ec33191b8d77750b9ecdac6615dbd7897cc4e0b3,teku,2024-06-11T00:31:26Z,2024,[skip ci] OpenAPI Publish [v24.4.0+87-g0210e42c8d],45593,223,204.45291479820628
971dff46b3ee75274e872f1be3db2ad8c1f58860,teku,2024-06-24T16:27:43+02:00,2024,fix electra beacon state,45593,223,204.45291479820628
b446b2be3e2ed1489b326b03062a9dd6976be225,teku,2024-07-18T02:35:55Z,2024,[skip ci] OpenAPI Publish [v24.6.1+34-gc7ba8a3536],45593,223,204.45291479820628
270adb9bc7e5099d28c8349cead7c6d0b316bff8,teku,2024-07-24T17:19:10+02:00,2024,reuse attestation type definition,45593,223,204.45291479820628
ae17606bd7b2dba92253b8e52acf9084b0b67e5e,teku,2024-08-16T18:51:32+03:00,2024,Fix SimpleSidecarRetriever peer selection (#103),45593,223,204.45291479820628
932c4f62cf045c41bf585fe4b4bf5e489a244aee,teku,2024-08-19T16:34:43+10:00,2024,cleanup,45593,223,204.45291479820628
63d581942882414f36bc84381c2f13fbe39196b4,teku,2024-09-03T14:43:34+10:00,2024,spotless,45593,223,204.45291479820628
a2751cdf38f2a6d0647df56b7a69789dcd64ee88,teku,2024-09-03T16:25:10+02:00,2024,use bit vector for payload attestation aggregation bits,45593,223,204.45291479820628
2adf1b415e0c3791d212cc7c6994b8507a84cc85,teku,2024-09-16T17:24:07+03:00,2024,Update README.md,45593,223,204.45291479820628
85793dcb9d9ce6257badbabd752dc709d9b4776b,teku,2024-09-30T09:34:18+02:00,2024,Gossip_V_1_2 (IDONTWANT) (#8648),45593,223,204.45291479820628
b35d933117755cd66a3266d1b04fbd8ef32c9b26,teku,2024-10-16T13:34:43+11:00,2024,Update option description.,45593,223,204.45291479820628
c28a4765488d5173ce90784cacd05920b0604a7b,teku,2024-10-21T12:06:21+10:00,2024,spotless,45593,223,204.45291479820628
89f647d7aafd9067f532cdcea1d50ce092a842ba,teku,2024-11-12T15:28:50+01:00,2024,fix integration test,45593,223,204.45291479820628
6bfc4b10f3adbdeaac6c12152805e14d24231d62,teku,2024-12-12T21:29:01+01:00,2024,fix and spotless,45593,223,204.45291479820628
6b07218df53eeccb7561d7427e399e78434c01b2,teku,2024-12-13T11:08:43+01:00,2024,Fix config provider to fix spec config api (#8919),45593,223,204.45291479820628
ade3991531e8c807a5fafed9440e193ccd8ad126,teku,2024-12-20T19:32:00+01:00,2024,8944 focil spec config (#8949),45593,223,204.45291479820628
6bc79db0ba3fb55a24286317d5cbec6e80568898,teku,2024-12-31T11:42:41+02:00,2024,small nit,45593,223,204.45291479820628
494214b6d127357cba287d5c82bbf6b5570406cf,teku,2024-12-31T14:05:13+02:00,2024,small nits,45593,223,204.45291479820628
b1a1f4dec7c531604f559a83142ae4c310c5488c,teku,2025-01-09T17:35:49+01:00,2025,8944 focil spec config (#8977),45593,223,204.45291479820628
291fb6ea5d10967926d1185daee58be975989ed6,teku,2025-01-24T18:31:55+01:00,2025,add inclusion list manager (#9034),45593,223,204.45291479820628
f7b5dc78ada974cdbeb999acd3d62a2921ea366d,teku,2025-02-25T00:11:45+01:00,2025,tmp,45593,223,204.45291479820628
f1d06a8fd9d2cbf14d5857e9b35a78ff40cdf718,teku,2025-02-25T15:52:05+01:00,2025,sleep hack,45593,223,204.45291479820628
80902b234e55aa2653630a595aec94601c7c743d,teku,2025-03-31T14:50:09+10:00,2025,re-enable test and change deposti contract address on deposit contract genesis,45593,223,204.45291479820628
c65b33018f845d680cbab108731fdd82377e9775,teku,2025-05-09T14:18:18+02:00,2025,update benchmark,45593,223,204.45291479820628
8e26de7798ae6ccdc2367634d4a93a54da708353,teku,2025-05-20T11:27:19+10:00,2025,Added config defaulting to the Config loader,45593,223,204.45291479820628
962c6f4b08e2d958f771aca0a6b19ebc4948faa1,teku,2025-06-09T10:04:48Z,2025,[skip ci] OpenAPI Publish [v25.5.0+21-g6f7de63e4e],45593,223,204.45291479820628
320586afc9b22f6ec3a993c3deb4fd233d2ed5dd,teku,2025-06-12T10:29:40Z,2025,[skip ci] OpenAPI Publish [v25.5.0+38-g103425b7e2],45593,223,204.45291479820628
5ed325f6fbae56419617134a332e63a56f6cdda6,teku,2025-06-23T12:03:49+03:00,2025,Test: Update errorListBadRequest.json to use numeric index values,45593,223,204.45291479820628
0827963a1e442fdaf61eb3be8af7312371722a35,teku,2025-06-23T17:15:28Z,2025,[skip ci] OpenAPI Publish [v25.5.0+53-g178c98913c],45593,223,204.45291479820628
f441a58b5d0d7c3ae79c49bb1bd60a31b22078b5,teku,2025-06-27T14:45:20Z,2025,[skip ci] OpenAPI Publish [v25.5.0+68-gec0b44e7f3],45593,223,204.45291479820628
ef90b05b0147776ea6a0d2bff8f69c6e6cbef434,teku,2025-07-23T06:57:44+10:00,2025,reduced the count expected in throttling queue test,45593,223,204.45291479820628
cad885fef007d2e1a7098671b4d2b06e5af44316,teku,2025-07-23T08:25:35+10:00,2025,windows seems to run this really poorly,45593,223,204.45291479820628
c457b1927f8acb7225a2da8ccda7d9496e1e747e,teku,2025-07-29T18:17:17+02:00,2025,Implement Builder's blinded_blocks V2,45593,223,204.45291479820628
18e0da4ea3c74e022bb909aa922138958a067d32,teku,2025-08-05T06:59:01Z,2025,[skip ci] OpenAPI Publish [v25.7.1+36-gc4220932d8],45593,223,204.45291479820628
9680a34e186e339b24b283dba96fc5c0a0259c17,teku,2025-08-07T01:53:15Z,2025,[skip ci] OpenAPI Publish [v25.7.1+43-g7dea3be094],45593,223,204.45291479820628
3a74782fa4893a4e7613c05df81c4f1c1e767fc0,teku,2025-08-11T12:20:58+10:00,2025,review feedback,45593,223,204.45291479820628
5d2811774deca89c231005ce4ec95fff9f980c67,teku,2025-08-22T15:03:11+02:00,2025,revisit comments,45593,223,204.45291479820628
e2ff434b90d2b5305bc807e0cd15b8f0cab2e522,teku,2025-09-15T15:26:32+10:00,2025,Cleaned up recovery map as tasks complete,45593,223,204.45291479820628
28b6cabb2f2a3cce3844bd9a73fa8217de45528d,teku,2025-09-29T15:18:25+03:00,2025,Change `DataColumnSidecar` for Gloas (#9929),45593,223,204.45291479820628
b5b63d32f9bc581eadf04e5b802cbb8f05eb094d,teku,2025-10-06T01:13:26-07:00,2025,fix attribution and empty character,45593,223,204.45291479820628
190c8b9913d487d0ebdfd9c60ddb96d9dded28ef,teku,2025-10-07T12:05:55+13:00,2025,Fix DataColumnSidecarsByRoot request msg schema,45593,223,204.45291479820628
cb16f65ae5b67353f212dc5323055183f18ef7db,teku,2025-10-10T12:30:02+02:00,2025,Always log error exception for block production (#9985),45593,223,204.45291479820628
db1ef9ec45b1caf1a1c1d4e3d6d83cadb369007d,teku,2025-10-22T09:15:01+10:00,2025,addressed startup issue,45593,223,204.45291479820628
fbc0c06be63c6b0c605714669ebeabb6de38e695,teku,2025-10-31T15:37:01+01:00,2025,remove das custody sync,45593,223,204.45291479820628
c005883f3a6617523929fc2a2ac6cf796810ffae,teku,2025-11-04T15:53:46Z,2025,simple,45593,223,204.45291479820628
4777ff2d5c4b08f342e8fa6fad3b81c253422912,teku,2025-11-27T12:27:38+10:00,2025,add set to keep ordered track trackers when we need to make room for new tracker due to the introduction of size limitation,45593,223,204.45291479820628
e0acc6467adac6f2610f6138f3579fddcc174079,teku,2025-11-27T19:09:54+01:00,2025,nit,45593,223,204.45291479820628
f00690712cb86a7bde0403d2b7797fe7c3319a34,teku,2025-12-03T17:38:07+01:00,2025,update current or next slot rule,45593,223,204.45291479820628
9e60c9b2484bf690f89864af27141921d1248a67,teku,2025-12-17T11:31:59+01:00,2025,improve,45593,223,204.45291479820628
1195ac8cdefebf3e68466a96b4e562e6a5d3c3e2,teku,2026-01-12T22:33:01Z,2026,[skip ci] OpenAPI Publish [vUNKNOWN+g64ef6da],45593,223,204.45291479820628
e046ba0f2637ba0de46660f8ae9592f3e44ccfa8,teku,2026-01-19T14:56:22+10:00,2026,removed original recovering sidecar retriever,45593,223,204.45291479820628
5a5b36ca92b2138ac8be3325c43bc382b301f9fe,teku,2026-01-19T19:58:51+01:00,2026,Change test connectedPeerGetResponseScore to verify atomic changes,45593,223,204.45291479820628
3b8962d9e86ca794e0b45a5deda2f5275fc310f0,teku,2026-02-12T00:01:28+01:00,2026,Defaults TRUE faster block import when 50% of all sidecar columns available on supernodes,45593,223,204.45291479820628
75cb629393443f74040c20d11268c18f1fde0dbd,teku,2026-02-19T11:40:51Z,2026,a lot of good changes,45593,223,204.45291479820628
e95b7d94a6a308e686d1f1a288447f9d3b5da61e,teku,2026-02-19T15:27:16+01:00,2026,update test,45593,223,204.45291479820628
85e82873bd5878824cddfd219acca409c8113f4f,teku,2026-02-26T20:35:19Z,2026,[skip ci] OpenAPI Publish [vUNKNOWN+ga8b6ba3],45593,223,204.45291479820628
e05959bf5ed3f63127ff8e11fde9fc93fc5cc911,teku,2026-03-23T02:36:32Z,2026,[skip ci] OpenAPI Publish [vUNKNOWN+gcf5c323],45593,223,204.45291479820628
5998efd5ab2a45fbe6d6312011d444a04f099ba3,teku,2026-04-17T09:45:07+10:00,2026,"add renovatebot, dependabot and codeowners (#10538)",45593,223,204.45291479820628
baf47da78e649cee983b95979c62d4e0782a905d,teku,2026-04-24T16:55:07+02:00,2026,Add dormant Gloas forkchoice spec helpers and fork-gated utilities (5 of 7) (#10600),45593,223,204.45291479820628
636a17aae271c13967baa09b91a6c7fde4ad3cb8,teku,2026-04-27T14:33:16+02:00,2026,Using correct getMinEpochsForBlobSidecarsRequests() for blob_by_root range analysis (#10617),45593,223,204.45291479820628
17bc0e773171e409508da50e699c95eaa64781f4,teku,2026-06-02T17:14:23+10:00,2026,add a skip for gossip manager subnet validation,45593,223,204.45291479820628
521e98d6baf9e346c6823ec4ef1f30ce8c46b0c8,teku,2026-06-10T14:42:40+10:00,2026,spotless,45593,223,204.45291479820628
a36220f4ccb1dbacf69f729a96e2eeb52811e31e,teku,2026-07-01T23:49:41+05:30,2026,fix: fix integration tests,45593,223,204.45291479820628
