id,source_platform,fix_commit,fix_author_date,fix_committer_date
besu:hyperledger-besu:GHSA-7pg2-p5vj-xp5h,besu,34cd56131330c9654d5b16902395edc1b3d04801,2021-11-10T22:48:20-07:00,2021-11-10T22:48:20-07:00
besu:hyperledger-besu:PR#10482,besu,9decf2894cec451538fd74890090fa6bd12747f6,2026-05-26T09:35:15+02:00,2026-05-26T09:35:15+02:00
besu:hyperledger-besu:PR#9710,besu,2c03b33eb92564a8369312e8edd0492441c2a4aa,2026-01-29T16:30:28Z,2026-01-29T16:30:28Z
e9c4d0538157b24f,besu,516fabb11b9bfdb216cafd24f64ff903c507522a,2025-03-24T10:17:21Z,2025-03-24T10:18:01Z
besu:hyperledger-besu:PR#8362,besu,0caa215aea376cccf4381b96ee50b9761a87c3e9,2025-03-04T10:12:29Z,2025-03-04T10:12:29Z
d03b52db03359043,besu,feeb6449760b0150d63a1e57a78de085a86f674e,2025-02-11T13:36:29Z,2025-02-11T13:36:29Z
besu:hyperledger-besu:PR#7770,besu,bc9b93ac5b90bea25de692928ae6d920e744ae02,2024-10-15T20:07:17+10:00,2024-10-15T20:07:17+10:00
besu:hyperledger-besu:PR#7664,besu,5b0cec9aefb1a82f07a385678ed9cbbe4486bbb8,2024-09-23T11:00:46+01:00,2024-09-23T11:00:46+01:00
besu:hyperledger-besu:PR#7076,besu,dd8bab6e7361d47b07c23fd472c12bfe2c84d7fc,2024-05-08T14:39:10+02:00,2024-05-08T14:39:10+02:00
besu:hyperledger-besu:PR#6665,besu,78ef0cde8c026d8a2206713708f31640455c50b8,2024-03-13T11:21:00+01:00,2024-03-13T11:21:00+01:00
besu:hyperledger-besu:PR#2338,besu,e2f8ac0491aaaed5fcb927d156ae61ffd5c21b3b,2021-05-28T15:25:46-05:00,2021-05-28T15:25:46-05:00
besu:hyperledger-besu:PR#2227,besu,d83365f27fc14498b60154a153e75a7c223792a7,2021-05-06T10:24:45+02:00,2021-05-06T10:24:45+02:00
besu:hyperledger-besu:PR#1584,besu,6eccff6e9ca1d8b8b478db86b86021ceb5e23d24,2020-11-20T10:57:19+01:00,2020-11-20T10:57:19+01:00
besu:hyperledger-besu:PR#1327,besu,5200871edd3ae2a3731c9c6e0a4fff002015ab3c,2020-08-25T11:57:07+10:00,2020-08-25T11:57:07+10:00
besu:hyperledger-besu:PR#860,besu,043c78838d4f5896bbe5bda4b3d4fbfa7c289ae1,2020-05-11T09:52:51+10:00,2020-05-11T09:52:51+10:00
besu:hyperledger-besu:PR#760,besu,94eac9eac5b285251360b6beba77ce5d27873797,2020-05-07T07:22:14+10:00,2020-05-07T07:22:14+10:00
besu:hyperledger-besu:PR#713,besu,a47c1133a61029b41b4a0dc2746b4cba0ea70b90,2020-04-28T06:32:54+10:00,2020-04-28T06:32:54+10:00
besu:hyperledger-besu:PR#56,besu,152dd77f04f79946686521059f62e557de37ad4f,2019-10-02T00:31:31+03:00,2019-10-02T00:35:07+03:00
20477e7159c2e375,besu,6d1067208e66e4daa3b3300545b305dd3805bdc0,2026-04-28T11:50:34-04:00,2026-04-28T11:50:34-04:00
561c1bd3e369f815,besu,751e3a9efd24c5031b6f1eb129df58e46f9efd1a,2026-04-23T09:08:36-04:00,2026-04-23T09:08:36-04:00
78b8ed5379bc0e1b,besu,09b2c1286e7acba9c2102904cbe94638253a264e,2025-09-26T07:25:20+10:00,2025-09-26T07:25:20+10:00
e1571a89bd83734e,besu,a65e99c69633a55599447a3e358dbc1542d46d76,2025-07-23T11:29:49+02:00,2025-07-23T11:29:49+02:00
fc384bdaf55405d0,besu,7232cded0fd553315bab24a209bb34466fb2a44f,2024-11-14T14:22:11+07:00,2024-11-14T14:22:11+07:00
dbd35c65360f86b7,besu,5de5ebb1da1f2cef76dc630443d292c3c56e7fc3,2024-01-05T08:38:27Z,2024-01-05T08:38:27Z
69fd8ff8f86bb17f,besu,0b83557f5a0327e86db8629dc554c91a95933de9,2026-06-19T11:18:04+10:00,2026-06-19T11:18:04+10:00
67f2f43a5cc1e7a7,besu,b73c1a925eaba741a9d7b35a5154a96d7ea2e51a,2026-06-05T21:08:21+10:00,2026-06-05T21:08:21+10:00
85bb1fb7b3b20032,besu,91798dc142794848cfd68c5ba22b62753ec96e42,2026-06-01T17:17:09+10:00,2026-06-01T17:17:09+10:00
3919fe5bc27b6f9a,besu,51d9bc5d55b374e780c2aadc54adbdc638883fe8,2026-05-25T15:29:28+04:00,2026-05-25T15:29:28+04:00
6f9ecfcff3ba3ddd,besu,abe339b57312e6de3ed3ffee66cf05193458f61b,2026-05-19T12:52:33-04:00,2026-05-19T12:52:33-04:00
84aa4e7064d64e2c,besu,3391a86129370c5e82c3194d2d8c50936d418cd5,2026-05-22T08:57:11+10:00,2026-05-22T08:57:11+10:00
d54de653b8e36cbd,besu,d54bce90a59e20adb8ba3bafba256d093ef72eba,2026-05-12T07:56:03+10:00,2026-05-12T07:56:03+10:00
afe74e9d1a4a7e16,besu,75e6401625bb3bbd0ca98d50ec344dc4412a3299,2026-05-12T13:02:59+10:00,2026-05-12T13:02:59+10:00
cf2d3f3771d9a329,besu,8f573d5e66c5b63033f9b8372d6e8767d49fdf2a,2026-05-03T21:51:19+05:30,2026-05-03T21:56:11+05:30
1f3343be7e321611,besu,c028fc32e0758eceae524471dc831e6e48d104cb,2026-05-08T00:04:49+05:30,2026-05-08T00:04:49+05:30
b8aa44a391141951,besu,71542bdceef8926a26cbc0accc3eb02ec5188dcf,2026-04-28T16:19:53+10:00,2026-04-28T16:19:53+10:00
49a57ce85fa4bbfd,besu,cd606cec7249b524e3be3e305f238d8522ef88e8,2026-05-21T18:16:32+10:00,2026-05-21T18:16:32+10:00
fb8d7159b30c508c,besu,bc136b01552a586509b853d494f656fbd40b1583,2026-04-14T10:26:32+08:00,2026-04-14T10:26:32+08:00
5819341c855a5bbc,besu,043d29119f2cff3efd9aa8411380507c4fad4eff,2026-03-26T17:43:12Z,2026-03-26T19:21:46Z
5ec907db7c0ed475,besu,66621b3ef60b84d721b3d6da7e68389813690a05,2026-03-26T15:07:51+01:00,2026-03-26T15:07:51+01:00
ab814a9cc0f3904b,besu,cb5d0b4e0d3f8d0f0d668db1fc1bec89886e6f3a,2026-03-17T07:27:39+10:00,2026-03-17T07:27:39+10:00
2e567e0f5fda61bd,besu,7c3d87cc4b973005644ad7bd642c7a286a841878,2026-04-23T10:58:23+10:00,2026-04-23T10:58:23+10:00
c1c13e3a09c53ba9,besu,7df269b59a1d81ed9e6b153c12b6ce98844bd67d,2026-03-04T11:40:57+10:00,2026-03-04T12:48:53+10:00
f457ce275e60f408,besu,36b7ff5357116a8a3388d10a6cd19b453b0f4d91,2026-03-06T14:05:29Z,2026-03-06T14:05:29Z
8c4f09f562cc9c1a,besu,1fff4b3c11dea2f15dd62a9f9c923aac9e1e6874,2026-03-02T21:26:53+10:00,2026-03-02T21:26:53+10:00
a46cdfdd5e4bc29f,besu,bb6a5a7ec8039e37a6e1709ab140dc888cfddaf5,2026-03-03T14:08:10+10:00,2026-03-03T14:08:10+10:00
34f7ecd2a55acf8d,besu,47e09f53bca285c30c3d03e5709449a508863198,2026-03-18T14:55:43+10:00,2026-03-18T14:55:43+10:00
353c03f7ce5aa459,besu,f24a909dfc99b593b37df3de9bb749fb0b1a5e94,2026-02-26T15:12:48+10:00,2026-02-26T15:12:48+10:00
aa8db8bc58d9d4fa,besu,266d5c72d560ceeaecd0db400163e8824818d0c8,2026-04-08T12:08:15+02:00,2026-04-08T12:08:15+02:00
28bf3248723b67f1,besu,410f54ca76e7c418b61a997315a8cc95f32ea9b9,2026-02-19T05:23:12Z,2026-02-19T05:23:12Z
6c1c5e542d066aae,besu,3b7a350fbde7d4666bef77b63dbf6244c604f754,2026-02-18T13:29:32+01:00,2026-02-18T13:29:32+01:00
b2d096801b58f598,besu,dde72355d64381b260a49133d0612043448194fd,2025-11-19T16:27:54+04:00,2025-11-19T16:27:54+04:00
2f2b4d92546d465a,besu,002cb82d14cc2708ec296deda8abff48079ed8c6,2025-11-24T09:34:39+04:00,2025-11-24T09:34:39+04:00
a9350cd712298e75,besu,3ee0ca326a7539676d525dca83d1c6b27791ba23,2025-09-25T20:07:21+10:00,2025-09-25T20:07:21+10:00
d07d558fff4158dd,besu,07fa48183167927115041f8bfc15ab3fae7defe6,2025-08-21T10:45:41+10:00,2025-08-21T10:45:41+10:00
7077acce54fd8438,besu,19cf83edca7b53803a95fdd083487536e9c5e5df,2025-08-14T14:45:20+03:00,2025-08-14T14:45:20+03:00
7cab3cde20291a7d,besu,32b1139dc20dcd1a124e9bd36e8ad6a8b8d405e9,2025-07-25T12:59:34+10:00,2025-07-25T12:59:34+10:00
fef7c71299259696,besu,cb77e0f4c57369c6915d1122540bbae830af0caf,2025-06-25T06:53:15-07:00,2025-06-25T06:53:15-07:00
6317ed4595eeada3,besu,8112144a3b6d9299a1297b80a843983fd5b8eb44,2025-02-13T17:45:08Z,2025-02-13T18:01:05Z
95eb40224b72ae19,besu,9bb83f90a3d871183d09fb7b0d9ce90167d23ba7,2024-11-04T14:42:24-08:00,2024-11-04T14:42:24-08:00
083de01ffbbc3f60,besu,bb9ec8106cc17f10d957ee4e11ec448c21880362,2024-10-09T18:51:14+10:00,2024-10-09T18:51:14+10:00
04ad4ea78a88044f,besu,9ea174bd1c2de13709f2e1168af10272b606269a,2024-10-11T14:29:45+10:00,2024-10-11T14:29:45+10:00
9c523448b1f6fe96,besu,a2abff2d4456cd9cc66d3a5fae3bcf6b163e606f,2024-10-09T13:08:21+02:00,2024-10-09T13:08:21+02:00
bd465135e2b0c912,besu,83ce60347f249d95c248ff4e5deec6ab077cc1dc,2024-10-01T11:54:14+10:00,2024-10-01T11:54:14+10:00
d60ba87fb8eab15c,besu,b31679819413131399dfc79e0a2bfaa7d7dca248,2024-06-24T14:23:48+10:00,2024-06-24T14:23:48+10:00
3d84a4b888563ba6,besu,28191dc0a0286caa25a941f23b978a0ac1f2bc06,2023-07-10T15:32:54+02:00,2023-07-10T15:32:54+02:00
d61a3b489e87872c,besu,427c37511374b8b145e931cb2a15d83c15bbb6d9,2023-05-04T16:10:06+10:00,2023-05-04T16:10:06+10:00
2f2ac6279d722ef4,besu,3b83543915ee28cef4d638c9d1b8689f73f8fad0,2023-05-04T11:54:53+10:00,2023-05-04T11:54:53+10:00
4a75fc0c9b914b9c,besu,f881076c99fe81a55d7329070ee098b83278011b,2023-04-24T17:43:40-03:00,2023-04-24T17:55:05-03:00
4b9f0bbf7df78586,besu,7b2cfce7223d684f1a07d1eb117658115c669c8a,2023-04-21T05:00:53+10:00,2023-04-21T05:00:53+10:00
66f92f2f3e4060c3,besu,c940317f820eb0a904ff49464ef2ce0d26bce34d,2023-02-07T23:36:13-03:00,2023-02-07T23:36:13-03:00
fbd25a6144c87562,besu,76337ff271f95946c438cc2500dfc45c7e80c7ac,2023-01-26T14:48:57+01:00,2023-01-26T14:48:57+01:00
78884e1946851452,besu,496a2122e54a90cc3434f6f295c8fa6b4439f9c5,2023-01-24T09:39:20+01:00,2023-01-24T09:39:20+01:00
ac999418b7152a8e,besu,448cc592c28a50b5bc45c834ebb93bab76aa3a49,2022-11-15T12:27:59+10:00,2022-11-15T12:27:59+10:00
da6c2da993ae3277,besu,01f73e94f9dabf0ad49843a7f8b1dcf24a4e53cd,2023-04-19T10:43:44-07:00,2023-04-19T10:43:44-07:00
c50d9554edeb1e88,besu,d3aaca8f1b35c1893269b8e4c71e014e512e1dce,2022-07-01T11:16:21+02:00,2022-07-01T11:16:21+02:00
87bfaa759ca4d2c1,besu,711af3a82672a40b30b6fa83bec9a8b68648d2ff,2022-05-20T13:41:07+10:00,2022-05-20T13:41:07+10:00
a28a0f2893adb478,besu,fda1a30c857eca1d63e8dfd5126052c47b8bcd8d,2022-05-03T16:36:20+10:00,2022-05-03T16:36:20+10:00
75b778f6af3c075a,besu,682a982dea8ed863bded705b8aa3ebaf597801d7,2022-04-08T12:20:43+10:00,2022-04-08T12:20:43+10:00
a2aaace6e855d971,besu,7ffdbadd91b6dc4185e79c305fb271a0b4d2f7ce,2022-04-07T11:32:21+10:00,2022-04-07T11:32:21+10:00
e4d90eb1aa02444b,besu,a3b4cd04b2952f6e26cd0adda24dcf77a0fa464e,2022-03-29T14:50:21+02:00,2022-03-29T14:50:21+02:00
b6cb2a5088c2d113,besu,582e30478a497ebfdc6ed382ffa425fffc19bf29,2022-03-21T11:55:39+10:00,2022-03-21T11:55:39+10:00
4eed0aab236bec8a,besu,2a0044dba977f2db14922261edaace4b876cde4c,2021-12-20T23:24:16+01:00,2021-12-20T23:24:16+01:00
cc15a213461e8ff3,besu,ad1244fdd8777dc770fe5a8ae775f6acf210cc4d,2021-06-16T10:18:49+02:00,2021-06-16T10:18:49+02:00
c7aacec7d44a1bfe,besu,c0842f783e06ea0e0a49fcc00befda1d57bfa8c2,2021-03-13T09:46:37-06:00,2021-03-13T09:46:37-06:00
a5d65ea0aedf63da,besu,47a7bea2ac6c00a0f490e779da1542b86d6f4074,2021-03-12T05:18:24+10:00,2021-03-12T05:18:24+10:00
03ee597daf4432c9,besu,d1c18cd49cdbdd25e6cf61f667eb05459fb6d599,2021-01-05T14:42:22+01:00,2021-01-05T14:42:22+01:00
6d8ba4e6215d1609,besu,efdaaf9fbd5e6e40e17263f765528f85b3773c22,2020-09-28T08:45:02-06:00,2020-09-28T08:45:02-06:00
fd7be198296e0585,besu,5d0f1afabbd7bce3989c5c3596900e6a964e8e07,2020-06-26T07:19:40-04:00,2020-06-26T07:19:40-04:00
42dba3ff2425caa1,besu,a62d29715bf513eacef3997811515795c72afaed,2020-05-28T16:28:36+02:00,2020-05-28T16:28:36+02:00
f8362cfa62be87b7,besu,3f4e49c4f40d9811b62f19dedae442b8f1b4fd75,2020-05-19T15:48:44+02:00,2020-05-19T16:05:57+02:00
3527258854fc915f,besu,3c51b9cfdf190cdb04d4d456058b3570e4691258,2020-05-18T12:48:04+02:00,2020-05-18T12:48:04+02:00
b92439a9784c1ffc,besu,f22b97e7190cb9c904ce6d53f7c84daed5060268,2020-04-16T11:00:44-07:00,2020-04-16T11:00:44-07:00
36e085ee789cf7a1,besu,04f0ca83b6b05553a3d848fe0f5b1f9c21157c31,2020-04-17T14:32:34+02:00,2020-04-17T14:32:34+02:00
6868257f2b4cd074,besu,901b808e4de2bd636cd0fdf5e2b78ed82d87f341,2020-10-06T15:43:51-04:00,2020-10-06T15:45:40-04:00
8df0083f5c07866d,besu,3455941404a3606091345d7536eda3db837e9325,2021-12-15T13:55:39+01:00,2021-12-16T19:19:20+01:00
0a1326c242086e7a,besu,c4ee1573c6639a055db2ee323d58b34faaf61064,2022-09-25T12:50:54+02:00,2022-09-25T12:53:24+02:00
aae7528edb15c135,besu,e38acf76f25f069e9de8b21fbd5ff4bc7808c0d4,2022-10-19T12:23:00+02:00,2022-10-19T12:30:16+02:00
988f488158943300,besu,db2e5addc7ccd9c4b8b015bdd367d5e328b0de7a,2022-11-01T13:54:49+01:00,2022-11-01T13:54:49+01:00
1eceec391aa665ae,besu,a63c80e434aa6ab763d85efd90e2384822c4b7b6,2022-12-02T12:12:23-08:00,2022-12-02T12:12:23-08:00
28f843896069db8d,besu,c5b2283a0f7b04a40f4af9d5ce6b2567c97d8a18,2023-10-27T17:44:29+10:00,2023-10-27T17:44:29+10:00
e20b65974155e429,besu,7f08db117e0a401728120ae10e2ffb885abf4898,2025-03-18T05:38:26+10:00,2025-03-18T05:38:26+10:00
93076007b5f6d2f2,erigon,7c048051604c52ca1b95420bc8203ab9dfa3a711,2026-05-22T08:23:56+01:00,2026-05-22T07:23:56Z
erigon:erigontech-erigon:PR#21271,erigon,18e32da02be5b0a8e8a0ec8f50104d0cb9cafd9a,2026-05-19T10:08:58+02:00,2026-05-19T10:08:58+02:00
erigon:erigontech-erigon:PR#10776,erigon,eb550a3889d65ca26f59fda6a636119ba48709e6,2024-06-17T14:01:44+07:00,2024-06-17T14:01:44+07:00
erigon:erigontech-erigon:PR#4721,erigon,14143e733aad3fb093dc9a63222f227ba073029c,2022-07-15T13:57:17+07:00,2022-07-15T13:57:17+07:00
19c01fce178a8733,erigon,ee62d9c9371f4178903553691a18e47735894afd,2025-11-21T08:40:59+02:00,2025-11-21T13:40:59+07:00
d062b8ac653cd7a7,erigon,ad6ca9a2d4dbcccc9b051a441432e1a4d6275755,2026-03-11T12:43:02+01:00,2026-03-11T11:43:02Z
erigon:erigontech-erigon:PR#13256,erigon,d710223c36869b85fffe374bd76cdea1e2d2d7d7,2024-12-27T14:09:08Z,2024-12-27T14:09:08Z
erigon:erigontech-erigon:PR#5450,erigon,bb54ba8435f2b66f01e4f91a17ddb26020c9645e,2022-09-20T22:00:39+01:00,2022-09-20T22:00:39+01:00
erigon:erigontech-erigon:PR#13482,erigon,2fe33a1eee453048e3bc6b4e1aef1fce3173aedc,2025-01-17T16:15:46+01:00,2025-01-17T16:15:46+01:00
erigon:erigontech-erigon:PR#21558,erigon,28ddbf16350e295d1d7bdc5dd812267e3b1e068f,2026-06-01T14:06:49+02:00,2026-06-01T15:42:16+02:00
erigon:erigontech-erigon:PR#21971,erigon,9fdcdb44b0dd2b90d24d0c687a293fe3e6e41fcd,2026-06-23T16:01:32+02:00,2026-06-23T16:01:32+02:00
48a92b0746206f82,erigon,bae1c116f8e5df9bd2bfe2ef27ce3b60690a8560,2026-06-02T03:52:38+02:00,2026-06-02T01:52:38Z
e81ff04daa5433fc,erigon,93480e4c0f2d3060efff4ca18ece948f860e3804,2026-05-21T08:20:27+02:00,2026-05-21T06:20:27Z
erigon:erigontech-erigon:PR#20748,erigon,c7c82f9afbe0f4d2b108e543af9ec5e15a8ae607,2026-04-23T15:37:03+10:00,2026-04-23T15:55:17+10:00
erigon:erigontech-erigon:PR#20765,erigon,527dc92022c3880156183a3bba591709ef4d0dce,2026-04-23T15:37:03+10:00,2026-04-24T09:52:51+10:00
erigon:erigontech-erigon:PR#21068,erigon,4fa4935ec6d771d82a21c3ee22130f20499e083c,2026-05-11T02:07:11Z,2026-05-11T02:07:11Z
erigon:erigontech-erigon:PR#20632,erigon,0ebb234e6e3fda5063e9ec8f1632499362c18830,2026-05-13T13:59:24+02:00,2026-05-13T13:59:24+02:00
erigon:erigontech-erigon:PR#20611,erigon,449c16aa56d788d09db449e06ab6bf9706ccd178,2026-04-18T17:09:53+07:00,2026-04-18T17:09:53+07:00
erigon:erigontech-erigon:PR#20600,erigon,90a891fbbeb726eb6335d60c5340fb45c1a00c7e,2026-03-10T21:55:02Z,2026-04-16T11:32:35+02:00
erigon:erigontech-erigon:PR#20492,erigon,210d3a7efdf70660cd1fc359321f8f4dd29a35d6,2026-04-11T12:49:32+07:00,2026-04-11T12:49:32+07:00
erigon:erigontech-erigon:PR#20493,erigon,2ced5288a626525345c66963c70efb59b47e0f9e,2026-04-11T12:49:32+07:00,2026-04-11T12:49:54+07:00
erigon:erigontech-erigon:PR#19783,erigon,eea5f9e4dae461146fb91d5fe531327ae1842627,2026-03-10T20:02:15+01:00,2026-03-10T20:02:15+01:00
erigon:erigontech-erigon:PR#20198,erigon,872ebb4c5ff8bbb3cf385f622e543b9faca42386,2026-03-27T16:11:03+01:00,2026-03-27T16:11:03+01:00
erigon:erigontech-erigon:PR#19156,erigon,2fee4d99f2192ecc7ab43af4f1152fd5238f6b1e,2026-02-15T15:11:43+01:00,2026-02-15T15:11:43+01:00
erigon:erigontech-erigon:PR#18927,erigon,e9229506a499b75a01f3fdaaea7eb89da2d2886f,2026-02-02T13:01:51Z,2026-02-02T13:01:51Z
erigon:erigontech-erigon:PR#18942,erigon,891b91593c275544896d69e6e0f87e8376ae995e,2026-02-03T17:11:41+01:00,2026-02-03T17:11:41+01:00
erigon:erigontech-erigon:PR#19484,erigon,fc592e17b18dffba4a03204a19af469eeefbbdc0,2026-02-25T15:47:13+01:00,2026-02-25T15:47:13+01:00
erigon:erigontech-erigon:PR#18734,erigon,7057494a32343c062bb44fe886d6811e7e510d84,2026-01-21T11:41:15+05:30,2026-01-21T11:41:15+05:30
erigon:erigontech-erigon:PR#18552,erigon,72287c784ec6d753595b50dcb09fb3c6dd8077a6,2026-01-07T09:13:31+07:00,2026-01-07T09:13:31+07:00
erigon:erigontech-erigon:PR#18232,erigon,3270e4351d0130ed1b669a5b1fe4ec66297cfb2a,2025-11-21T16:15:22+07:00,2025-12-10T14:41:46+08:00
erigon:erigontech-erigon:PR#17992,erigon,d67fc8279e6e7cff7c82de818c09b4813e0ee8f2,2025-11-20T14:51:28+07:00,2025-11-20T14:51:28+07:00
erigon:erigontech-erigon:PR#18417,erigon,2a36dd1fb088da38ea41ce082514f100263b3139,2025-12-22T14:42:26+02:00,2025-12-22T14:42:26+02:00
erigon:erigontech-erigon:PR#17941,erigon,950f26f277cc9899033aeb3ffd86fde897151e39,2025-11-18T15:31:02+11:00,2025-11-18T15:31:14+11:00
erigon:erigontech-erigon:PR#17565,erigon,c0707af8676afc10e4690a5ebc00509b69173380,2025-10-17T14:32:03+07:00,2025-10-17T14:32:03+07:00
erigon:erigontech-erigon:PR#17749,erigon,c66f0482e1d66cb6591a466a251c977615d90270,2025-11-03T13:54:24+11:00,2025-11-03T13:54:24+11:00
erigon:erigontech-erigon:PR#17053,erigon,11c6fbd8efb4bbfd7689337da236709f2b2176eb,2025-09-08T13:24:16+02:00,2025-09-08T13:24:16+02:00
erigon:erigontech-erigon:PR#17052,erigon,0e8ebee92a82db0e9c01f783ffe1d402fec2e8fd,2025-09-08T13:20:47+02:00,2025-09-08T13:20:47+02:00
erigon:erigontech-erigon:PR#16919,erigon,9d4cfe0b9b43af10d34e14a5ebbd9054dd7ec2aa,2025-08-31T12:45:59+10:00,2025-08-31T12:45:59+10:00
erigon:erigontech-erigon:PR#16937,erigon,f0ef00e306f5a5c6f0108bacc8c1237cd98e0bd1,2025-09-01T03:26:24+02:00,2025-09-01T19:31:16+02:00
erigon:erigontech-erigon:PR#16879,erigon,3e44234b18961cc9cf4c075ea6e01c7007d5f0af,2025-08-28T19:44:56+10:00,2025-08-29T14:18:31+10:00
erigon:erigontech-erigon:PR#16990,erigon,d800720c00ac44cb8cc6a12cdb653ac89afcd438,2025-09-04T00:24:35+10:00,2025-09-04T00:24:35+10:00
erigon:erigontech-erigon:PR#16591,erigon,59d46414268d4bafbb2787bcf1d44e78fece1a7a,2025-08-13T12:06:33+02:00,2025-08-13T12:06:33+02:00
erigon:erigontech-erigon:PR#17190,erigon,9386709923107f29996ec4af26a89c1ae9208dc0,2025-09-22T14:16:38+03:00,2025-09-22T14:16:38+03:00
erigon:erigontech-erigon:PR#16766,erigon,7f6d6c94ec6f3b5e6af546ee645c02013990634a,2025-08-21T19:30:27+02:00,2025-08-21T19:30:27+02:00
erigon:erigontech-erigon:PR#16908,erigon,b82ed2712fdf71b28d60ac2afd8c31dfed82daca,2025-08-29T16:48:15+02:00,2025-08-29T16:48:15+02:00
erigon:erigontech-erigon:PR#16135,erigon,3662b017739807898a7147b12d3634fddc0dd50d,2025-07-18T15:48:03+02:00,2025-07-18T15:48:03+02:00
erigon:erigontech-erigon:PR#15792,erigon,7a3ef28e195c9885b23e3030c62d0042682ac86e,2025-06-27T12:12:55+01:00,2025-06-27T12:12:55+01:00
erigon:erigontech-erigon:PR#15834,erigon,7b8e38111ad0210fe4f20d6d4708cd5ae6a86a83,2025-06-29T16:21:06+02:00,2025-06-29T16:21:06+02:00
erigon:erigontech-erigon:PR#16032,erigon,02ea0c17fafb217e4e2ee21210f5476c1be5b308,2025-07-10T19:04:35+10:00,2025-07-10T19:07:11+10:00
erigon:erigontech-erigon:PR#15460,erigon,a09c697c142b0e4025a34c559a49dc057d6c11db,2025-06-05T11:59:24+02:00,2025-06-05T11:59:24+02:00
erigon:erigontech-erigon:PR#15933,erigon,2c0d3a93a760addc7db44990136db4ded73eda13,2025-07-04T11:53:42+02:00,2025-07-04T11:53:42+02:00
erigon:erigontech-erigon:PR#14313,erigon,6a91bce9bd33960022bcfb073f6bcf2bea923a87,2025-03-27T10:16:13+05:00,2025-03-27T10:16:13+05:00
erigon:erigontech-erigon:PR#14057,erigon,ec15a18c8286f9df476b2c15d6d466296cc0a006,2025-03-04T22:09:09+01:00,2025-03-04T22:09:09+01:00
erigon:erigontech-erigon:PR#14078,erigon,0146f5313bdf8028b0f1b5678403d8c087d7799a,2025-03-05T14:36:12Z,2025-03-05T14:50:09Z
erigon:erigontech-erigon:PR#13715,erigon,09c78ce2324ada08c0096d919586f9140f42c8dc,2025-02-06T12:24:47+01:00,2025-02-06T12:24:47+01:00
erigon:erigontech-erigon:PR#13270,erigon,4f32faa7eeb68c533c8b43e74e8534d4b31f606e,2024-12-29T23:24:12-03:00,2024-12-29T23:24:12-03:00
erigon:erigontech-erigon:PR#13355,erigon,42c537b8a326915c9fb9a71a71e0103a969379df,2025-01-16T18:26:49Z,2025-01-16T18:26:49Z
erigon:erigontech-erigon:PR#13508,erigon,d32c9b98a2ed39a8ef0096126aef2e28265a906f,2025-01-20T17:03:15Z,2025-01-20T17:03:15Z
erigon:erigontech-erigon:PR#13849,erigon,59864701a599db9210fee20eb22ef9cbfa9ec6d4,2025-02-17T19:15:12Z,2025-02-17T19:15:37Z
erigon:erigontech-erigon:PR#13559,erigon,b543e5c3e1b139d51328e37938830068f49d0214,2025-01-28T15:48:16+06:00,2025-01-28T15:48:16+06:00
erigon:erigontech-erigon:PR#13548,erigon,e1b8e2944958ed222d98ce7e9a1bc27ccbd6c6d2,2025-01-24T16:35:50+06:00,2025-01-24T16:35:50+06:00
erigon:erigontech-erigon:PR#13551,erigon,29606266d040ca577033f2ae151767bf039f3143,2025-01-24T17:27:27+06:00,2025-01-24T17:27:27+06:00
erigon:erigontech-erigon:PR#13333,erigon,f7e387d53a3141e8dbfa20cb547b22f5744ca4b9,2025-01-06T23:47:42+08:00,2025-01-06T23:48:02+08:00
erigon:erigontech-erigon:PR#13452,erigon,f1b866ceb942ce697b611741e3561bbd52483052,2025-01-15T15:45:04Z,2025-01-15T15:45:04Z
erigon:erigontech-erigon:PR#12714,erigon,7316aec2a34b6d7f2af2674bf2bb405355df81cb,2024-11-13T11:43:17+07:00,2024-11-13T11:45:22+07:00
erigon:erigontech-erigon:PR#12533,erigon,d34a7c931b4a808522fbc9e456904765d0912392,2024-10-30T00:54:55+01:00,2024-10-30T00:54:55+01:00
erigon:erigontech-erigon:PR#12520,erigon,ad5c0364ac0ff7c61413014f73138b19728264ab,2024-10-28T19:51:52-03:00,2024-10-28T19:51:52-03:00
erigon:erigontech-erigon:PR#11956,erigon,dfb2104cd29fb1012785c39abb9ca5e2b8fca4be,2024-09-11T22:50:34+08:00,2024-09-11T22:50:34+08:00
erigon:erigontech-erigon:PR#12133,erigon,7cfa349cf60394e81490e157a0de1414fa830894,2024-09-29T20:21:05+02:00,2024-09-29T20:21:05+02:00
erigon:erigontech-erigon:PR#11608,erigon,314d4c7297333ff498b966854d6a7d5c482e4df6,2024-08-14T17:21:48+09:00,2024-08-14T17:21:48+09:00
erigon:erigontech-erigon:PR#11624,erigon,7dc9c633c95d05a04680cb88333f0105fe660592,2024-08-15T09:39:57+09:00,2024-08-15T11:21:31+09:00
erigon:erigontech-erigon:PR#11957,erigon,8bcc3cd7d7a5510000c2affb54accdb08e2076e0,2024-09-11T16:38:53+01:00,2024-09-11T16:39:32+01:00
erigon:erigontech-erigon:PR#11665,erigon,754aca05d3ac72532899532cb6ac15d4c50965de,2024-08-20T17:00:10+02:00,2024-08-20T17:00:10+02:00
erigon:erigontech-erigon:PR#11337,erigon,b2d4646ec80d69a424d8e87e65f3596f85109264,2024-07-26T16:38:18+07:00,2024-07-26T16:38:18+07:00
erigon:erigontech-erigon:PR#11583,erigon,a1263b7cdd859585b6993ee111701769dc481874,2024-08-01T00:48:22+08:00,2024-08-13T14:07:39+09:00
erigon:erigontech-erigon:PR#11495,erigon,5fc20ee77499e047d7c572acace69de601fc16ca,2024-08-05T23:15:35+04:00,2024-08-05T23:15:35+04:00
erigon:erigontech-erigon:PR#11419,erigon,6d6b5727771c9448a452bb7916c4c565e76dbbf4,2024-08-01T00:17:04+08:00,2024-08-01T00:17:04+08:00
erigon:erigontech-erigon:PR#11496,erigon,24773020f5b35527510b8b082e32c1869d877c4d,2024-08-05T23:11:49+04:00,2024-08-05T23:11:49+04:00
erigon:erigontech-erigon:PR#10942,erigon,39f508e0e3a031313a0c33120ba72a82b3af007a,2024-06-28T14:03:11+04:00,2024-06-28T14:03:11+04:00
erigon:erigontech-erigon:PR#11629,erigon,68d0ad9eb446cf459c9a6c08383bd35f41970963,2024-08-15T13:20:41+01:00,2024-08-15T13:20:41+01:00
erigon:erigontech-erigon:PR#11260,erigon,1aa01809708e8ab40faae5ac80475b7da14f5927,2024-07-22T01:31:55+08:00,2024-07-22T01:31:55+08:00
erigon:erigontech-erigon:PR#10732,erigon,64f5fe2e2aa1b381e4cdfc7fb81053fe2a437076,2024-06-13T14:06:51+07:00,2024-06-13T14:06:51+07:00
erigon:erigontech-erigon:PR#11009,erigon,7d23d48bad5412fc50b9a2b2915d10323823b256,2024-07-03T13:15:57+01:00,2024-07-03T13:15:57+01:00
erigon:erigontech-erigon:PR#10885,erigon,04877857f70cbc36bcc872dab782b25201f91723,2024-06-24T16:18:56+01:00,2024-06-24T16:18:56+01:00
erigon:erigontech-erigon:PR#10567,erigon,49a8719b47adb3751222354c59b5489a27b2d14b,2024-05-31T11:54:50+07:00,2024-05-31T11:54:50+07:00
erigon:erigontech-erigon:PR#10411,erigon,1b6f3d46bfc019d6826fd01eab633cbf4944cc61,2024-05-20T06:22:45-03:00,2024-05-20T06:22:45-03:00
erigon:erigontech-erigon:PR#10469,erigon,691741865c372332d465ebfe4aa7ddb29aee5de6,2024-05-27T11:47:20+01:00,2024-05-27T11:47:20+01:00
erigon:erigontech-erigon:PR#9763,erigon,52558b26d5bb4388929a6044a473c93463d677ec,2024-03-20T13:00:31+01:00,2024-03-20T13:00:31+01:00
erigon:erigontech-erigon:PR#9618,erigon,fda97501a635ed9fba0247ebfc7870036bad4226,2024-03-07T11:42:11+07:00,2024-03-07T11:42:11+07:00
erigon:erigontech-erigon:PR#9552,erigon,2a348a91557e27f6ae74bc08c73f049a2876cc6b,2024-02-29T17:38:32Z,2024-02-29T17:38:32Z
erigon:erigontech-erigon:PR#9240,erigon,fbf1d31ac1d9b9e2ef8798914830d4ddb580fa6c,2024-01-15T17:41:11+01:00,2024-01-15T17:41:11+01:00
erigon:erigontech-erigon:PR#8803,erigon,469e84596f9a82d4d0c2baeff338667b8e3cda47,2023-11-21T12:26:45+07:00,2023-11-21T12:26:45+07:00
erigon:erigontech-erigon:PR#8562,erigon,d6e605529d3146712d2e8967a856dc4d9c472147,2023-10-23T11:56:58+01:00,2023-10-23T11:56:58+01:00
erigon:erigontech-erigon:PR#8040,erigon,09ca469e23c5c1be5fc4f607f4acf493932a7d4d,2023-08-18T22:13:30+02:00,2023-08-18T22:13:30+02:00
erigon:erigontech-erigon:PR#8042,erigon,4454a24764bc27bb33c0f62132c06d14197906c4,2023-08-20T10:22:55+01:00,2023-08-20T10:22:55+01:00
erigon:erigontech-erigon:PR#7979,erigon,9de7ff2506e2dbb09aafde561315740010eb9902,2023-08-08T15:18:17+06:00,2023-08-08T15:18:17+06:00
erigon:erigontech-erigon:PR#8032,erigon,3c66b673d8f8a44f023114ff867759d96f194b9b,2023-08-11T20:42:01+01:00,2023-08-22T10:47:14+02:00
erigon:erigontech-erigon:PR#7919,erigon,966225b1e5fec34acbca390cb3f22d3d36834753,2023-07-22T07:59:56+01:00,2023-07-22T07:59:56+01:00
erigon:erigontech-erigon:PR#7904,erigon,89e3c2dfe400db79546b4bc574094c31cb913775,2023-07-17T21:49:34+02:00,2023-07-17T21:49:34+02:00
erigon:erigontech-erigon:PR#7163,erigon,0903e4faef509fda0dda8e1da5b29411e8cdecfa,2023-03-23T09:37:11+07:00,2023-03-23T09:37:11+07:00
erigon:erigontech-erigon:PR#6924,erigon,a8b233dd738b9986bc582123af6483b63805e0ab,2023-02-22T10:06:30+07:00,2023-02-22T10:06:30+07:00
erigon:erigontech-erigon:PR#7000,erigon,9e3fef45194ebb757fa1e5aa543cb8cf188d2370,2023-03-02T09:45:10Z,2023-03-02T09:45:10Z
erigon:erigontech-erigon:PR#6941,erigon,ea4d887c4d4c2cff724027d671076dbb8b0f2beb,2023-02-23T11:43:59-08:00,2023-02-23T11:43:59-08:00
erigon:erigontech-erigon:PR#6763,erigon,67267326aa88e4429778bf0098c8152c45b02890,2023-02-05T13:08:13Z,2023-02-06T10:58:16Z
erigon:erigontech-erigon:PR#6607,erigon,6e75e25f40dd151a3454ac1cfbf43cff500623df,2023-01-17T19:45:33+01:00,2023-01-17T19:45:33+01:00
erigon:erigontech-erigon:PR#6736,erigon,be6618f88e40ac42dd9eda4f2a2f43e9266294c0,2023-01-29T08:41:56Z,2023-01-29T08:41:56Z
erigon:erigontech-erigon:PR#6760,erigon,461e7c9d0d0feab73a219d45f10431846514a8c1,2023-02-01T13:46:05+01:00,2023-02-01T13:47:55+01:00
erigon:erigontech-erigon:PR#6275,erigon,9f6c21a1c120685a22b1fdfd3f00450c3b1ec505,2022-12-10T22:10:30Z,2022-12-10T22:10:30Z
erigon:erigontech-erigon:PR#6072,erigon,e1b6ce310acdfbd4c02c3791e4b50e7276e1e5c1,2022-11-17T16:08:40+03:00,2022-11-17T16:08:40+03:00
erigon:erigontech-erigon:PR#6029,erigon,cac2c0a09c2d793c8aa36d87becc79c246a05187,2022-11-11T15:11:36+01:00,2022-11-11T15:11:36+01:00
erigon:erigontech-erigon:PR#5804,erigon,d1a1a60475f1d277836bcec9349fb01a093f268d,2022-10-20T11:18:23+07:00,2022-10-20T11:18:23+07:00
erigon:erigontech-erigon:PR#5931,erigon,63ff3c80f105a73f5c87c143c25a4bce8132d91f,2022-11-04T12:10:19Z,2022-11-04T12:10:19Z
erigon:erigontech-erigon:PR#5670,erigon,3418fe73d03eb9755562e623413f2a4214f5d463,2022-10-08T14:35:02+02:00,2022-10-08T14:35:02+02:00
erigon:erigontech-erigon:PR#5376,erigon,22999feb0953f6a5f64bc4e77a676a49986e170d,2022-09-15T17:37:51+03:00,2022-09-15T17:37:51+03:00
erigon:erigontech-erigon:PR#5078,erigon,a36830e2b5060911ebb8184aa028bb11816e3fb6,2022-08-16T18:17:57+08:00,2022-08-16T19:00:45+08:00
erigon:erigontech-erigon:PR#5045,erigon,90cc4c730df64bc090862e57cab7b8d6c7e076a4,2022-08-13T19:17:27+02:00,2022-08-13T19:17:27+02:00
erigon:erigontech-erigon:PR#4983,erigon,0aebe81074bc7759b433a8e55ec351eb98fda5a6,2022-08-10T11:34:11+07:00,2022-08-10T11:34:11+07:00
erigon:erigontech-erigon:PR#5043,erigon,a62e0ffca5bc3fd59dc1e995f3a4560dbcc2b52b,2022-08-13T22:14:49+07:00,2022-08-13T22:14:49+07:00
erigon:erigontech-erigon:PR#4620,erigon,0ddc57a876897bd1ab90524f5e639225f6a30111,2022-07-03T18:09:12+02:00,2022-07-03T18:09:12+02:00
erigon:erigontech-erigon:PR#4558,erigon,b889d62f260230471bd9853133871865eba28c06,2022-06-28T10:29:25+06:00,2022-06-28T10:29:25+06:00
erigon:erigontech-erigon:PR#4557,erigon,72ce4062ed564e87b2583e5332fe6cd679ec319f,2022-06-28T10:19:47+06:00,2022-06-28T10:19:47+06:00
erigon:erigontech-erigon:PR#4245,erigon,26856a855577256b40e8a433a061b9a68faa0424,2022-05-24T10:58:03+07:00,2022-05-24T10:58:03+07:00
erigon:erigontech-erigon:PR#4017,erigon,38b176e2eb6d6b3822b6bd0c5f55bedc5626d27d,2022-04-28T12:43:00+02:00,2022-04-28T12:43:00+02:00
erigon:erigontech-erigon:PR#3886,erigon,167b9e5dd1fd5c87a846bf501a92b8dd49488e78,2022-04-14T15:03:53+07:00,2022-04-14T15:03:53+07:00
erigon:erigontech-erigon:PR#3694,erigon,8df9ed25abc65af1104f844c2f96f4efde377877,2022-03-15T15:00:59+08:00,2022-03-15T15:00:59+08:00
erigon:erigontech-erigon:PR#3902,erigon,99e07c5e1a5cf84f253aa8ba0d01d240e9de8504,2022-04-17T08:13:50+07:00,2022-04-17T08:13:50+07:00
erigon:erigontech-erigon:PR#3904,erigon,01f65a494cfc052e6a40f954642b900a963fd742,2022-04-17T08:35:48+07:00,2022-04-17T08:35:48+07:00
erigon:erigontech-erigon:PR#3386,erigon,856735531496bbceb8583e970e153f43e6967ec4,2022-01-31T14:03:42+07:00,2022-01-31T14:03:42+07:00
erigon:erigontech-erigon:PR#2861,erigon,e6004e9a4c46f07dbbf69cfeb16ca8a36ef83ee3,2021-10-22T09:48:02+07:00,2021-10-22T09:48:02+07:00
erigon:erigontech-erigon:PR#2751,erigon,8a3f3051d2038f0f409456987fa1122784536a71,2021-09-30T18:42:02+07:00,2021-09-30T18:42:02+07:00
erigon:erigontech-erigon:PR#2619,erigon,11df0aea9c8b44c09d7b137ad5fc5313e0dda6c4,2021-09-02T16:35:18+07:00,2021-09-02T16:35:18+07:00
erigon:erigontech-erigon:PR#2218,erigon,15b18f0daee3f1ff4caa984b9a745259d0c449a7,2021-06-22T16:37:35+07:00,2021-06-22T16:37:35+07:00
erigon:erigontech-erigon:PR#2148,erigon,5bb0e5ef5d58151bd13eaa96a58386ea5c553c57,2021-06-11T18:02:08+03:00,2021-06-11T18:02:08+03:00
erigon:erigontech-erigon:PR#1935,erigon,8ab1e9dd4c2a41a968a3edaeccee78e031c865c9,2021-05-14T14:54:35+01:00,2021-05-14T14:54:35+01:00
erigon:erigontech-erigon:PR#1813,erigon,9b83b1029ccb1674765c6efc8a6385b81c8f83e4,2021-04-26T16:04:01+07:00,2021-04-26T16:04:01+07:00
erigon:erigontech-erigon:PR#2153,erigon,044c031df261db1ede8fff69b7e340726e1ff530,2021-06-13T16:11:55+01:00,2021-06-13T16:11:55+01:00
erigon:erigontech-erigon:PR#1586,erigon,e5ab969f64a96ee84c28289f9932f6fb600ef15d,2021-03-22T22:02:40+07:00,2021-03-22T22:02:40+07:00
erigon:erigontech-erigon:PR#1529,erigon,11a31b77a80d8bf13a723f307374859c10881174,2021-03-01T20:39:33+03:00,2021-03-01T20:39:33+03:00
erigon:erigontech-erigon:PR#924,erigon,05de2989c1cf7e9c7068d78702f19d67cbd1a7e6,2020-08-15T13:32:07+03:00,2020-08-15T13:47:05+03:00
erigon:erigontech-erigon:PR#1428,erigon,c72cf2c884c411671146eb96d5ac4db3aa6cac30,2020-12-29T09:21:06+07:00,2020-12-29T09:21:06+07:00
erigon:erigontech-erigon:PR#777,erigon,0ab8f107ccc16332796b7228e096393c26a52bef,2020-07-23T13:02:55+02:00,2020-07-23T13:02:55+02:00
erigon:erigontech-erigon:PR#106,erigon,3a6d47acf828bf184024625f6df71df2b95d4cef,2019-10-03T14:36:03Z,2019-10-03T14:45:23Z
erigon:erigontech-erigon:PR#21545,erigon,c2eba3df20a63c54b1fa613a0b491e5725ea0b79,2026-06-01T07:41:29Z,2026-06-01T08:32:08Z
erigon:erigontech-erigon:PR#20741,erigon,deba00299ca8fef37bb937d0c9aea602856d9250,2026-04-23T03:58:37+02:00,2026-04-23T03:58:37+02:00
erigon:erigontech-erigon:PR#20130,erigon,6348e62d93dc8f5c83a27c68c39724a4ab1522be,2026-03-24T11:47:23+01:00,2026-03-24T13:27:02+01:00
erigon:erigontech-erigon:PR#20122,erigon,3b47ece447c157d148d28613984ab897a56af51b,2026-03-24T10:39:16+01:00,2026-03-24T10:39:16+01:00
erigon:erigontech-erigon:PR#20125,erigon,f29f5d50668a63935ba33ccad99f27ada568818b,2026-03-24T11:47:23+01:00,2026-03-24T11:47:23+01:00
erigon:erigontech-erigon:PR#19055,erigon,754082ff94225a7b2728755909e2f934ee2fc887,2026-02-12T12:30:08+05:30,2026-02-12T12:30:08+05:30
erigon:erigontech-erigon:PR#19425,erigon,aae9ba66eb66c315ddcfa27b6f39424fb79cfaeb,2026-02-23T15:14:05+05:30,2026-02-23T15:14:05+05:30
erigon:erigontech-erigon:PR#18242,erigon,1e314f2c3c44e08a1110119d4ff52e86882eab50,2025-12-11T09:19:08+05:30,2025-12-11T09:19:08+05:30
erigon:erigontech-erigon:PR#18111,erigon,08e2fff6050e9984e5c32097ad346372723adb8c,2025-11-30T16:18:47+01:00,2025-11-30T16:18:47+01:00
erigon:erigontech-erigon:PR#18120,erigon,20e7f3e53593104fddb4120b14e1c0e7effa2361,2025-12-01T03:03:47+01:00,2025-12-01T13:20:23+01:00
erigon:erigontech-erigon:PR#18119,erigon,16df979887fb1e0d22205cac0d6352a74a2be9e2,2025-12-01T13:56:13+01:00,2025-12-01T13:56:13+01:00
erigon:erigontech-erigon:PR#17061,erigon,2656faac2257c7b2f4a9c033ed0b087ffefc2d2f,2025-09-08T20:13:31+05:30,2025-09-08T20:13:31+05:30
erigon:erigontech-erigon:PR#15278,erigon,5bd9f4ea472a17f8e93dca58d2cf34dcf8999aee,2025-05-26T18:24:46+05:30,2025-05-27T10:11:15+05:30
erigon:erigontech-erigon:PR#15268,erigon,e67a2d92a06548f308a09b80714ea0ec2f784dfb,2025-05-27T12:51:31+07:00,2025-05-27T12:51:31+07:00
erigon:erigontech-erigon:PR#14449,erigon,58649101c24c6f3c170008c3ebf850c6ad099006,2025-04-04T22:18:41+08:00,2025-04-04T22:18:41+08:00
erigon:erigontech-erigon:PR#15161,erigon,7f52eab211b8adf61bded452dfd3e725854cf768,2025-05-19T23:17:30+02:00,2025-05-19T23:17:30+02:00
erigon:erigontech-erigon:PR#14194,erigon,e6464c9753581b84d8e79332779f5401921a1c73,2025-03-17T16:24:12+01:00,2025-03-17T16:24:12+01:00
erigon:erigontech-erigon:PR#14247,erigon,0a81f740563b8fc1e81cf398fad026a0f10f6871,2025-03-21T13:59:14+08:00,2025-03-21T13:59:14+08:00
erigon:erigontech-erigon:PR#14130,erigon,cf0b778558d0ffdff6c6298936f89adea0390e1a,2025-03-10T10:13:13+04:00,2025-03-10T10:13:13+04:00
erigon:erigontech-erigon:PR#11568,erigon,bd8f64c33c61d790011662783dc547c727618a41,2024-08-12T19:26:27+08:00,2024-08-12T19:26:27+08:00
erigon:erigontech-erigon:PR#11320,erigon,ffa209ac6fd2e58a93bb722eea496829abb2e460,2024-07-26T21:03:24+08:00,2024-07-26T21:03:24+08:00
erigon:erigontech-erigon:PR#9159,erigon,38ead4b6befceb5aac41e2e849360667ed64f040,2024-01-08T15:40:30+01:00,2024-01-08T15:40:30+01:00
erigon:erigontech-erigon:PR#2555,erigon,bf5cc8fb4c24cf3599ab406593810f3daf9e173c,2021-08-19T09:45:49+01:00,2021-08-19T09:45:49+01:00
erigon:erigontech-erigon:PR#5686,erigon,a16871d024c345f7769d30cc300e75a2a0be8324,2022-10-10T12:21:48+01:00,2022-10-10T12:21:48+01:00
erigon:erigontech-erigon:PR#3143,erigon,8174cc30176d5a9bda7b096a66bb56c00c9932ef,2021-12-17T09:41:45Z,2021-12-17T09:41:45Z
erigon:erigontech-erigon:PR#2523,erigon,0217ca2c5a8a7301bf0d829428b478df6849d80c,2021-08-13T10:08:26+01:00,2021-08-13T10:08:26+01:00
erigon:erigontech-erigon:PR#2342,erigon,3e10bedccb284e19025cc35ed134380d6b97d02d,2021-07-12T12:56:55+07:00,2021-07-12T12:56:55+07:00
erigon:erigontech-erigon:PR#1469,erigon,21aba6327ff4d4ad2d831e64c30e30bfac2e76f4,2021-02-05T16:13:28+01:00,2021-02-05T16:13:28+01:00
erigon:erigontech-erigon:PR#1140,erigon,2f7a2312c700020d218fccc4d3f206afa2b4a71f,2020-09-26T15:07:08-04:00,2020-09-26T15:07:08-04:00
erigon:erigontech-erigon:PR#706,erigon,f5fb3671d817505f89e0d0ca5df08d5efe696f3e,2020-07-03T07:08:47+01:00,2020-07-03T07:08:47+01:00
erigon:erigontech-erigon:PR#481,erigon,808e7c800158410229f0b5f51dd4a4abcf1a9657,2020-04-23T10:07:16+01:00,2020-04-23T10:07:16+01:00
erigon:erigontech-erigon:PR#114,erigon,0de2cc392786feaf2497269b28588c69da72213e,2019-10-16T21:52:06+01:00,2019-10-16T21:52:06+01:00
erigon:erigontech-erigon:PR#8431,erigon,0e66c35be8ff6dc980b77e7a54267842e299839a,2023-10-12T13:45:40+02:00,2023-10-12T14:21:25+02:00
erigon:erigontech-erigon:PR#4848,erigon,74ff7bbca956bf5fa50487a821a0c5db7943dd0f,2022-07-27T12:36:27+01:00,2022-07-28T10:48:22+01:00
erigon:erigontech-erigon:PR#3419,erigon,905a0ca520bb751d948a15b99ad6574e274dec63,2022-02-03T18:13:26Z,2022-02-03T18:13:26Z
2efcdceb7a30ed9f,erigon,8b97c5c620604c6f1de44e0cae097a8c2902445f,2020-05-21T21:55:39+01:00,2020-05-21T21:55:39+01:00
b875a588b85b3841,erigon,89a91a23fd04df9f69b006185d3169db5e52b3ec,2026-02-20T22:04:22+01:00,2026-02-20T21:04:22Z
erigon:erigontech-erigon:PR#17010,erigon,7d9f5b92f941a1699a7f166d5ba023eed5b04c12,2025-09-05T10:43:22+05:30,2025-09-05T10:43:22+05:30
dbe01c2d12594c1e,erigon,df3c32b50ab3cdb2ab2b29639a3f3b3b26159a89,2025-09-07T17:37:03+05:30,2025-09-07T12:07:03Z
erigon:erigontech-erigon:PR#14258,erigon,734932d959bb1d369944fc99c22daf7661ea3601,2025-03-21T18:14:34+01:00,2025-03-21T18:14:34+01:00
erigon:erigontech-erigon:PR#9628,erigon,5217890787ef9bbd22f674ae4d21d20802eab70b,2024-03-07T12:06:53+01:00,2024-03-07T12:06:53+01:00
erigon:erigontech-erigon:PR#9495,erigon,623abb826e1ac228b6f4801762fe0e680dd6984e,2024-02-22T18:20:03+01:00,2024-02-22T18:20:03+01:00
erigon:erigontech-erigon:PR#6761,erigon,ff61feaceff9bc339acc83f871622ea2cdd39451,2023-02-01T18:42:33+05:30,2023-02-01T18:42:33+05:30
erigon:erigontech-erigon:PR#5089,erigon,d1190d0ebdf223897c432d12082f3337cf77052e,2022-08-17T14:18:43+03:00,2022-08-17T14:18:43+03:00
erigon:erigontech-erigon:PR#4313,erigon,0a21cce6d32235169fe699b4e929c76736bc9347,2022-05-30T07:00:23-04:00,2022-05-31T11:18:36+02:00
erigon:erigontech-erigon:PR#4151,erigon,c4b9e66901aae314b0f87d50b33bc80d2cf59c89,2022-05-15T08:39:25+01:00,2022-05-15T08:39:25+01:00
fbd4ae0fa6907fff,erigon,319098cc1c5ae6f54a8f05d77c564ff31c828814,2018-07-02T12:19:41+03:00,2018-07-02T15:47:33+03:00
493b092b2d800eb6,erigon,2fed476ce16101e43867b9e2c8cd1625db0180e0,2017-01-09T11:30:06+01:00,2017-01-09T15:35:58+02:00
9c1a16219f7485a8,erigon,d8590d97902ff9c9ddc4ce56856f64b417b64489,2015-08-04T20:38:57+02:00,2015-08-04T20:54:21+02:00
406d1a1a20871b0f,erigon,7778740315f322a9a31219090f180374a5620ec0,2015-05-18T15:13:58+02:00,2015-05-18T15:13:58+02:00
e0438ffe61679359,erigon,65a48f9cd8461917d8047b1cd4901d068b61ff00,2015-06-09T23:46:56+02:00,2015-06-10T17:13:32+02:00
d82b53a15591d4ee,erigon,f18e28a45fdc208024c55e68ec664e8d1274f1c7,2026-05-16T10:12:22Z,2026-05-16T10:26:43Z
11d178609806d192,erigon,e9c2997d895e1ed2579855d30d061d9a39d9da23,2025-12-22T13:20:46+01:00,2025-12-22T13:20:46+01:00
e5a971c8037ace0b,erigon,b26e63ce5177058b53d514a4a06ea9ccfd822006,2025-09-03T18:30:17+02:00,2025-09-03T18:30:17+02:00
db7140d126418381,erigon,e754997d91391e0a2b789c30bfa6ce4c3e726318,2026-05-15T03:46:27+02:00,2026-05-15T03:46:27+02:00
0d835c0f255d5538,erigon,0f7002c8df0250fe33690bc61000f5e75ca0a47a,2024-11-20T10:07:09Z,2024-11-20T10:07:09Z
bbb5342076f824ff,erigon,2e9aa02a74d7c4373832dfc61454d0b7782f7629,2024-07-27T02:10:04-07:00,2024-07-27T16:11:09+07:00
8511f131635d38f7,erigon,fa2652afb48e6941efc2777ee8180e0b58ab628c,2022-04-01T14:57:47+07:00,2022-04-01T14:57:47+07:00
38648001a555004a,erigon,7314415a48fc478b8b69d505c55058588c6c5f79,2026-06-02T11:45:45+02:00,2026-06-02T11:45:45+02:00
eff1234250453226,erigon,cadc787a2009aed254bdf6846f0ec14d5fa168c1,2026-03-23T08:51:52Z,2026-03-23T08:51:52Z
de5069512f1a159f,erigon,98508bf433490c4785b0b955df93166d3375f939,2026-06-09T20:43:27+02:00,2026-06-09T18:43:27Z
c2099799a6d6a597,erigon,3f46d19f5cf3008a3b6e94184ac799017b373eec,2025-09-23T20:24:54+02:00,2025-09-23T18:24:54Z
550962ddcdb2470a,erigon,d7214209be74c0b228d0b79163f93d6b134e468f,2026-06-23T13:19:43+01:00,2026-06-23T12:19:43Z
e09fdd21649cd021,erigon,71acfeae548d54748cb4c7c10b825d8c4f5d2629,2026-05-13T13:58:55+02:00,2026-05-13T11:58:55Z
3bcb6e39752a4078,erigon,f72a4e2b71ce11375e47b9f309ffa29e454bc7ab,2026-02-17T18:56:57+01:00,2026-02-17T17:56:57Z
1b4c13ea5f56bfd0,erigon,91bda3a305478a6794c6432f79126a012d5b1d23,2025-01-09T12:19:01+01:00,2025-01-09T11:19:01Z
3288680a95c53e21,erigon,0abc8b9efd961a0f727a0f6e86075c12c0e7afbb,2026-03-14T20:28:50+01:00,2026-03-14T20:28:50+01:00
1d5721cb62b937b9,erigon,613625120bda7842642581c98de88fd6ab03c59a,2026-02-17T21:06:34+01:00,2026-02-17T21:06:34+01:00
84a069a63cc9c8e6,erigon,d6f2c0a76f6635ebeb245815c5f686c545ed527d,2015-07-01T15:19:11+03:00,2015-07-01T15:21:35+03:00
caafe0f570e33421,erigon,b01cfce36276379a95deb1001a6f1b6a048609de,2018-12-18T15:23:32+01:00,2018-12-18T15:23:32+01:00
921c35b49897f8d4,erigon,2d3ae40a9f1f086a737d584d93b7c60742c50c21,2020-12-04T15:01:47+01:00,2021-03-08T12:54:09+01:00
d61d20dbb15c3c31,erigon,e655e6f7d61a2e05254f5ec2468c283eb8b3fdd8,2025-03-24T10:57:30+05:00,2025-03-24T10:57:30+05:00
86ebcb6aa98fb4be,erigon,da04b571b30eea91de56cba1145b63412214c30b,2020-11-24T16:02:53+01:00,2021-03-08T12:30:50+01:00
9850f72618d1b1eb,erigon,82f1d29cf1a4879716a7f1b734df234f5d57a6eb,2020-12-09T20:21:31+01:00,2021-03-08T14:25:11+01:00
efe322757de1cdb0,erigon,9a9808f715e1d5f4db31cdb0bbbd82834e4fcbd0,2024-01-11T11:45:36+01:00,2024-01-11T11:45:36+01:00
d9d15b02a9ffb53b,erigon,97e94f6d2ce6aa1dd4c22aa42c01fc76288b1b90,2023-11-13T10:27:26+01:00,2023-11-13T10:27:26+01:00
466f28dfdc867c9d,erigon,735c5b631c1e6600852c8c43a0c553383966c521,2020-10-13T14:12:06+02:00,2020-10-26T17:16:00+01:00
c4abc462e912553e,erigon,082358afbc39f968f4f02ff347df45cb53fda187,2026-02-19T01:51:21+01:00,2026-02-19T07:51:21+07:00
39f552132567e254,erigon,44732ef7189450f8066bc4005039f6a1a66ef88b,2025-01-31T07:55:14+08:00,2025-01-31T06:55:14+07:00
952649e09c74c2b0,erigon,52bb4a44bc5425da0c7a53cadc20527770e4fcea,2026-06-30T04:38:18+02:00,2026-06-30T02:38:18Z
ef0da5bfdaa01a57,erigon,74fbe0d2ba3014515dc522c1e4258f2af9e39cea,2026-06-02T14:44:49+02:00,2026-06-02T12:44:49Z
d8030e850db69e58,erigon,e84e2d07623129ded62a0988e8eae473200c8886,2026-04-26T09:34:11+02:00,2026-04-26T07:34:11Z
511d306991f1f534,erigon,d38aee12149854e2f9da2c55acd345bf48cf8470,2026-03-09T04:54:00Z,2026-03-09T15:54:00+11:00
d4f841e7f04acd15,erigon,37cf19f94f7983bd7b349f106633bdaff3bdd815,2025-01-19T19:37:38+01:00,2025-01-19T19:37:38+01:00
d1ac95a4537329c7,erigon,d3f056bd68fb6a8e9ffa3938d5404c6a209e0313,2018-09-21T12:56:43+02:00,2018-09-21T12:56:43+02:00
eb2540be8d5bec92,erigon,1989d1491a21ec1dd8adb20906e07badc5a2f9c9,2015-06-22T16:49:47+03:00,2015-06-22T16:49:47+03:00
fc50c947f4fadbfd,erigon,d36c25bcbcbc1986ab238465a187789c82818238,2015-06-22T14:07:08+03:00,2015-06-22T14:07:08+03:00
317c34748c9c104d,erigon,6269e5574c024bb82617b33f673550231b3a3b37,2019-04-23T15:08:51+08:00,2019-04-23T10:08:51+03:00
b185c1e9e1c88080,erigon,adef9719957a6ee38c32a8e6aaa1e548a4f1e5f8,2023-09-10T15:53:46+05:30,2023-09-10T10:23:46Z
9415c69a812979be,erigon,efb94a9cba5bd347db69f67601082fab8e4ed513,2021-01-28T22:47:15+01:00,2021-03-09T13:51:22+01:00
2662cdea714401bd,erigon,413a931acc66c7ad1d6bbcb5dfbef9aef9e80830,2024-02-03T08:43:56Z,2024-02-03T08:43:56Z
077000c1467e0883,erigon,0a11f6863af1651f624f3cd5cfb445035bc47cd9,2026-05-21T11:50:10+07:00,2026-05-21T04:50:10Z
2de8db8023a3a981,erigon,994011634f543a42df7a36a63dfabd64e17ceb6d,2026-03-25T20:49:24+01:00,2026-03-25T19:49:24Z
656b4ea0ef1ad837,erigon,96088840777e6b89a2d4f32103344d1acee82b98,2026-03-08T10:06:09+01:00,2026-03-08T16:06:09+07:00
b6ec5927616be35d,erigon,11615db27651f78ba1ee9d4a34ae9936394458c4,2022-02-03T17:52:20Z,2022-02-03T17:52:20Z
002a0820368aa790,erigon,75151e0700132041405c6ff242c65d6dabea333a,2022-07-28T12:19:34+01:00,2022-07-28T12:19:34+01:00
4c5f7fb0f5f169c5,erigon,757a91c44d02311cf9b6e9a210e4e05addc58172,2023-10-14T03:39:43+02:00,2023-10-14T08:39:43+07:00
f1d37c8cd35b92a9,erigon,aa7985341e194cf33ad51afaf09252b1558f2599,2022-06-28T17:46:24+02:00,2022-06-28T17:46:24+02:00
988e9618520c22ae,erigon,3a92b2b39d2363a83a342fde849ffcbe2eb04444,2020-09-05T21:58:51+01:00,2020-09-05T21:58:51+01:00
9578306f034def8c,erigon,313c969c3ebfd637ac4ecba5df2c1b73cbe44855,2020-08-26T13:05:06+03:00,2020-09-11T16:01:27+02:00
c996b38076a50d91,erigon,adf3f438d8aae4c749e5ddacb3fe08afd6e695e7,2024-06-12T23:41:32-07:00,2024-06-13T13:41:32+07:00
7dca411fcec3053a,erigon,8905ea810ed38550eaa4b095d14fbf0265871409,2026-02-22T00:12:32+01:00,2026-02-22T00:12:32+01:00
e8cdd3042540897e,erigon,faf2070b38a6b3b01f4968722a48bfecdbc58046,2025-10-22T16:25:31+05:30,2025-10-22T12:55:31+02:00
34ee5ed65ca9d696,erigon,3fc24013ef200f20eaa9deed6647270924126976,2014-08-08T12:04:18+01:00,2014-08-08T12:04:18+01:00
7109a7f88f9aa0d2,erigon,2750ec47b7e7ff864eaed72255581e11080907d7,2015-04-14T00:54:12+02:00,2015-04-17T14:45:09+02:00
3f85a969b27053cd,erigon,c12f4df910e2da1cc5dd28c5c4bbe2d8721e1057,2017-01-04T20:17:24+01:00,2017-02-13T21:44:25+01:00
5c30bd3309dc34cb,erigon,92265786c0486bf69ea4af1b9b5021fab06ae34e,2026-03-19T14:11:44Z,2026-03-19T14:11:44Z
3acb270aaeb385d4,erigon,cc802524c4b9162234dc5f8f68d8d1e8e74e1cc7,2025-03-21T18:41:17+01:00,2025-03-21T17:41:17Z
9faa41c024630c84,erigon,44f107be514f81e10f4a9fd39ae0e5aed3a18c88,2026-03-15T16:33:57Z,2026-03-15T16:33:57Z
d51cf298fd6b4120,erigon,bec30b39c1b8021ce713aff5a0299c111cc11d65,2024-02-22T19:48:45+01:00,2024-02-22T23:48:45+05:00
5bc5e6a7741ed9a9,erigon,e1aba8c23c3eecb238fe90583b1047b4c2ff8075,2024-03-07T12:27:44+01:00,2024-03-07T11:27:44Z
d2485cd6f8e30ca3,erigon,07503e3d117ea4b75b0522fd283c2fdab9569941,2021-01-09T18:29:19+02:00,2021-03-09T10:26:12+01:00
e0937e2fc5c20968,erigon,174116c8eb2757151b7bd5fdd108c2b51f109625,2024-10-11T13:51:05+01:00,2024-10-11T13:51:05+01:00
6452518722a606d5,erigon,6e18bef60ae12b633b472969d1fe3adf58d0127d,2022-08-17T14:33:03+03:00,2022-08-17T18:33:03+07:00
62d66295245133fb,erigon,f2d63103541ee3746ff0834e7c69d188af3572d2,2019-03-07T02:13:11-05:00,2019-03-07T08:13:11+01:00
6dc28bb7190c7403,erigon,5fd0da019c8cd1689ae0a544fe09b87a891ce821,2022-05-31T12:34:46+02:00,2022-05-31T12:34:46+02:00
e8c038bdc52b9aa2,erigon,ad13b402d715e120009b3efb6a08d2c90139f31d,2014-09-24T17:47:01+02:00,2014-09-24T17:47:01+02:00
05c9d34aa4f8cd44,erigon,105008b6a121ade656bf63125cecb467e2434d95,2019-01-21T18:22:51+04:00,2019-01-21T15:22:51+01:00
0ea94872ae712d5c,erigon,4407524d13994759230ce6d31d828914597e8f6c,2015-06-10T13:59:45+02:00,2015-06-10T17:13:32+02:00
cba65658020ead4c,erigon,2060bc8bac0e803c661e0c0b233284ce52630c1d,2015-04-30T17:12:23+03:00,2015-05-07T15:22:08+03:00
506e2b9999fbc195,erigon,34d94e22d9c9f3c2373a398269ecbba0139827d2,2018-02-20T18:20:33+01:00,2018-02-21T13:23:53+01:00
7a6704bd9c2a071f,erigon,78e37e98e77b467e6950922da4ea99ff146ab21f,2015-04-18T19:14:25+02:00,2015-04-18T19:14:25+02:00
42fab4d1f716f566,erigon,1a91c24d0cfc420755139fd13ab025909440789c,2025-09-02T12:22:04+01:00,2025-09-02T12:22:04+01:00
7ea506ea6648a0c1,erigon,0b6532fec1658d28111132b6ec52f4396035fc8a,2022-05-15T08:54:36+01:00,2022-05-15T08:54:36+01:00
534278ac9447cc31,erigon,d652a58ada207fa9a372f2fa594d5a151ed44a4f,2015-06-09T21:13:21+03:00,2015-06-09T21:13:21+03:00
b5ed7f85581c8dcf,erigon,809bb2439922dfd4b03d88c3edb63dd4da3fe53f,2020-10-20T10:58:26+02:00,2020-12-03T17:37:38+01:00
963408ce20d49e15,erigon,e53acdc2ac45fa8953afc3392ed81653d6f26326,2014-07-14T16:46:00+02:00,2014-07-14T16:46:00+02:00
9455a6687566c3e2,erigon,f86c8928185e4c5d49eaa990053c32599043eacb,2024-10-04T06:32:10+02:00,2024-10-04T09:32:10+05:00
72bbea68cd730715,erigon,1ee449d8c0b62b97963d8c6212385c4ec4aceb42,2025-07-22T17:53:23+02:00,2025-07-22T16:53:23+01:00
22cb093c6034c650,erigon,b70e8d7955e429534b0e0658f12b0922062d875c,2023-02-02T03:45:19+05:30,2023-02-01T22:15:19Z
029c535444453fef,erigon,48376d72fc53986db00a3cfaa3003e5b8c07e8fc,2024-02-23T00:16:15-05:00,2024-02-23T12:16:15+07:00
8cbd36bea9180b59,erigon,12de9c3f65735f6e26af88b6a84365779297577d,2020-06-30T19:43:29+02:00,2020-08-07T11:51:38+02:00
f6d0115e15f328fd,erigon,4e36b1e3dadda62a53e309a1b6cf7aed97ea7a3a,2016-12-10T23:54:58+01:00,2016-12-10T23:54:58+01:00
5779e2ee89448f50,erigon,e6dd171f2f7f164c930d658e83954a92e20053f9,2021-01-25T07:17:05+01:00,2021-03-09T12:34:26+01:00
443bc36852a8df1a,erigon,583418901927416b7ea93eec85294ec62e7578ce,2021-02-08T09:25:10Z,2021-02-08T09:25:10Z
873a707c8000b942,erigon,3065aea0bb8d4598ac0a9819473ca90232f995bf,2020-09-05T21:26:53+01:00,2020-09-05T21:26:53+01:00
0e50467b8aeb94de,erigon,65b93e1507da9c6b2a08c8068de89a598acf6875,2021-06-16T08:14:48+07:00,2021-06-16T08:14:48+07:00
17689eaa8473c161,erigon,cdf62cd60bc10a74c3e647c360fadacff385721f,2023-03-07T12:26:51+01:00,2023-03-07T12:26:51+01:00
db6ea8cfbb2de130,erigon,7e809aa345b216b689082155c8a65d86aa6003ea,2023-03-24T15:16:37+07:00,2023-03-24T15:16:37+07:00
71a24007e8915533,erigon,6238d0ceca65b9bb2819ec1869f978db39364d47,2023-09-29T14:50:24+01:00,2023-09-29T14:50:24+01:00
0c7a5038a2a5d16e,erigon,16d402c5a830d6b946aa2030d05d9727a620d131,2025-05-19T15:20:55+08:00,2025-05-19T15:20:55+08:00
9715455e062eb872,erigon,c3f8ea4f7f12027c15a6d31b3d53cfa496019e19,2026-01-13T16:42:16+01:00,2026-01-13T16:42:16+01:00
ecaabdbcdf59066b,erigon,f470b6769dead4632c162d5ed37fbbeb1e407bf0,2026-02-10T19:25:42+05:30,2026-02-10T19:25:42+05:30
521d140966fbb9f6,erigon,e60d4f58789365204033329095bd2dbf1b841f77,2026-06-08T21:38:04+05:00,2026-06-08T21:38:04+05:00
c834a8251db6d360,erigon,09290a8a1b47e1b327500d1d6b1586a5c71f18bc,2026-05-31T11:08:29+02:00,2026-05-31T11:08:29+02:00
8d956032e9cb1dfe,erigon,a21a3a776a1e9fb97b4cd616c24c4443d0e281a4,2026-05-23T20:44:52+02:00,2026-05-23T20:44:52+02:00
6bbcb3fa8f440355,erigon,f2d24bcfee9f4eefbb95e52b052152574ea09695,2026-06-06T23:44:24+02:00,2026-06-06T23:44:24+02:00
b5212027eefc648e,erigon,2338dd138434b67dbbee21166b73a4e8e7677d8e,2026-05-19T21:55:24+02:00,2026-05-19T21:59:24+02:00
5bb58a8ae8198f05,erigon,df12674a29f0e674caba281112839fa309cba153,2026-05-25T09:33:35+08:00,2026-05-25T09:33:35+08:00
e36ff5e3ea5a6eb5,erigon,337fa727544083393c36ce126bd1ea6c4571a846,2026-04-18T17:14:29+07:00,2026-04-18T17:14:29+07:00
28834b87b4ea724b,erigon,846634307b2493c650ca79675f866b3a955c643e,2026-04-14T16:02:57+07:00,2026-04-14T16:02:57+07:00
0dd7e8d3dbd660eb,erigon,55d5e7b5fc5619e8142b9e729837dd1ec9e63b59,2026-04-09T15:02:07+05:30,2026-04-09T22:52:36+05:30
c940e69cb2c9dcfc,erigon,1838b2e4f459fb65f38ed489b8f956e419a92699,2026-04-08T15:09:37+07:00,2026-04-08T15:09:37+07:00
86401dc2c0be8ad2,erigon,3db90ce908c5b9ef1679ef70bb1d58f26b9b514e,2026-04-08T14:06:08Z,2026-04-08T14:06:08Z
0f4eb9437f85e9fc,erigon,19c81279e0ee0ab6e24ae6be5f56983fc7e7bb5d,2026-05-01T11:24:43+02:00,2026-05-01T11:24:43+02:00
a26a419841458ce7,erigon,d9b9246d026f2ace2b8a91a3ba252d4195b9e99e,2026-03-08T14:19:46+01:00,2026-03-08T14:19:46+01:00
46aae9fedadd1721,erigon,b3e117b336e7168c8b885e774a8f66011ceab09c,2026-04-16T11:20:13Z,2026-04-16T11:48:07Z
5d15caec2f6f58ed,erigon,b0ca731e50a2c4a347ce2bca1c2d4131db98fd5d,2026-03-24T22:46:21+01:00,2026-03-24T22:46:21+01:00
940d994644475045,erigon,39c2d12ab8cb7a8dd45db89578b3428caec793f6,2026-03-03T09:37:32Z,2026-03-03T09:37:32Z
ee2658a0adeb14aa,erigon,d182fcd101302766836b4cfb439c09a88bf3ac59,2026-03-06T12:15:18+01:00,2026-03-06T12:15:18+01:00
ffae365e820d8950,erigon,3ab40caa569e1f72896c6bef1fd66b471e752555,2026-02-28T15:48:07+07:00,2026-02-28T15:48:07+07:00
2489a8461f64cafd,erigon,6bc2291f29ada55215dcd2f60fa629eb728c9a0c,2026-02-13T12:22:28+05:30,2026-02-13T12:22:28+05:30
8f4d3c9a0fae141a,erigon,642ed9dadc477f099eb9495efc0330de64ba0c12,2025-12-18T11:16:05+11:00,2025-12-18T11:30:21+11:00
d221ace240e9b576,erigon,c07a45e8200f2f813abbba45009ffce68b1599e1,2025-11-06T10:55:33+01:00,2025-11-06T10:55:33+01:00
6d33ffc54a9cdbb1,erigon,5a64ba3c4cf390c62479dea45093a6b3bc75e534,2025-08-25T17:09:48+02:00,2025-08-25T17:09:48+02:00
e60bf7beae82056f,erigon,39b5d75f046776b39d2964e1dca2830586c76828,2025-07-04T11:59:10+07:00,2025-07-04T11:59:10+07:00
00bb325d8b27a9ef,erigon,c39ce72209c70d042a2c664892537b0b42e9df33,2025-07-12T12:13:07+07:00,2025-07-12T12:13:07+07:00
eb0e767692d20fed,erigon,68d2a89709ad227c29ce7a50c57cf8333877b8d0,2025-01-30T18:16:46+04:00,2025-01-30T18:16:46+04:00
990b93112c792fc1,erigon,1ac4d9801436e16a256f85539e3b6414400e47e9,2025-01-09T23:08:46+01:00,2025-01-09T23:08:46+01:00
8c3deaf36c36d006,erigon,d85b8453b83bc089941892aa73a29414033b2e36,2025-02-13T22:37:06+04:00,2025-02-13T22:37:06+04:00
7efb3517257a3fd6,erigon,2688e053424d297a0e05843f058e80bfc599801b,2025-02-13T13:54:15+04:00,2025-02-13T13:54:15+04:00
f2a49b13713c3dbd,erigon,03310011363a5900a6f3faf228eb638b64905dbf,2024-10-31T14:24:39+07:00,2024-10-31T14:24:39+07:00
14c7efd9fda7f923,erigon,db103ae256f85ba8ea849b7c2e674d08be034fa0,2024-10-11T13:22:07+01:00,2024-10-11T13:22:07+01:00
bd643e3425be3901,erigon,749f9035c71e66071c8a4e6e064eaf963123fc61,2024-10-16T17:52:39+01:00,2024-10-16T17:52:39+01:00
e3bcbae284321cff,erigon,c3c027534b4eb74ac4a471faf32af74cd06c8f84,2024-08-12T17:15:00+09:00,2024-08-12T17:15:00+09:00
f60b97ac702e7b8b,erigon,75c89be2011b15f93cf2fbdeb71335acb96311de,2024-06-10T22:21:43+08:00,2024-06-10T22:21:43+08:00
b8cf1570ea35e967,erigon,8a8809558e9ae8750d33147cef64cd45113a39a3,2024-07-30T18:47:49+01:00,2024-07-30T18:47:49+01:00
d3a79d5e9a3a6e4e,erigon,4624ade072f420f164bb7e3191f32986bcdef0eb,2024-05-28T00:04:45-03:00,2024-05-28T00:04:45-03:00
beb4a6d51005cdc1,erigon,ed3dcbf5e16293b441f590c34e9079ff602280b7,2024-04-17T13:34:27+01:00,2024-04-17T13:34:27+01:00
7d696c692acc412a,erigon,2e2e54d998a0d8659fc9eb962b068c9a8a902b4f,2024-02-29T14:07:19+01:00,2024-02-29T14:07:19+01:00
a9912ed13be11165,erigon,7cdf0733dd99403b3783ffa654e25ce28a41d9a4,2024-02-09T14:16:53+07:00,2024-02-09T14:16:53+07:00
7e99e3092e8d405d,erigon,768c4cfd7a0132027dad9e063928569ac0c4a61d,2024-03-05T15:05:25+07:00,2024-03-05T15:05:25+07:00
8dc08fc80eb6a381,erigon,099183bc7dcab8c5619b80d4776852e2b4dfb6c7,2023-10-05T18:00:47+05:30,2023-10-05T18:01:55+05:30
15a3288faaf44ac2,erigon,6f547238f59b9c557054c717a172525882e08778,2023-09-08T07:23:19+08:00,2023-09-08T07:23:19+08:00
c0684d5073f1b92c,erigon,26eca9638b6af02e7cf74d0ac85b74d1fd4dc1de,2023-08-01T18:39:52+09:00,2023-08-01T21:44:16+09:00
28ed5241660157b4,erigon,fed9baa8b47c28210628d6fd4b08d9b6aaf6ae6d,2023-07-25T18:26:12+01:00,2023-07-25T18:26:12+01:00
247bb9db0356e461,erigon,943e35a074be43ddc15fd2bceb0ba30bacb4c2b6,2023-04-18T00:27:01-04:00,2023-04-19T12:21:25-04:00
9efd991c1173d38a,erigon,f90c5d8edf76a531fe5f82352bc161aada194c16,2022-10-12T13:08:32+02:00,2022-10-12T13:08:32+02:00
5969ca3eaafba1dc,erigon,c47200d5471c67b27442e4a85f1b4a6aeb4c79db,2022-08-26T11:33:55+02:00,2022-08-26T11:33:55+02:00
2d25b5f8866e3c8d,erigon,fb990f69970332aaf774ae8f7501253675a97078,2022-07-18T18:52:23+02:00,2022-07-18T18:52:23+02:00
26f83813d223265c,erigon,94004f216d63a5c491b34c44344618c63ea8362c,2021-11-21T17:19:38+03:00,2021-11-21T18:11:47+03:00
2f54f4f5277b381b,erigon,0b66f8f68791da9bbbaadf6eebc09508ea06b745,2021-08-05T17:11:43+02:00,2021-08-05T17:11:43+02:00
5820a32113bb24df,erigon,69fa776eb271d150d5144d8ddb1fc091fd08c46a,2021-04-22T23:20:49+01:00,2021-04-22T23:20:49+01:00
b0b7ac668e0d5e7e,erigon,ab260b3bbb13ac24c62a2cbf94f71c38dbfcbf07,2026-06-23T16:58:35+01:00,2026-06-23T16:58:35+01:00
f68b90ad02bd8b75,erigon,7f9a3277d685f871f7d21076514c3690ee44dd86,2026-06-01T12:59:57+02:00,2026-06-01T12:59:57+02:00
ce2a741c89cfac3e,erigon,907e1b40e433ae8d7fd43dd8317e2b3508d36aa1,2026-03-05T19:37:12Z,2026-03-05T19:37:12Z
6d9dbd6bc0d70e2f,erigon,b4d1c4b18d6da6d9d9a41d756891596726984401,2026-02-19T22:38:31+01:00,2026-02-19T22:38:31+01:00
9ab03ebe976ab119,erigon,2a99265f6d50e0e409ef475126192acd25e304f2,2025-10-21T18:05:09+05:30,2025-10-21T18:05:09+05:30
5cdd0782bfe31ed2,erigon,2aebdd856b61cc17330c62ad25c773d613a9adb4,2025-10-08T08:07:54+02:00,2025-10-08T08:07:54+02:00
1931094a8295e70f,erigon,917056b6f17a9f836691805fca2da2fd1f925189,2025-05-29T15:29:53+02:00,2025-05-29T15:29:53+02:00
99c6405be6cf5de1,erigon,3a597f001295fc030ecc34d6559fe9cbdc8e8c0a,2024-06-09T14:39:50+07:00,2024-06-09T14:39:50+07:00
708f861bb10320af,erigon,a14e37730dc476dc4abb0ad89290596c195e5359,2024-04-23T22:37:32-03:00,2024-04-25T17:38:15-03:00
2db8de73eb8b3f8e,erigon,80f84b7f4571c2de68356d6b6819cd64935ec619,2024-01-09T17:20:16Z,2024-01-09T17:20:16Z
4a21e6c2f92202b6,erigon,f2af5899d27f17337aecd846775ffd15546617d7,2023-08-30T12:30:56+08:00,2023-08-30T12:30:56+08:00
815e4449b9a8c689,erigon,79e497a1a4aa23bea46fe4209d7f7996df75eecc,2022-03-16T20:22:52+03:00,2022-03-16T21:06:01+03:00
cc23ca9aa5257a9b,erigon,d63e29e0304d97e5f238c5c3633d6cb2c2c603df,2022-01-23T12:56:23+03:00,2022-01-23T12:56:23+03:00
a304c0f7404d479e,erigon,9ca480ea26bbc0dfaf808e0ec597e7973e171c35,2021-12-07T12:47:01+01:00,2021-12-07T12:47:01+01:00
afc3cc13f2263c19,erigon,230b679803d119e8a4a8f1bd78c213f57255825b,2021-12-05T17:45:55+01:00,2021-12-05T17:45:55+01:00
c903f83027425167,erigon,bea76d87c3d01a1f54d30eb06908eca11a01e6f5,2020-06-24T13:25:55+07:00,2020-06-24T13:25:55+07:00
e59b19148aceeae3,erigon,e6421b23216380792dc3d61bd60e16113f537b45,2026-06-15T11:48:41+01:00,2026-06-15T11:48:41+01:00
53f3d3bb9bbef38f,erigon,940cc302b16036fb796ab35cdcfdc56164b0c6d7,2026-04-24T12:16:25+02:00,2026-04-24T12:16:25+02:00
f7016bcb4a485be2,erigon,b8794ccba356b889014713b9fd252befa37ada5e,2026-04-24T10:13:16+02:00,2026-04-24T10:13:16+02:00
baa625843b116ff8,erigon,9e7bc7a0db8933ced9d04e8ea2a87a21889fb2dd,2024-10-02T12:02:42+01:00,2024-10-02T12:02:42+01:00
85d17b65e98d6c8f,erigon,d039f5ae388b51f36b694205a4198e8d00569d3e,2024-10-03T18:10:11+01:00,2024-10-03T18:10:11+01:00
24ba224c6b0c9682,erigon,2b972b30d89f6223f823d5d7fac7d12139761812,2024-08-15T13:36:19+02:00,2024-08-15T13:36:19+02:00
d751961bea331397,erigon,12bf588de5eb60a82976e0fce4d8c518f5e4cdb3,2024-09-05T19:08:34+01:00,2024-09-05T19:08:34+01:00
f7c371e8ad4a8917,erigon,ec786f2002c996a9099183122c2b6884f9cc9a82,2024-05-30T16:40:41+01:00,2024-05-30T16:40:41+01:00
3ff5d409eb44fb4c,erigon,d7180a30070742fc3efaf1660dc2b6db49dc2b0c,2024-02-18T18:14:39+01:00,2024-02-18T18:14:39+01:00
360c0210a7e24142,erigon,ca353e4c2cd16ea448f0b9a4e8db241724a4b55c,2024-01-15T11:16:23Z,2024-01-15T11:16:23Z
9895f508333d3e50,erigon,103fd4a89b72bf4aafcdc5b30c058f84692704c5,2022-08-15T19:32:10+01:00,2022-08-15T19:32:10+01:00
e302fc0b2ca349af,erigon,8a4aeb562bfcd18b0102ad476009dcda5db6ff0f,2026-03-30T16:31:53+05:30,2026-03-31T11:44:42Z
8b361e6258a0b31d,erigon,403cdff41e461f557b7a731df2a09c12cd44a4b2,2026-06-25T10:26:07+02:00,2026-06-25T10:26:07+02:00
7b27ccf89a2fc306,erigon,3d51028a421990878968b4e881f160b378d118f2,2026-05-21T11:13:26+07:00,2026-05-21T11:13:26+07:00
c5da7216cc6d2225,erigon,ff52d9581ee6241c8b43b30c2211e2c9d098e18c,2026-04-24T12:12:36+02:00,2026-04-24T12:12:36+02:00
030d74ce2eee29c5,erigon,bc23f97d51e0860b91e8e4eb00b2034628f72800,2026-04-21T11:15:01+07:00,2026-04-21T11:15:01+07:00
950def75c25aaf42,erigon,50c65341a696c13d1c036510c56412dab8d481fc,2026-04-24T14:38:17Z,2026-04-24T14:38:17Z
bf02df0fbcb8913c,erigon,eeae146730f8fbe52ccd2eed564609178c85f34d,2026-03-15T01:31:48+01:00,2026-04-24T12:00:21+02:00
55e94c580a63b128,erigon,73c0acf34cfd1c2fb6dd62e127df3d0675af3468,2026-03-11T18:31:57Z,2026-03-11T18:31:57Z
9e989543bd225586,erigon,4832720a8735490441e764963b6763796edeae91,2026-03-08T10:06:09+01:00,2026-03-08T13:28:29+01:00
0f7df7055a980211,erigon,6912624158480ba06a7eaccba16f69116bfb33c2,2026-03-14T23:39:15+01:00,2026-03-14T23:39:15+01:00
5353af29bf767189,erigon,a8cc9a8b0ea739477361aa6a712efa1c1c7247ab,2026-01-22T12:07:33+01:00,2026-01-22T12:07:33+01:00
b0b289396cfe3667,erigon,01df40c5c9bff858199bcb1f46373c1dc420d7de,2025-12-30T13:51:59+05:30,2025-12-30T13:51:59+05:30
d0a592700667d932,erigon,ebf5ca9dfda09294c5040b4cbf9a5286ae7d8ff1,2024-10-21T18:45:03+01:00,2024-10-21T18:45:03+01:00
f913a5eee95a6372,erigon,fff9be51a561b33db03c374dfb11a88d5bdaeb73,2022-10-03T13:34:07+01:00,2022-10-03T13:34:07+01:00
2dfff3f8bbadd3b1,erigon,5af409d4228c87d605e8c1b0c5cf0e863f987022,2022-10-06T20:05:40+01:00,2022-10-06T20:05:40+01:00
bc943153296d1c8a,erigon,234dcb21c49031404bd8ecf51cbbf23ae41c0bff,2022-09-19T08:17:13+01:00,2022-09-19T08:17:13+01:00
da19a07e1dde5719,erigon,1d81f1c1d71078b73101d46926bc7cc1cd3cda3e,2026-03-15T14:16:48Z,2026-03-15T14:16:48Z
3a4329ea2dcacc86,erigon,96ea08fd0586d2be35b0bfc8607bb4ca4d8db18b,2022-06-20T19:27:36+02:00,2022-06-20T19:27:36+02:00
598954fde4dd4804,erigon,cd6949a11890f7ce2d8fa655a4776d6e44283559,2026-05-27T19:29:16+10:00,2026-05-27T19:29:16+10:00
240b972cbd8ba094,erigon,9ba2ef448c28de10a66849e1813ef3cc55048300,2026-06-12T12:46:24+02:00,2026-06-12T12:46:24+02:00
31ce7415f02e919c,erigon,6af13a0a5b4a2dd8ce574084ec127e9cc836778a,2026-06-08T07:32:31+05:30,2026-06-08T07:32:31+05:30
c77e4fc76766622c,erigon,9a28d20bad6d23f07ef3e9bfd43e77f0d78db896,2026-04-07T08:52:21+07:00,2026-04-07T08:52:21+07:00
00819f8d4ac72b43,erigon,5d31fc59566f93507c18d1b3e7eeed333e27e04a,2026-03-16T12:03:34+05:30,2026-03-16T12:03:34+05:30
ad93c4a4f70f7dc6,erigon,8bfcc3670bdae51f50c3f12c56a562762542508b,2026-05-28T20:48:00+02:00,2026-05-28T20:48:00+02:00
5fc7a502797b2aba,erigon,74f51425936a25c249e43f30f7cb5e4dae70861e,2026-04-22T16:05:10+02:00,2026-04-22T16:05:10+02:00
a35d97604766c17d,erigon,e03158d215c082d8b4349aafcdd470212acf707b,2024-08-26T13:21:38+01:00,2024-08-26T13:21:38+01:00
8dd0299348468295,erigon,3e10adc7adf6931f69b1419b8cfba3d62cb6398f,2024-08-28T15:30:57+01:00,2024-08-28T15:30:57+01:00
988232e3d4d8d3ee,erigon,e005c74929e73e2bddb9636a4bcc6b55513aab02,2026-06-24T07:24:33Z,2026-06-24T07:24:33Z
11fd7bf424a81ecd,erigon,472dbf60f48c1812a3ba67c51a4c6d947d877326,2026-05-29T11:47:58+05:30,2026-05-29T11:47:58+05:30
a9b2e65e9ea6946a,erigon,821c7d681f31311cf04978f07143543b2bdc8770,2026-05-19T11:57:40+02:00,2026-05-19T11:57:40+02:00
cc1ebece3dfaaa51,erigon,34228618a997e9e4ed6d531c5fc64108cdd2be62,2025-09-21T18:06:41+03:00,2025-09-21T18:06:41+03:00
f24b8fe20d3295ad,erigon,e6c1cfb66f41d1eea699cd26695f39b26ebad0e4,2024-10-24T10:22:15+07:00,2024-10-24T10:22:15+07:00
ec929de5ffba0f93,erigon,17ce5c53df82683279e12471ead9a98e3de6a6ce,2022-10-04T22:50:22+01:00,2022-10-04T22:50:22+01:00
geth:ethereum-go-ethereum:GHSA-2gjw-fg97-vg3r,geth,895a8597cb16c02203e38707ed2d1da5c500fe60,2026-02-17T17:01:39+01:00,2026-02-17T17:04:19+01:00
geth:ethereum-go-ethereum:GHSA-59hh-656j-3p7v,geth,f1fd963a5a965e643e52fcf805a2a02a323c32b8,2021-09-27T11:17:23+02:00,2021-09-29T13:00:35+02:00
geth:ethereum-go-ethereum:GHSA-9856-9gg9-qcmq,geth,4d4879cafd1b3c906fc184a8c4a357137465128f,2021-08-18T13:34:52+02:00,2021-08-24T08:28:15+02:00
geth:ethereum-go-ethereum:GHSA-xw37-57qp-9mm4,geth,223b950944f494a5b4e0957fd9f92c48b09037ad,2019-08-12T22:56:07+03:00,2019-09-16T11:05:57+03:00
geth:ethereum-go-ethereum:GHSA-r33q-22hv-j29q,geth,43be16d2abc01dc14f83bb587bb026233a0a6a91,2020-11-24T02:15:31+01:00,2020-11-24T02:18:05+01:00
geth:ethereum-go-ethereum:GHSA-jm5c-rv3w-w83m,geth,cf6674539c589f80031f3371a71c6a80addbe454,2020-06-08T14:24:40+02:00,2020-06-08T15:24:40+03:00
geth:ethereum-go-ethereum:PR#28068,geth,2c9274be877a6e1c37d85895bbf6a94b969e7244,2023-09-06T07:34:00-04:00,2023-09-06T07:34:00-04:00
geth:ethereum-go-ethereum:PR#22575,geth,7a1631839e5378b8ae5bd643d4a42ccdc52fc6c2,2021-03-25T19:58:19+01:00,2021-03-25T19:58:19+01:00
geth:ethereum-go-ethereum:PR#17554,geth,433fb67cc46ab619f34b6ef3e35e1a95116a3649,2018-09-25T11:14:13+02:00,2018-09-25T13:09:29+02:00
geth:ethereum-go-ethereum:PR#16219,geth,16efe3420f9721b8b3ed39535b671e0d992ff4de,2018-02-28T17:19:27+01:00,2018-02-28T17:19:27+01:00
geth:ethereum-go-ethereum:PR#33498,geth,4bb2603fb6f3ba43e73a8de9456ea1a03146775c,2025-12-28T11:52:06Z,2025-12-28T13:04:01Z
geth:ethereum-go-ethereum:PR#27669,geth,e40963fbd6c0fa10672a8d12f7342464a47d643d,2023-07-07T10:05:01+02:00,2023-07-07T10:05:01+02:00
geth:ethereum-go-ethereum:PR#24857,geth,0df158c4f21f536046bcd0e0bc4812ebed4eb4da,2022-05-11T10:49:24+02:00,2022-05-11T10:49:24+02:00
geth:ethereum-go-ethereum:PR#23955,geth,068b12ff0f7a6fb4f09f43ab578ce277a13a38b3,2021-11-23T09:31:39+01:00,2021-11-23T09:31:39+01:00
geth:ethereum-go-ethereum:PR#23252,geth,88034fc07f7343b7a47c94f3441a19917a631c9e,2021-07-22T21:31:36+02:00,2021-07-22T21:46:34+02:00
geth:ethereum-go-ethereum:PR#21894,geth,1de99855961136d7fdf59376158dae8b5156aa04,2020-11-23T17:14:36+01:00,2020-11-23T17:14:36+01:00
geth:ethereum-go-ethereum:PR#21855,geth,82093ce45f0a9bfb9fb89b450daa9f21b48fb9e7,2020-11-16T15:14:49+01:00,2020-11-16T15:14:49+01:00
geth:ethereum-go-ethereum:PR#32344,geth,f485b23602f7e5bf59dedc2842e0df9d27558c95,2025-08-07T20:28:18+02:00,2025-08-07T20:28:18+02:00
geth:ethereum-go-ethereum:PR#26116,geth,78429e6a29d484520e1a79631299d99f00d0567a,2022-11-05T12:42:53+03:00,2022-11-05T12:42:53+03:00
geth:ethereum-go-ethereum:PR#26648,geth,d1de0bfe43f764867fc4b6d256b647913e1e0f80,2023-03-10T17:13:49+01:00,2023-03-10T17:13:49+01:00
b7823b1335bc7423,geth,de8d5fa0423e5c2dfbf12eed3694ce4e6b90203c,2022-09-09T11:42:57+03:00,2022-09-09T11:42:57+03:00
geth:ethereum-go-ethereum:PR#17734,geth,d3f056bd68fb6a8e9ffa3938d5404c6a209e0313,2018-09-21T12:56:43+02:00,2018-09-21T12:56:43+02:00
geth:ethereum-go-ethereum:PR#1314,geth,3ce17d2862e89e20b8e9b10cc02ee0b1333f6625,2015-06-22T20:13:18+03:00,2015-06-22T20:13:18+03:00
geth:ethereum-go-ethereum:PR#35215,geth,af43feb0407808b4d2d2e6e6d150252466de187f,2026-06-25T09:18:24+08:00,2026-06-25T09:18:24+08:00
geth:ethereum-go-ethereum:PR#33968,geth,232bedfb3137dab17b261f2261e92bd9dc9821dd,2026-03-06T14:01:59Z,2026-03-06T14:01:59Z
geth:ethereum-go-ethereum:PR#33829,geth,f2c74dd526d15960abbf9123b350972fb0cffa76,2026-02-12T15:51:26+01:00,2026-02-12T15:51:26+01:00
geth:ethereum-go-ethereum:PR#33606,geth,e87a214a446513917adcfc150e4c62efb7e08f74,2026-01-14T20:16:15+08:00,2026-01-14T20:16:15+08:00
geth:ethereum-go-ethereum:PR#33602,geth,d5e17c9458b4041988d79a02db64163c9e496ece,2026-01-14T17:10:30+08:00,2026-01-14T17:10:30+08:00
geth:ethereum-go-ethereum:PR#33647,geth,e6f7db06526e16ccd6b5d75dfaf947d7cbd82043,2026-01-20T10:02:35+08:00,2026-01-20T21:51:19+08:00
geth:ethereum-go-ethereum:PR#1568,geth,acd2c4e52028ec1e34358d6d79ada7812723b32e,2015-08-01T12:32:28+02:00,2015-08-01T12:32:28+02:00
geth:ethereum-go-ethereum:PR#33193,geth,8b3ce0b6f91a7c42909d8fb2b4261e61e02af87e,2025-11-15T15:30:51+01:00,2025-11-15T15:30:51+01:00
geth:ethereum-go-ethereum:PR#32937,geth,b995a24f7ca48bc404fce310968ada57a3c93a1a,2025-10-17T17:41:11-04:00,2025-10-17T17:41:11-04:00
geth:ethereum-go-ethereum:PR#32776,geth,eb99acbb35f7c4a910e9903003b23b60338e2a80,2025-09-29T12:24:28+02:00,2025-09-29T12:24:28+02:00
geth:ethereum-go-ethereum:PR#32503,geth,9c25e60a184c877c1aa79ea70dc1ac67f0be8b8e,2025-08-27T19:07:41+08:00,2025-08-27T19:07:41+08:00
geth:ethereum-go-ethereum:PR#31157,geth,cfe033fd6b911a524c3932c8ff60f6551f556b46,2025-02-11T14:40:26+01:00,2025-02-11T14:40:26+01:00
geth:ethereum-go-ethereum:PR#30973,geth,6182650502d2d2dae2c0e40e327437ea2ec97873,2024-12-30T19:37:14+01:00,2024-12-30T19:37:14+01:00
geth:ethereum-go-ethereum:PR#30741,geth,f259101d08cc358977af6bf32b4b127d65e681c3,2024-11-10T12:23:00+08:00,2024-11-10T12:25:23+08:00
geth:ethereum-go-ethereum:PR#30430,geth,0654bc35e129abd3288f2677a56664e659bf7c79,2024-09-14T15:27:04+08:00,2024-09-14T15:27:04+08:00
geth:ethereum-go-ethereum:PR#25957,geth,52bb09fd42fc61f8f89f39c84cca5f8b7892f9c8,2022-10-12T09:34:31+02:00,2022-10-12T09:34:31+02:00
geth:ethereum-go-ethereum:PR#30414,geth,c173c1b73f4e89ba3f9473865f75d183dab5a6c4,2024-09-09T12:50:00+02:00,2024-09-09T12:50:00+02:00
geth:ethereum-go-ethereum:PR#30332,geth,8d245bf85e48062824c3bb364218870a69890c26,2024-08-21T12:40:49+02:00,2024-08-21T12:40:49+02:00
geth:ethereum-go-ethereum:PR#29349,geth,5585a939229db51cc7c2b0d41ec4106d0ddc668f,2024-03-26T12:31:29+01:00,2024-03-26T12:31:29+01:00
geth:ethereum-go-ethereum:PR#29107,geth,98fcaa31db726567484660147e863443d33e7b7b,2024-02-28T20:29:58+08:00,2024-02-28T20:29:58+08:00
geth:ethereum-go-ethereum:PR#29020,geth,546d352f0b9762d5f6b071120dac05e6f2eddf92,2024-02-19T12:00:35+08:00,2024-02-19T12:00:35+08:00
geth:ethereum-go-ethereum:PR#27238,geth,3230d1cb9682d3f5d99e5ff2c74fbd8a0eb91be6,2023-05-10T09:43:08-04:00,2023-05-10T09:43:08-04:00
geth:ethereum-go-ethereum:PR#28416,geth,fc32f40bd33c0fa616f718e25cb0525536628311,2023-10-26T08:24:43+08:00,2023-10-26T08:24:43+08:00
geth:ethereum-go-ethereum:PR#28361,geth,7642dd8e7a65fb9ffe5b31782dd2158dd57950a8,2023-10-24T14:13:11+02:00,2023-10-24T14:13:11+02:00
geth:ethereum-go-ethereum:PR#27868,geth,e355cd5b19d575597cacf47da239f70fde26e467,2023-08-10T15:42:32+08:00,2023-08-10T15:42:32+08:00
geth:ethereum-go-ethereum:PR#27691,geth,0f411941c3af151a4f60186d3f959389788103b9,2023-07-11T17:16:06+02:00,2023-07-11T17:16:06+02:00
geth:ethereum-go-ethereum:PR#26817,geth,b4a6d73c443786534966de7abab14efd97f7a349,2023-03-06T20:53:59+01:00,2023-03-06T20:55:40+01:00
geth:ethereum-go-ethereum:PR#27039,geth,d7d72867895fe37fcb2ae9fe461ccd58475e5279,2023-04-03T14:55:41+08:00,2023-04-03T14:55:41+08:00
geth:ethereum-go-ethereum:PR#26848,geth,7aa085ea0d559742ed130ed5be47b2292a209efb,2023-03-20T13:03:44+01:00,2023-03-23T20:41:40+01:00
geth:ethereum-go-ethereum:PR#26652,geth,adc7496e5fc78e7aa898d14985abc82e038d4e40,2023-02-09T14:45:26+02:00,2023-02-09T14:45:26+02:00
geth:ethereum-go-ethereum:PR#26563,geth,89ef137af724a0b4f951b56385698c86cbc400c3,2023-01-27T14:29:17+01:00,2023-01-27T14:29:17+01:00
geth:ethereum-go-ethereum:PR#24946,geth,e63cb8e366413f5ba29cefbb1a77018da5a293e9,2022-05-31T10:16:14+02:00,2022-05-31T10:16:14+02:00
geth:ethereum-go-ethereum:PR#24657,geth,dd65a95c5dbe961bb070a99f28da96e89deaf53a,2022-04-07T10:25:23+08:00,2022-04-07T10:25:23+08:00
geth:ethereum-go-ethereum:PR#24641,geth,2412c20b1465c986b6dc6833474c3b4ec682d647,2022-04-05T10:03:06+08:00,2022-04-05T10:03:06+08:00
geth:ethereum-go-ethereum:PR#24537,geth,a0fca9fa4e6fd9722225a900be09f7e155aca594,2022-03-14T14:48:28+08:00,2022-03-14T14:48:28+08:00
geth:ethereum-go-ethereum:PR#24242,geth,7114fa3b552bb34ce472831817f01edc51e48b43,2022-01-15T16:39:08+02:00,2022-01-15T16:39:08+02:00
geth:ethereum-go-ethereum:PR#23053,geth,ac5712d1eb77f0b82c2fa1088da320b37ca231f5,2021-06-16T11:02:26+02:00,2021-06-16T11:02:26+02:00
geth:ethereum-go-ethereum:PR#23225,geth,6376c755367d1652227b0f8ccd9ba185482e8d64,2021-07-27T16:35:24+02:00,2021-07-27T16:41:38+02:00
geth:ethereum-go-ethereum:PR#23133,geth,5b1285d7cfbb626d1e609d73f119536116f5a3f9,2021-06-30T13:12:19+02:00,2021-06-30T13:12:19+02:00
geth:ethereum-go-ethereum:PR#23538,geth,01682054e05c3b28d32f8f69eb28222b65c075ae,2021-09-08T15:08:33+02:00,2021-09-08T15:08:33+02:00
geth:ethereum-go-ethereum:PR#23865,geth,99771fdc059e3ca3b11ab543a6b839e2e79c0318,2021-11-07T17:29:34+01:00,2021-11-07T17:29:34+01:00
geth:ethereum-go-ethereum:PR#22233,geth,5bff3863cdb8a2e74c4e214a8f7756c4c096b138,2021-01-25T19:40:46+01:00,2021-01-25T19:40:46+01:00
geth:ethereum-go-ethereum:PR#23047,geth,25626495f7af7815543ef12bf24859779a7f6fd7,2021-06-16T08:50:30+02:00,2021-06-16T08:50:30+02:00
geth:ethereum-go-ethereum:PR#22551,geth,a31f6d54dfd49e277b78017c3c5e34d544687f7f,2021-03-22T22:41:28+02:00,2021-03-22T22:41:28+02:00
geth:ethereum-go-ethereum:PR#22225,geth,7a44bb0716240324280abc74a6953502c108991e,2021-01-24T13:30:58+01:00,2021-01-24T13:30:58+01:00
geth:ethereum-go-ethereum:PR#21864,geth,b49e95746e764d2301c872c8dbb6041752d129f1,2020-11-18T13:05:28+08:00,2020-11-18T13:05:28+08:00
geth:ethereum-go-ethereum:PR#20948,geth,56c0ee15174205bed0dec3d56ce7c593bba6b87f,2020-04-20T09:58:17-04:00,2020-04-20T09:58:17-04:00
geth:ethereum-go-ethereum:PR#20653,geth,1579051fa830f84db6a9a32ec9fdc201178f7c8b,2020-02-12T16:50:35+08:00,2020-02-12T16:50:35+08:00
geth:ethereum-go-ethereum:PR#20612,geth,ee9ef1fbc4da0f606af2db028890654cfbf3f6d6,2020-02-03T10:10:01+01:00,2020-02-04T09:48:10+01:00
geth:ethereum-go-ethereum:PR#20540,geth,fc392395fbb7d26d8b2123b12402225b9d4324d3,2020-01-10T10:12:32+01:00,2020-01-10T10:12:32+01:00
geth:ethereum-go-ethereum:PR#19757,geth,4eb98cc2587345316483c7029e7d2993e4c5d12a,2019-06-26T15:13:35+08:00,2019-06-26T15:13:35+08:00
geth:ethereum-go-ethereum:PR#20013,geth,7f98ea4a47700a8fc8b8a784f2e43d08f9692693,2019-08-27T20:51:23+08:00,2019-08-27T20:51:23+08:00
geth:ethereum-go-ethereum:PR#18344,geth,81e7e511359a12381e67e3086e1c49cf635a959c,2019-01-03T17:12:03+07:00,2019-01-03T18:24:55+07:00
geth:ethereum-go-ethereum:PR#17798,geth,23ca84193583763717c5e8ef63e4002964ce4b6b,2018-10-01T10:36:39+02:00,2018-10-01T12:03:25+02:00
geth:ethereum-go-ethereum:PR#17412,geth,b24fb76a3ae8b2a41bde9ed0744b4284e385e011,2018-08-16T09:41:16+03:00,2018-08-16T09:41:16+03:00
geth:ethereum-go-ethereum:PR#17313,geth,44c02c20482ab9d7d4b8a136a1c6464d7f826215,2018-08-04T09:54:36+02:00,2018-08-04T09:54:36+02:00
geth:ethereum-go-ethereum:PR#16630,geth,a1949d0788ecb1d890677bdd26c0e711ddf639b2,2018-05-01T19:00:12+02:00,2018-05-02T10:34:31+03:00
geth:ethereum-go-ethereum:PR#16055,geth,b4e7efdd42ec530127651190d8e20fbadaa9052b,2018-02-09T20:23:07+01:00,2018-02-09T20:23:07+01:00
geth:ethereum-go-ethereum:PR#15946,geth,2d3c9cc476be886881330c2ae74003e1666004b2,2018-01-23T01:36:20+01:00,2018-01-23T01:36:20+01:00
geth:ethereum-go-ethereum:PR#15665,geth,a377e5fe5154abea5a58ef38804e4dfcbb90ebb7,2017-12-14T14:17:57+03:00,2017-12-14T14:17:57+03:00
geth:ethereum-go-ethereum:PR#15799,geth,29cc8c2dac78b408320aceb8fcfc565f0d468958,2018-01-03T11:49:33+02:00,2018-01-03T11:49:33+02:00
geth:ethereum-go-ethereum:PR#15714,geth,2c531bc9db2dda80eee33eddd8d6dbad5f6b176b,2017-12-20T12:11:12+02:00,2017-12-20T12:11:12+02:00
geth:ethereum-go-ethereum:PR#14790,geth,f3401631556f3aa9b0626513551eebab8af7d68a,2017-07-11T10:40:42+03:00,2017-07-11T10:40:42+03:00
geth:ethereum-go-ethereum:PR#14697,geth,caa00b7e6d0dcb0429ef83ae993a2656abde9b60,2017-06-25T16:10:54+02:00,2017-06-25T16:10:54+02:00
geth:ethereum-go-ethereum:PR#3591,geth,b0ec4359a578958241fa5555063ce6c14c84a29b,2017-01-19T11:18:12+02:00,2017-01-19T11:18:12+02:00
geth:ethereum-go-ethereum:PR#2399,geth,4326061e35a76ebf1bd02379bfc2f1d05dddc529,2016-03-31T18:15:38+03:00,2016-03-31T18:26:25+03:00
geth:ethereum-go-ethereum:PR#1945,geth,c3c5f8b654f9ddaeedeb2d3d5d1caf000e08320e,2015-10-29T08:40:07+01:00,2015-10-29T09:23:03+01:00
geth:ethereum-go-ethereum:PR#1974,geth,6e5349880e79b8321ae311d824493e4581039d30,2015-11-06T11:47:57+02:00,2015-11-06T11:47:57+02:00
geth:ethereum-go-ethereum:PR#954,geth,910a6d4e46dfb06a671ef68c8d90c66cab107d27,2015-05-13T17:25:01+03:00,2015-05-13T17:25:01+03:00
geth:ethereum-go-ethereum:PR#687,geth,d1729acd2bb15401e6b9b6a41bd753b122771d3c,2015-04-10T11:43:08+03:00,2015-04-10T11:43:08+03:00
geth:ethereum-go-ethereum:PR#195,geth,7c24cd790d39b67ee16ad7f1b1a805fcb131dc8a,2014-11-28T19:39:20-05:00,2014-11-28T19:42:05-05:00
geth:ethereum-go-ethereum:PR#35140,geth,7adc5d71346fa6cb562423f8abcf01f27693c06b,2026-06-10T13:49:29+02:00,2026-06-10T13:49:29+02:00
geth:ethereum-go-ethereum:PR#33940,geth,e89ff4a68aa340d8d56bb0aee1d51f54c98bb499,2026-03-03T10:28:05+01:00,2026-03-03T10:28:05+01:00
geth:ethereum-go-ethereum:PR#33015,geth,cc29512c8bd8f74cc6289d204903068aa95073e9,2025-10-24T08:08:02-06:00,2025-10-24T08:08:02-06:00
geth:ethereum-go-ethereum:PR#29864,geth,e3ca63b7f525bf6359e72ce438c898a5965ce679,2024-05-28T16:54:15+02:00,2024-05-28T16:54:15+02:00
geth:ethereum-go-ethereum:PR#27162,geth,fb558dd8ba5ed91216ed2d8d16dbd19ebf2f6a11,2023-04-25T13:26:04+02:00,2023-04-25T13:26:04+02:00
geth:ethereum-go-ethereum:PR#27945,geth,684ba957026aeb02facc8eff0e5b7a04fc343f8c,2023-08-17T17:37:22+08:00,2023-08-17T17:37:22+08:00
geth:ethereum-go-ethereum:PR#28914,geth,ad3b215890825938d5f38487b905f1e6ee66c3ba,2024-02-02T17:31:30+02:00,2024-02-02T17:31:30+02:00
geth:ethereum-go-ethereum:PR#28709,geth,8bdaa302b72a8b1de08f062b340f6f172307779c,2023-12-19T23:00:01+01:00,2023-12-19T23:00:01+01:00
geth:ethereum-go-ethereum:PR#26351,geth,0c61c597f504fbd62c45cec89646d95150102331,2022-12-13T13:47:41+01:00,2022-12-13T13:47:41+01:00
geth:ethereum-go-ethereum:PR#24200,geth,1f838884197bad91e14d4725506efd0b407a0af5,2022-01-05T15:34:34+01:00,2022-01-05T15:34:34+01:00
geth:ethereum-go-ethereum:PR#23701,geth,e8e1dac9cb5f2045d98aa8bef7ab28b8df73483c,2021-10-09T15:37:15-03:00,2021-10-09T15:37:15-03:00
geth:ethereum-go-ethereum:PR#22738,geth,9901a4bc633c1868ff36ef42f713571fd1daaa71,2021-04-26T09:03:21+02:00,2021-04-26T09:03:21+02:00
geth:ethereum-go-ethereum:PR#23496,geth,a4f3a84f08f9f2ea2ef848837bb2501d6492cd2f,2021-10-12T22:02:53+02:00,2021-10-12T22:02:53+02:00
geth:ethereum-go-ethereum:PR#23437,geth,180818214061d2448994cd5d7fa63654eeaf4c66,2021-08-23T11:59:02+01:00,2021-08-23T11:59:02+01:00
geth:ethereum-go-ethereum:PR#23200,geth,2769b5c648deca7e1c1fc36d9dcec3aa3765d9dc,2021-07-13T10:27:52+08:00,2021-07-13T10:27:52+08:00
geth:ethereum-go-ethereum:PR#23168,geth,78c34fdc3c44770b121f8f430d0b00c629e4e091,2021-07-06T09:58:24+03:00,2021-07-06T09:58:24+03:00
geth:ethereum-go-ethereum:PR#22906,geth,edb4923d990f9aaced470bd52043eddc0cb6adba,2021-05-19T14:15:38+02:00,2021-05-19T14:16:33+02:00
geth:ethereum-go-ethereum:PR#22332,geth,e991bdae2458dbee5a28addd188a897858aa34dd,2021-02-16T10:44:38+02:00,2021-02-16T10:44:38+02:00
geth:ethereum-go-ethereum:PR#21279,geth,34ec06df99b123e2f0e289f86863a1570aa8a1e9,2020-06-30T20:39:34+02:00,2020-06-30T20:39:34+02:00
geth:ethereum-go-ethereum:PR#21050,geth,d1a36c0c4033afba7d0c454716be3cd72ed3d02e,2020-05-08T15:32:56+02:00,2020-05-08T15:32:56+02:00
geth:ethereum-go-ethereum:PR#20595,geth,c6c58895fe1458afa42178e1bf16bd6e87a4c17f,2020-01-27T12:37:38+01:00,2020-01-27T12:37:38+01:00
geth:ethereum-go-ethereum:PR#19579,geth,1c4a1df4200f4fcd78b069cde95cbb24e4e664b3,2019-05-15T10:34:58-04:00,2019-05-15T10:34:58-04:00
geth:ethereum-go-ethereum:PR#19544,geth,2d0b6e75776844573a2866c45c4f2a21d03a6af0,2019-05-10T16:37:03+03:00,2019-05-10T16:37:03+03:00
geth:ethereum-go-ethereum:PR#1842,geth,90cd8ae9f28b7caac93b5c8d555a11e6be90a9eb,2015-09-22T23:59:26+02:00,2015-09-22T23:59:26+02:00
geth:ethereum-go-ethereum:PR#17419,geth,56220ca91e0860fce7fb59bea814257362d7799a,2018-08-17T13:07:51+03:00,2018-08-17T13:07:51+03:00
geth:ethereum-go-ethereum:PR#17274,geth,2dc0ae743bc1f0a0c3c41b6f725d2fc90c6b00f6,2018-07-30T15:04:45+08:00,2018-07-30T15:04:45+08:00
geth:ethereum-go-ethereum:PR#15017,geth,3e14837c1c711f70a7d8373213f24b95e0bab3ca,2017-08-21T13:45:50+03:00,2017-08-21T13:45:50+03:00
geth:ethereum-go-ethereum:PR#3738,geth,a38e1a9c00c6a0b95408269a035b409b8ff6c228,2017-03-03T09:54:13+02:00,2017-03-03T09:54:13+02:00
geth:ethereum-go-ethereum:PR#2575,geth,67cd4ee8d26e9ebe2714faaca856e73512236834,2016-05-17T16:05:12+02:00,2016-05-17T16:17:54+02:00
geth:ethereum-go-ethereum:PR#2084,geth,3c9a2c752fcc1d85d1e026ac498b2e092725db61,2015-12-18T15:23:43+01:00,2015-12-18T15:30:08+01:00
geth:ethereum-go-ethereum:PR#1966,geth,90655736ed11859d185849f4f5a374b30095d932,2015-11-05T11:53:50+02:00,2015-11-05T11:53:50+02:00
geth:ethereum-go-ethereum:PR#1774,geth,f69121357dda1629f543c1788cd0d47f1088c40c,2015-09-06T16:25:55+02:00,2015-09-06T16:25:55+02:00
geth:ethereum-go-ethereum:PR#1204,geth,a9c058dfe0fe67b6482e591c83852732e81beb64,2015-06-08T11:49:59-07:00,2015-06-08T11:49:59-07:00
geth:ethereum-go-ethereum:PR#28387,geth,b187795c6c12f4ed5aaceaee35f7f9a84084f86e,2023-10-20T11:02:41+02:00,2023-10-20T11:02:41+02:00
geth:ethereum-go-ethereum:PR#25603,geth,36a169c377ac08953d9ecda94e088cbd33bcc1db,2022-09-08T23:38:46+09:00,2022-09-08T23:38:46+09:00
geth:ethereum-go-ethereum:PR#23861,geth,0a9734a9cfee0a0725b22019af1dd9d9cd368705,2021-11-05T15:27:32+01:00,2021-11-05T15:27:32+01:00
ea018c4d04c6a290,geth,d8da0b3d81d6623e0e500de11f50c2858e1fb9e7,2020-08-26T13:05:06+03:00,2020-08-26T13:05:06+03:00
8666fc7b00a31669,geth,d2a5dba48f31031e8f9b1b4942a1e29e54d97079,2025-11-08T06:06:15+08:00,2025-11-07T23:06:15+01:00
692509c8f997fada,geth,bc1967f088469b7d78607b75bd7df3e960d0df82,2026-06-04T22:22:58-04:00,2026-06-04T21:22:58-05:00
geth:ethereum-go-ethereum:PR#32206,geth,031e3da3cf5a99a14d4b21e3624f8d6ad847fe8a,2025-07-14T09:52:33+02:00,2025-07-14T09:52:33+02:00
geth:ethereum-go-ethereum:PR#24685,geth,08f4188cf7f61a48fd96b441b393258f89fcf206,2022-05-05T15:19:03+02:00,2022-05-05T15:19:03+02:00
geth:ethereum-go-ethereum:PR#24957,geth,03595bf8a16fd0054c05879eb1fb4bab32114e00,2022-05-26T11:10:22+08:00,2022-05-26T11:10:22+08:00
geth:ethereum-go-ethereum:PR#21664,geth,416f6d638c1dae4d20d8ae9dbad6d18ea61c65a5,2020-10-05T23:27:09+02:00,2020-10-13T16:59:23+02:00
ae289caaccee6723,geth,abc74a5ffeb7e211954178e5d7b8543d5bd3d3cc,2021-11-12T07:50:08-07:00,2021-11-12T15:50:08+01:00
geth:ethereum-go-ethereum:PR#22540,geth,7e2d9085d53658b4b16324fa5bd4f3cd4446ee2d,2021-03-29T09:23:07-04:00,2021-03-30T15:02:02-04:00
geth:ethereum-go-ethereum:PR#22140,geth,4689b4ae6b250c38784e258874963aa43373f219,2021-01-08T18:30:01+02:00,2021-01-08T18:30:01+02:00
geth:ethereum-go-ethereum:PR#19228,geth,d58bae177f2925b7fb2a34e7f160fecc8a2d945b,2019-03-06T16:43:22-05:00,2019-03-06T16:43:22-05:00
geth:ethereum-go-ethereum:PR#18487,geth,87c9d7c7d86966ff2206b4488050970614e4a7a3,2019-01-21T17:00:29+04:00,2019-01-21T17:00:29+04:00
geth:ethereum-go-ethereum:PR#16146,geth,34d94e22d9c9f3c2373a398269ecbba0139827d2,2018-02-20T18:20:33+01:00,2018-02-21T13:23:53+01:00
geth:ethereum-go-ethereum:PR#3412,geth,7e2d6177ead9a6bf4b4df1ec8f1b0ee28837660d,2016-12-07T10:39:05+01:00,2016-12-09T10:46:10+01:00
6e31a95a385278cf,geth,1c74f2376167f50a4b7ece730c472309d7611362,2025-08-19T20:47:47+09:00,2025-08-19T19:47:47+08:00
2928b88a4cb6a0f8,geth,5a150e1b7724c91009a237ab0879cd64844b390d,2018-03-01T09:34:46+01:00,2018-03-01T09:34:46+01:00
8408d271f603a78a,geth,7e7a3f0f71d60510afb5cd06282c1db729c1f60b,2020-11-24T16:02:53+01:00,2020-11-24T16:02:53+01:00
34e55321e6e9fe6f,geth,d3441ebb563439bac0837d70591f92e2c6080303,2018-09-25T15:54:58+02:00,2018-09-25T15:54:58+02:00
30e0b2e6d8c4bc19,geth,52ae75afcda074d46a07fb017c334c2862f162be,2025-12-31T01:04:38+05:00,2025-12-30T21:04:38+01:00
7c5ea587d2623255,geth,45698e9cb9d917a5677bf5b0f0f7876cae97f1a0,2026-05-27T17:08:18+05:30,2026-05-27T13:38:18+02:00
4c2b81baf1b51905,geth,5c89ec9b989084dfc67dcaf81736067ebb8f078c,2021-07-27T16:19:48+02:00,2021-07-27T16:19:48+02:00
e9ea5a2df8451ede,geth,15339cf1c9af2b1242c2574869fa7afca1096cdf,2020-12-04T15:01:47+01:00,2020-12-04T15:01:47+01:00
1f0ebd993808b251,geth,817a3fb5622c8704116e9847661c16f9f3d785c6,2020-12-09T20:21:31+01:00,2020-12-09T20:21:31+01:00
8d9fda814164720e,geth,b993cb6f381bb8a97b44b3f07e64735d5dede043,2026-01-09T10:43:15+01:00,2026-01-09T10:43:15+01:00
7dce34f9c4b9981e,geth,e9e12a97d27ccaa3a11b80f03b897a515ed44aa2,2025-07-14T15:33:24+02:00,2025-07-14T21:33:24+08:00
b654f24401af4b46,geth,684f0db4a29b966534302f8f328b29d6906b614f,2025-09-20T10:19:55+08:00,2025-09-20T10:19:55+08:00
98ff4c9508e1d146,geth,c2e0abce2eedc1ba2a1b32c46fd07ef18a25354a,2022-11-17T15:33:03+01:00,2022-11-17T15:33:03+01:00
2be2920f7fe29c5d,geth,0d772b9f094285227c5d89fb61cb57e206e94199,2023-08-08T13:35:58+02:00,2023-08-08T07:35:58-04:00
83cccb979a249f1e,geth,6cf2e921a79c2ac914f8b413f3c689919a60110f,2023-03-10T18:30:26+01:00,2023-03-10T18:30:26+01:00
b08fdaa7a797fa7e,geth,7a800f98f66103d934f24231ffec1a656d25b496,2021-01-28T22:47:15+01:00,2021-01-28T22:47:15+01:00
18f8eede1cb95de8,geth,d9aaab13d37af39556e0e2be930baf9f10374a93,2025-12-30T18:27:11+01:00,2025-12-30T18:27:11+01:00
057b84db036a1788,geth,c1d5a012ea4b824e902db14e47bf147d727c2657,2023-10-20T13:35:49+02:00,2023-10-20T13:35:49+02:00
5e2d8a675cef48c2,geth,0bbd88bda04698c457077318ae8442e2611ea3b0,2024-04-09T14:51:54+08:00,2024-04-09T08:51:54+02:00
2de2d99c6c7dc7b9,geth,fb2ae8e9955d2cbb65383e6ff0f3ba73e88c0b09,2022-03-15T17:23:37+08:00,2022-03-15T10:23:37+01:00
16e085f18c36e60a,geth,476fb565cecb483f7506f4dceb438d506464194d,2021-11-05T16:17:13+01:00,2021-11-05T16:17:13+01:00
52a5bdbc45335d58,geth,427175153c0e33a7f640f86bf2ce4c97f03ede72,2021-05-27T18:43:55+02:00,2021-05-27T19:43:55+03:00
aeb7bc7a5b386542,geth,90a098904f552ee722b0d0d5eccb3500d90a85a8,2025-07-14T11:27:42+02:00,2025-07-14T18:27:42+09:00
75eee55314d9b2fd,geth,88452273061060c0f5704aa66f7a030bb82d8e12,2022-05-30T07:00:23-04:00,2022-05-30T13:00:23+02:00
76a0220550bc0219,geth,86d547707965685cef732aa28c15e6811ea98408,2022-05-06T17:20:41+02:00,2022-05-06T17:20:41+02:00
7e71a79fe0efac6e,geth,6e7137103c63f471bf577d857f179110622d8804,2020-10-20T10:58:26+02:00,2020-10-20T10:58:26+02:00
1355286c94e7bc29,geth,d671dbd5b79d2213b92c2c187b9016c4309881c9,2020-06-30T19:43:29+02:00,2020-06-30T19:43:29+02:00
9773a9988df5496c,geth,797b0812ab742b2a24e3c9277fa6564ff9eb9094,2021-01-25T07:17:05+01:00,2021-01-25T08:17:05+02:00
df72efb2b7c52806,geth,492d5454b1e1e1ce18999827a5fd98562bfdbe0e,2015-07-09T14:40:18+03:00,2015-07-09T14:40:18+03:00
d15ce0c8983f467c,geth,5d6d40f329410f20d9ceb92d31985a883d94cb24,2015-07-08T13:21:06+02:00,2015-07-08T13:21:06+02:00
b6b816ea706df2b0,geth,a6cc02f68fb13167b861efa72690538e7cf5b177,2015-10-02T12:20:18+02:00,2015-10-02T12:20:18+02:00
07553b3f2677edf5,geth,748d1c171d74fbf6b6051fd629d3c2204dd930e3,2016-05-19T13:24:14+03:00,2016-05-26T16:33:09+03:00
790ef5452cc3c690,geth,1faa2b1ebdf84f23147f2f64fa4baeabd8faa1ca,2017-04-12T20:59:55-05:00,2017-04-12T20:59:55-05:00
8d7f664cd3b47b0c,geth,d5a79934dc0542bc3ed74f7561651eecdf62a3a1,2017-06-01T18:42:20+01:00,2017-06-01T19:14:05+01:00
90f710c8c92b134d,geth,4a741df757cf6b1d1b4c0e8c875c34b650f46167,2017-06-23T10:50:49+02:00,2017-06-27T13:15:12+02:00
f0eea42c13193daa,geth,7a7428a027de03ad9e80e89a70818c692193e60a,2018-04-27T14:27:33+03:00,2018-04-27T14:29:18+03:00
7e951acdef572308,geth,dec5843fedb426090f08d7b6489558af87879377,2018-05-09T15:57:32+08:00,2018-05-09T15:57:32+08:00
3a7f8432f642ca5c,geth,378f5eafa98373f03cbdf4428f92de93c06997d2,2018-06-20T05:11:18+02:00,2018-06-20T05:11:18+02:00
900596738ac71cc0,geth,d4c68bf905f2b7d61d699901db4f9e41998afe05,2018-07-13T08:43:24+01:00,2018-07-13T08:43:24+01:00
5803ed65174cc05e,geth,106d196ec4a6451efedc60ab15957f231fa85639,2018-08-21T09:48:53+02:00,2018-08-21T09:48:53+02:00
f2cba89aad03bb7b,geth,e4cb158d01499bc4bb34da2489ad1a0f144f7502,2018-08-03T08:42:31+03:00,2018-08-03T08:42:31+03:00
78526164e8f1b6de,geth,ced0708bba570eeac8304b025bdc3947f011ec13,2018-09-17T15:37:08+03:00,2018-09-17T15:37:08+03:00
69adc7b799e61a35,geth,2459f5861249c92fce35b4f3c6e8ca6257b3c94e,2018-09-11T11:38:56+02:00,2018-09-11T11:38:56+02:00
fd11f4cffe069eeb,geth,13b107b6a8bead1ca5489e4d1e75a09b6530c8ba,2018-09-28T11:07:55+02:00,2018-09-28T11:07:55+02:00
0d6ad10dc5f3d0e5,geth,2a2fd5adf8f9fa96aabeedc6aba35c356da8c8c3,2019-01-15T22:06:17+02:00,2019-01-15T22:06:17+02:00
d53c2a6ddc1d0c54,geth,cde35439e058b4f9579830fec9fb65ae0b998346,2019-02-20T10:42:02+02:00,2019-02-20T10:42:02+02:00
005dcaa8758720a9,geth,0b00e19ed93512865dccdef1a340c27e6985aa82,2019-04-10T15:38:01+03:00,2019-04-10T15:38:01+03:00
8752637d48e3e4ad,geth,0baea4d7be71cfa98abac26361caff3e3b8a9984,2019-07-17T16:35:45+08:00,2019-07-17T16:35:45+08:00
0237f50624273590,geth,edca7ec7983c4f87de8ccadcfdd9afe9f5e994b0,2019-07-11T10:37:54+08:00,2019-07-11T10:37:54+08:00
4b0704f57cd6516e,geth,ab017c758ce62cf603f49e91d5006f7c9fc94a36,2019-08-20T15:16:37+02:00,2019-08-20T15:16:37+02:00
a78c0f9f56da831a,geth,cdd1c3db43b2959d55e11d74eae968b316ac1e65,2020-03-26T15:33:54+01:00,2020-03-26T15:33:54+01:00
4be8f57e489c061f,geth,dc6e98d2a8a084b0535f729587fb134e1715b3d7,2020-03-18T14:17:12+02:00,2020-03-18T14:33:06+02:00
a447723201326db4,geth,fd59c9caf10da4b48d0f5ff05551090e9dc02da3,2020-05-11T18:29:13+08:00,2020-05-11T18:29:13+08:00
1fabf29b65ad2e85,geth,90af6dae6efc934e698bac11b09f773724e296bd,2020-05-06T17:22:38+03:00,2020-05-06T17:22:38+03:00
51fca474af26eaf9,geth,293a30b49365f69c7bd69d3fc6ec9271d596d7d3,2020-08-04T09:47:51+02:00,2020-08-04T09:47:51+02:00
86f7acafcf1bc38e,geth,52e68d827a2e56d50780c7b52c659750a0ea33c9,2020-09-01T12:12:52Z,2020-09-01T12:12:52Z
232a30276eb65779,geth,3d01d79c87408a75689a2d6c75aafb44e22077bb,2020-10-29T17:15:29+02:00,2020-10-29T19:07:28+02:00
710610511b54ee78,geth,b30375fcfcaf1443d193072d1317a8b9fc120b77,2020-10-16T10:34:34-04:00,2020-10-16T10:34:34-04:00
c7d92c25ce871e07,geth,51143237ea9e712c226bd9cd56342ec3dfc1b498,2020-12-04T12:57:37+01:00,2020-12-04T12:57:37+01:00
c46897d2ac123408,geth,f5d11f819c547d5ef6eb0a2434bc802b1cea70d8,2021-03-30T15:33:38+02:00,2021-03-30T15:33:38+02:00
c74ebdd49bcf9832,geth,0524cede37508068b3031912989493e10eb0544a,2021-05-11T16:23:54+03:00,2021-05-11T16:23:54+03:00
930e107256386702,geth,39fb6c2d9b2ee8f72944e2d7ffd0e574e34e34d8,2021-07-10T13:00:07+02:00,2021-07-10T13:00:07+02:00
16f9de5b2f4df30a,geth,45e54079c0b00492301397e7bf572a5cff8e61ad,2021-09-14T14:55:20+08:00,2021-09-14T14:56:59+08:00
d0fd649facc4ea92,geth,f65a247683e85fd591a3a2765faecedfbd7442b2,2021-08-27T11:04:12+02:00,2021-08-27T11:04:12+02:00
1686a44d7c5c78b7,geth,743769f48e2fbfa847e1128b11afc76d7d6aaba0,2021-11-23T19:28:17+02:00,2021-11-23T19:28:17+02:00
7a19c55c98c12f63,geth,17356793ad4e737c0575c4384947964f92f41e0e,2021-11-24T10:22:33+01:00,2021-11-24T10:22:33+01:00
b58509bfe256d376,geth,379c3fb058756828a1c79e6bd136504839aeae32,2022-01-04T11:15:35+01:00,2022-01-04T11:15:35+01:00
f254e30b440ed3b5,geth,fb0e7714e4e7551dc8f07e75b93613b4b0981d27,2023-08-03T12:20:26+03:00,2023-08-03T12:20:26+03:00
35a4f656643b3c42,geth,ede100625c8951950fa77a355a51c5d69381f953,2023-07-10T06:35:43-06:00,2023-07-10T06:35:43-06:00
09a7aec8e824f89c,geth,38b282a2a4b2ce82f320d73f106af7efa868fa79,2023-08-11T15:14:58+08:00,2023-08-11T15:14:58+08:00
bb56f961cbc4101f,geth,b3f4daa6f74ee7973a748e951d1b4b765eda3e6d,2023-09-27T16:06:52+10:00,2023-09-27T16:06:52+10:00
1eedd0a88e79faf3,geth,b3aa147d936c0f33e9862758c58259b29b2abbf9,2023-12-19T00:03:14Z,2023-12-19T00:03:14Z
f86f3e1ef892476a,geth,946c6f6f4963cecdbecd39b58736ff69547482bb,2024-02-06T11:32:46+08:00,2024-03-04T18:46:32+08:00
90a6d088282f358d,geth,88e5b5c1afb476609537a49d699c88e78cdda562,2024-04-04T15:51:15+03:00,2024-04-04T15:51:15+03:00
c5e3f4bc35617e01,geth,b292b4f92d4c7537093e9b0daa009ee24db7b325,2024-06-06T15:43:13+02:00,2024-06-10T03:29:05+02:00
6c45d353eb8fa81d,geth,234002a4283ed9f2483a232e6d9deb25c59fc144,2025-04-17T16:58:10+08:00,2025-04-17T16:58:10+08:00
c89bf1608d573caf,geth,1223244b3e3255da82219d8a713489be4f170ab7,2025-06-04T10:03:26+02:00,2025-06-04T10:03:26+02:00
cd0e9af2662412c3,geth,cab51de6bbff87153d327751ad98357f25fe6a84,2025-09-17T11:37:10+02:00,2025-09-17T11:37:10+02:00
b2f3a6e7d2b912c2,geth,8a1f9835911eccb06958802fa77b9eb0dcb3c2ee,2025-12-23T16:17:53+01:00,2025-12-23T16:17:53+01:00
b8af211baff56308,geth,6b60b5ea87e7e896701c14403a4ccfbabcba10e7,2026-02-13T23:29:06+01:00,2026-02-13T23:54:11+01:00
d0578666c1aa52dd,geth,fa47f069d6fe5ce451463128cacfdf9b365d5752,2026-04-18T16:45:43+02:00,2026-04-18T16:45:43+02:00
dfd772660d2f7eb3,geth,5bca28faef9641cebf58bf9c6eb14c60aa8d8baa,2026-04-10T19:01:22+02:00,2026-04-10T19:01:22+02:00
2441d3336ec0aa65,geth,fd36eb67ad86c2f3dd6d9b6f3977cb31e668deb3,2026-02-10T13:19:44+01:00,2026-02-10T13:19:44+01:00
8c1d3c5a10c7c68b,geth,69422b9dac0558265da7911631021cb12a01c5e4,2026-01-29T12:53:00+01:00,2026-01-29T12:53:00+01:00
7ce34f9d61f902ae,geth,1803f5a63352ab755320a917842071fc3dda3192,2026-02-02T18:12:37+01:00,2026-02-02T18:12:37+01:00
19952b3982226177,geth,e4c011b8bc30ae63a2991d57a0cff6c7e57f4a8f,2025-11-20T10:54:00+08:00,2025-11-20T10:54:00+08:00
e3d937838aebd040,geth,8f3f0ab650964bb26ef6fe4944ad3394e412b5eb,2025-12-11T08:32:03+02:00,2025-12-11T08:32:03+02:00
49e1d0b6adcbe535,geth,67fa6df90181c13fd6bd2a8b447d63bc273d299d,2025-11-14T08:03:41+01:00,2025-11-14T08:03:41+01:00
a7e0ea805ff4f18b,geth,a24ffbca47cb06fff9aa30c0c00ae0fb56084fff,2025-09-24T19:52:22-06:00,2025-09-24T19:52:22-06:00
03ad1798c5d772e6,geth,2e192a858d1b9b0f2a5f91d5710ed02d0147897e,2025-04-01T15:27:05+01:00,2025-04-01T15:27:05+01:00
2c3bbe2fa018f083,geth,9d9ca45145169c9aec47d2fe3b3c03d8e4f743e9,2025-01-22T20:30:17+08:00,2025-01-22T20:30:17+08:00
ec988c375dbcf16e,geth,ef3c4ba2bf6e47429a9beab9fd0ec9a14ffcd9f2,2018-01-30T15:55:35+01:00,2018-01-30T15:55:35+01:00
30eb13e07b0eec8f,geth,44208d925811dc309b9e26df6dc1752ba359a0a8,2021-01-07T10:23:50+02:00,2021-01-07T10:23:50+02:00
9d281cd7385d8958,geth,8decf6aa4327e174a2816360666967d806b8f6be,2024-08-26T20:21:46+08:00,2024-08-26T20:21:46+08:00
023a1ec704215cb7,geth,fe49856ea7100501024dcb907924b0ffc859e71d,2024-06-17T20:18:23+02:00,2024-06-17T20:18:23+02:00
956db92119294822,geth,1058b1954657e85ff6e3492339de484bd6b2a76b,2022-08-23T11:38:47+08:00,2022-08-23T11:38:47+08:00
5106a70e2cbfc8ad,geth,284fce12deb7a68f9aba2cad6dc2cbe31c1de7d5,2023-06-14T19:04:42+02:00,2023-06-14T19:04:42+02:00
2c1bf90797508001,geth,1ec46ae3490e37d0f17df1ad35cd6b654fe46d0c,2023-09-23T17:45:34-07:00,2023-09-23T18:47:19-07:00
aa6d61d4553d4651,geth,4e1fe905e1dbbf3573438e18afdedf26776aac66,2023-05-31T02:01:02-04:00,2023-05-31T02:01:02-04:00
bf9f51ddcafee473,geth,610bc0ce57f15562ac0a0a8e77a249f5816aab60,2023-02-09T13:24:30+02:00,2023-02-09T13:24:30+02:00
54dfc6145b409ec2,geth,f8fbe3fcff6ddd1ba234b6678115146caa6cf4ac,2022-05-23T16:48:08+02:00,2022-05-23T16:48:08+02:00
9ec7b1a6d7e15309,geth,320e8813032ec28579a21ab61e1109399bcba9bb,2022-03-22T16:16:19+08:00,2022-03-22T17:34:56+08:00
5f2309fbeb0f01cc,geth,b59d235e1c94568c60a5210059fddcd69a96b448,2022-04-01T15:18:06+08:00,2022-04-01T15:18:06+08:00
d1fc865a06d8c525,geth,8ac432b95c5f85f039e3a3d4c86ddb471b3ba5d0,2022-04-14T14:06:53+08:00,2022-04-14T14:06:53+08:00
e54d4d62ea28ff1f,geth,33a400b9ab06efe8dcbb1367e7ff4543d215da3c,2021-10-29T13:49:35+02:00,2021-10-29T13:49:35+02:00
4375f16b5b558c3e,geth,47ee18112e49044c94ee89a0eef4bf3d11dc75b9,2021-10-21T09:08:27+07:00,2021-10-21T09:08:27+07:00
dbaf0fc98f2600c7,geth,48f803c3b438227fd0bb71ba48f465c070d520c1,2021-04-29T14:45:08+02:00,2021-04-29T14:50:47+02:00
1d58642716519738,geth,d0a711bf5c9eeffe75175b1ab3bd764dda7fcb2c,2021-03-03T14:04:56+01:00,2021-03-03T14:16:17+01:00
8650442c80b28804,geth,8e6fd5d39a0e4d0da07631c5de9f13ec53bc1410,2020-12-09T15:06:39+01:00,2020-12-09T15:06:39+01:00
6e4047afe19e1248,geth,eacb759ec4979fa8d9656abc79384d8473c638fe,2021-01-22T16:26:39+08:00,2021-01-22T16:26:39+08:00
6d5683916ade47e2,geth,0ad5898c0f9b0d777818d89356b74606f4b3c988,2015-05-11T11:53:53+03:00,2015-05-11T11:53:53+03:00
bbea6d2b293d94bd,geth,3642441ca3a0afe94e581612ff99aef7f0e66a44,2015-07-20T14:02:02+03:00,2015-07-20T14:02:02+03:00
78dc88cabdf32dd2,geth,95263914fcc6631aedc7294624ae39c2adf3cb5f,2019-05-13T11:25:54+02:00,2019-05-13T11:30:31+02:00
a2dc09bf5b26e0f0,geth,a6732c333c1988149e7b1599e6d4b646f8978bfa,2019-06-28T12:35:14+08:00,2019-07-01T12:22:19+08:00
f4339c3f6d541bc0,geth,0f9cd32b4649e67610bd30fae29b07bab44b9711,2018-08-07T14:23:18+02:00,2018-08-07T14:23:18+02:00
57e6f1f504f1bcd5,geth,11bbc660823246b9fc25e4b994121e30a9f17306,2018-08-08T17:16:38+03:00,2018-08-09T12:33:30+03:00
1281d40bddb63a30,geth,515a3d9890416c2f5b5fc34d92b8686ee1a9732d,2025-11-24T22:29:37+08:00,2025-11-24T22:29:37+08:00
61ef89e2ab534b32,geth,8a8fef540a6e793ff19cee10dc44dc81377b5ce2,2025-07-14T13:43:20+02:00,2025-07-14T13:43:20+02:00
8c5d4c4ba600f32b,geth,bfecb5fbcb8ac6e31ce2af02a1f74f3b0991c611,2025-07-22T00:31:24+08:00,2025-07-22T00:31:24+08:00
e84e13f52af9dacd,geth,6d9cf624b315b9aac0bace070582f954009718ab,2025-03-28T13:59:09+01:00,2025-03-28T13:59:09+01:00
0b6b65e01211293b,geth,64d32e5a218a72b91f020138f5abbffde6c648ce,2024-02-19T08:55:38+01:00,2024-02-19T13:52:23+01:00
aacd809c77d13d79,geth,bf1dd6b0f84bcd8bbbbdbea2d40a53de296efc8d,2022-06-16T11:08:18+02:00,2022-06-16T11:08:18+02:00
ab4b3b42313daaa5,geth,cea20afc580b5103dbabec9a85da61a5f6561073,2020-11-06T13:53:15+03:00,2020-11-06T13:53:15+03:00
dcf50a4c60e201c4,geth,540c3ab4fb8e3d8fbe61eb410a1d5a444a2018c4,2021-03-08T11:09:10+01:00,2021-03-15T20:21:37+01:00
16293998e644c354,geth,61350d0e835900a92677cb29b57e93744273d27f,2020-11-12T16:14:44+01:00,2020-11-12T16:17:39+01:00
ce7aa0f52e57f8d0,geth,9bef3c9f6f18813b565a2a98f3249752efaa1422,2020-09-08T16:49:25+02:00,2020-09-08T23:17:39+02:00
a84406460fceafd5,geth,e4301564c2af0b4f084a3bcf8ddcec5e84ac4ead,2017-06-28T10:47:07+02:00,2017-06-28T10:47:07+02:00
204dd28eca18ee54,geth,7180699d401e64b52447ccb2cfb33004b7deb672,2015-04-17T03:11:24+02:00,2015-04-17T14:45:10+02:00
02b6b0457e294628,geth,dd49c8e43d394b78d97a4f7cf7a74ddadcda5323,2015-04-28T10:28:15+02:00,2015-04-28T10:28:15+02:00
2ea9db0643f8dedc,geth,514e4450c521616fd4bc7cabca2c62a0b5406af7,2018-06-04T23:55:46+02:00,2018-06-04T23:55:46+02:00
f21c7b1924684654,geth,a4215f469c736513f2fcb66b578faef822402549,2016-07-25T16:31:48+02:00,2016-07-25T16:39:00+02:00
704cf5e79982771c,geth,76410df6a21a10dec09ca955b1896ac083853ef7,2015-10-29T16:58:23+01:00,2015-10-29T17:35:43+01:00
9aedb6983200569c,geth,649787a9bf76fbf4b28336d4c1f06922e44e6d49,2015-12-30T18:31:37+02:00,2016-01-05T11:22:59+02:00
bad60eea57269a6f,geth,8dcbb8d4c1624f8e7c06b13153a07e28164b56ea,2018-11-22T14:06:53+01:00,2018-11-22T14:06:53+01:00
fef6b529d2c24653,geth,9294b8f10f1fceb662a06f9d45aaf7a6b2492f05,2019-04-01T14:56:43+03:00,2019-04-01T17:10:42+03:00
3365bb30bd36d354,geth,670bc04058420bfa8b11c45b209cfddd40dfd14d,2018-09-03T09:58:45+08:00,2018-09-03T09:58:45+08:00
202f5b2add73bada,geth,8aeef6ae1b185f99cdefa747c123e446fa66ba22,2026-04-25T22:58:10+08:00,2026-05-09T07:23:36+08:00
9dceecc674483c76,geth,44bfc0d4d3af340272741aa5c25295d30b34ffd7,2026-04-08T14:13:23Z,2026-04-08T14:13:23Z
a403f541061c17b1,geth,539ff2aae1f22aa6ab861ebf08f23faa787ea8d7,2025-08-15T10:56:12-07:00,2025-08-15T10:56:12-07:00
6fb978f0fdf9b0f0,geth,34ce6f678508c2c89d91f1d33a7c24f0ce0b2d38,2025-02-18T09:48:44+01:00,2025-02-18T09:48:44+01:00
ddce4e3198207d87,geth,16e5fe59115f381e2591cf55cc26d1100b5b44b8,2025-02-13T12:45:07+01:00,2025-02-13T12:49:41+01:00
5ce1dc144c91cf40,geth,1c06a9f48f30677dd61bcffe544e2f04e63b5a45,2024-05-16T21:47:51+02:00,2024-05-17T11:21:55+02:00
119dffd758ec704a,geth,0f75c63594ed6bfca5b5dfd670155f8e7ad77ba3,2021-09-07T14:44:09+02:00,2021-09-07T14:44:09+02:00
7969364be154495f,geth,663fad2e53b51dccaf4503ecf482fbb961f52981,2022-08-31T20:08:46+02:00,2022-08-31T20:08:46+02:00
97c9bce9f70dd28d,geth,93fa96ffd54697c1b8ef627ea4f0eac516022511,2023-08-24T15:35:05+02:00,2023-08-24T15:35:05+02:00
c19f1f19b5c6c9c6,geth,b3291e1b0369614e5d1ce844b57f92ecb6e6a2e4,2022-05-23T08:42:39+02:00,2022-05-23T08:42:39+02:00
3ffc66097dfe8327,geth,e66131f5913b429be005958fdf2de29af24cc568,2021-11-02T10:44:02+01:00,2021-11-02T10:44:02+01:00
1d987ba18b601bf5,geth,5e87141fa671768a9221b4386901752c7e155f63,2021-05-11T15:22:26+02:00,2021-05-11T15:22:26+02:00
cd61542cfa31ee40,geth,9c6e776092c9379e944bc38fd7459c0da56cb570,2020-11-09T13:38:26+01:00,2020-11-09T13:38:26+01:00
2a7872a0fe35346a,geth,7b7b327ff294201fa4f7cf460c4a73a4212c06cf,2020-11-09T16:03:58+02:00,2020-11-09T16:03:58+02:00
eceadd9c7892558a,geth,d948795b90f5e85056a89b3f35ef31d07b2bca3b,2018-01-23T11:15:40+02:00,2018-01-23T11:15:40+02:00
79a5734dcb98024d,geth,c3a77d626831b4ffe37ed4f8640e67e70ad5b220,2016-09-29T16:51:32+02:00,2016-09-29T22:53:59+02:00
5a3a43e849df6028,geth,69c1f2c2a760fcb1c4229bff06719c73aa8cce31,2018-02-12T11:54:14+02:00,2018-02-12T11:54:14+02:00
d783d92d9ff7045b,geth,51f8ce26cf6dbc20ddc548af305739db981fdd41,2016-06-17T09:53:54+02:00,2016-07-04T17:38:35+02:00
16ec48b2bef24d5d,geth,b9359981f447f1f9b14ce82da60c5cf5c78df876,2015-09-25T13:56:53+02:00,2015-09-25T13:56:53+02:00
413326701d1f9d03,geth,7c744de5d3064c67ac4492712bb237ab5c906e87,2019-06-01T08:58:40+03:00,2019-06-01T08:58:40+03:00
96b6d721bc41f9fd,geth,965c141d2d285d38da55a46e28135c7d9fa40e02,2025-10-11T21:23:48+08:00,2025-10-11T21:23:48+08:00
098a7490487ad3bc,geth,eca5a4a82c80a23f1c6486c644cb47c0c56b2636,2022-11-17T14:00:39+01:00,2022-11-17T14:00:39+01:00
e4eecf24a4501ff6,geth,4fd4bc083524527a7e74788987b626c103ec2b70,2022-08-31T09:03:44+02:00,2022-08-31T09:03:44+02:00
8d69d28775f1e02e,geth,e90423e569544ef4ef91dae1ccd5bef510256db7,2023-07-27T12:30:07+03:00,2023-07-27T12:30:07+03:00
043cdf2bf7c66d61,geth,57660188afea5530b3f019d2b196b625982429ca,2023-10-06T15:47:17+03:00,2023-10-06T15:47:17+03:00
08c1cedc48562681,geth,cb84e3f02953f2df166ae69369d222dcbbd7d78d,2016-10-01T15:44:53+03:00,2016-10-01T16:01:58+03:00
03f0d30422e229ba,geth,d87f7a1e817cbecbb62c012ed3811ceba933ae3a,2016-05-17T14:17:20+03:00,2016-05-17T14:17:20+03:00
501c3b8266695913,geth,50b670ceab6c8fee126f9c411cc77d62b5150c2e,2019-04-08T13:20:43+02:00,2019-04-08T13:20:43+02:00
f2c52d056567b78e,geth,d927ccfa62c5ee46fe7262687c3730b2069fe8ad,2019-03-14T13:25:51+02:00,2019-03-14T13:25:51+02:00
7d6f43cb4e8fc56a,geth,e8f229b82ef99213f8f84b8a71f752b236024494,2018-08-29T12:21:12+03:00,2018-08-29T12:40:12+03:00
4f0e84a15e2da869,geth,176dbd2e5cce00d011426e261775bc4022d3f43b,2026-06-12T10:16:44Z,2026-06-12T10:20:42Z
01bdba08602b494a,geth,fb2a0b220708af270a18cd07d8149456d465570e,2026-04-17T16:33:04-06:00,2026-04-24T11:52:27+02:00
fb33748d7baa2db4,geth,ecea243ad132284b026b8f2bde88d97aa736e2d6,2022-05-23T20:14:55+02:00,2022-05-23T20:14:55+02:00
b1c9a13d15ccd608,geth,8be2fbfccd897d21645c398e0b3fc6d2daa17c2e,2022-09-09T14:23:44+02:00,2022-09-09T14:23:44+02:00
4134aad453c707e3,geth,5c9d3b41ed5f307015d8d90f9db5b2de98e60e8c,2021-09-15T10:31:27+02:00,2021-09-15T10:35:42+02:00
c481d88d05f46379,geth,bb6115b737a05e3b8bf70ff2ad74c703589627cb,2016-09-30T12:22:42+02:00,2016-09-30T17:36:00+02:00
971ef37281f9fe0d,geth,26e72b2ccd728b00e08bd692bdd7241ff0bfe2cc,2016-02-26T15:24:51+01:00,2016-02-26T15:24:51+01:00
31594cb90cf356e1,geth,b32c95afb1ba875bc54f3074b0b45f06805798d9,2018-04-23T14:24:55+03:00,2018-04-23T14:24:55+03:00
98e84c8819effbb9,geth,8f8ff8d6010954fe5dbd2ce36330fbf1b8451e4f,2020-05-05T13:25:56+03:00,2020-05-05T14:22:51+03:00
e806a7f73b434315,geth,aff421e78c4cc40708e6aaf602730d5028995bdd,2018-10-10T12:29:05+03:00,2018-10-10T12:29:05+03:00
506b2e76b64fe2c6,geth,23ae4c96bff3ece3c471af3f9a7129f42dbc6ad7,2024-07-11T09:23:03+02:00,2024-07-11T09:23:03+02:00
57521c935a38e67c,geth,2de02d87b6f7cd0d76231466f5e6dc8219e8b758,2021-08-24T11:08:58+02:00,2021-08-24T11:08:58+02:00
4e4447c09e1da9e8,geth,05211e26f5b1fff29fc31537918a29d56d26448a,2018-01-02T15:40:56-05:00,2019-01-07T10:45:51+02:00
07afd7e9d31ac311,geth,f459a3f0ae43eac29b597427be6602970f10334c,2015-09-23T12:39:17+03:00,2015-09-23T12:39:17+03:00
870d7159527a8927,geth,66979aa468b6329aabf49542bd3db14e59010c20,2017-01-06T03:44:58+01:00,2017-01-06T04:34:35+01:00
4830cc6fb225c6e9,geth,043abca0a32e42059e8042d79e4b6ca1c8d42ea1,2026-05-07T00:20:38+08:00,2026-05-07T00:20:38+08:00
d42c8037810c51a3,geth,328ef60b856f75bf664fb103bc54674d962bef2e,2015-06-05T12:37:48+03:00,2015-06-05T12:37:48+03:00
68c6fd5ad6068940,geth,9c4bf981eb7c6e9098ea06ada36ea328f179b58b,2018-12-19T21:39:25+01:00,2018-12-19T21:39:25+01:00
c9009154ce692582,geth,a611a5e250807f742f4819743c184cf67ab086c5,2025-07-21T14:54:32+08:00,2025-07-21T14:54:32+08:00
aad084e27ecf83c9,geth,86ff690e6c1b64f14fc2460a5823459e21530ef6,2023-06-17T08:26:26+08:00,2023-06-17T08:26:26+08:00
0dc2f54fda6fcc62,geth,8c95e750e1a1e94c5a9603acdf4d8ede1aa93b5a,2022-03-15T16:14:31+08:00,2022-03-15T16:14:31+08:00
c74b0a63b4108421,geth,c1eafd0a82776e8d17f8dd5b626fc170688d299a,2025-04-19T22:01:44+08:00,2025-04-19T22:01:44+08:00
8231a5e407b30f7e,geth,9d35412ac8338500f0321a007e0074c01b4a9f21,2025-04-16T11:04:24+02:00,2025-04-16T11:04:24+02:00
4840bda73f74883a,geth,e1f1a2643155b604203fe168865de937b8bdbfee,2023-06-01T15:54:34+03:00,2023-06-01T15:54:34+03:00
1660ccf50e94fba7,geth,965486d4818e0ef4a2513c0131da16ca91f8e691,2019-01-29T07:12:13+01:00,2019-01-29T07:12:13+01:00
334d39aa1665300b,geth,1f47de2253a049be5f73feae5fb979c203780945,2023-12-18T14:16:17+01:00,2023-12-18T14:16:17+01:00
d29706c158004690,geth,501c3185f5b47cd8c0d76ae3b4f29c2edc22182f,2022-01-24T21:28:11+01:00,2022-01-24T21:34:12+01:00
grandine:grandinetech-grandine:PR#102,grandine,66bfc2e53d5b90a1f52fa42c713210865f39b62a,2025-02-03T14:09:20+02:00,2025-02-03T14:09:20+02:00
a11696bd3fed0e98,grandine,bc80c97d31ca44a59fd2e28fec7f3a97ba3115ad,2026-05-25T16:45:25+03:00,2026-05-27T11:32:32+03:00
grandine:beacon-api:PR#698,grandine,42c529195350773957142cea454c43abef59de06,2026-05-20T18:40:06+03:00,2026-05-28T16:34:11+03:00
grandine:beacon-api:PR#662,grandine,259adce8edb278e2d9797e8865fcd4b495faba0f,2026-04-08T18:50:09+07:00,2026-04-09T01:24:00+07:00
grandine:beacon-api:PR#654,grandine,3066422f8982aaacf095c873e6cf5d46c62bc950,2026-04-07T14:01:05+01:00,2026-04-07T14:09:53+01:00
grandine:beacon-api:PR#549,grandine,a0cde0923c4e09775948c87f248caf54c981703a,2026-01-02T12:45:28+02:00,2026-01-02T12:45:28+02:00
0df949d9de931321,grandine,6743866d39141700e75102bbede4d3f4677390dc,2025-05-15T13:23:11+03:00,2025-12-09T14:44:06+02:00
grandine:beacon-api:PR#423,grandine,65de292fce7f9fff2943c347e2da742247994e98,2025-10-14T16:17:50+03:00,2025-10-14T16:17:55+03:00
grandine:beacon-api:PR#356,grandine,06f29e37ace9313eec83fa654cf85789c561d9a3,2025-09-08T15:07:14+03:00,2025-09-09T15:09:35+03:00
grandine:beacon-api:PR#263,grandine,8e63ddd25464544235f51496f51125fb81270bd1,2025-07-16T15:46:12+03:00,2025-07-16T17:46:15+03:00
c8d88b4192796c3e,grandine,e35b912a45988563a94ee629fbf54d645ccc86a8,2025-01-10T14:50:18+02:00,2025-01-27T18:08:43+02:00
c4ce0f8de0771e24,grandine,f7bb3283498090ff80af8ce177e8bf518a79480a,2025-11-28T14:35:04+02:00,2025-12-04T15:42:24+02:00
0e0cecdd3a4b5643,grandine,5cf4db0eaffbf481332fd2ac67c470c49686cdff,2026-05-25T16:45:25+03:00,2026-05-28T10:45:57+03:00
3ef6d30274e090ce,grandine,927eb78307f3585e6374b1db9842679c893ee626,2026-05-18T14:07:01+03:00,2026-05-28T10:45:57+03:00
9a16fbc5d8f36a00,grandine,2e1bc54646140c8b77e6a7a8905a9bfea65da158,2025-12-03T16:48:15+01:00,2025-12-03T16:56:32+01:00
97363609784b4bd5,grandine,0a332903336ea2b1905bd426ea25fcf03d9295ce,2026-02-27T15:45:29+02:00,2026-02-27T15:45:29+02:00
94e5ca105ce4f0b9,grandine,e10dc90d78281a969df9ac0e51e8346dfbf3d288,2026-02-12T16:55:37+07:00,2026-02-12T16:55:37+07:00
6c13a1c54cea1ce2,grandine,772939ad5419365ae5995920176084a248a5ebd5,2026-04-06T15:51:45+07:00,2026-04-06T15:51:45+07:00
lighthouse:sigp-lighthouse:GHSA-wm9c-xvqq-5c28,lighthouse,2807bf5ed73dee398a5ba96500aa6b2979093c62,2025-03-26T11:09:52+11:00,2025-03-27T12:35:45+11:00
lighthouse:sigp-lighthouse:PR#6581,lighthouse,34527c9e13b66f3272bc95b450ed9f0d33b451fb,2024-11-21T11:37:40+07:00,2024-11-21T11:37:40+07:00
fed6cf0f8a331be1,lighthouse,af1d9b99911e2467a56ce9f308f06ec7a9ead3eb,2025-11-17T16:23:12+11:00,2025-11-17T05:23:12Z
lighthouse:sigp-lighthouse:PR#5917,lighthouse,0c9070ed2381f8d5bcca98fb448886bd23187b62,2024-06-13T06:44:36+09:00,2024-06-13T06:44:36+09:00
lighthouse:sigp-lighthouse:PR#5117,lighthouse,d327966fc70d4ccc6e48f17a2ac9d2e8be9f3e38,2024-01-23T16:10:57+02:00,2024-01-23T16:10:57+02:00
lighthouse:sigp-lighthouse:PR#2350,lighthouse,e223600c6d61291f4393036cc3502e333f8b05cd,2021-05-19T09:37:11+10:00,2021-05-19T09:37:11+10:00
lighthouse:sigp-lighthouse:PR#4975,lighthouse,c6e2d8a9bd59dee8dda32865229aada876d81720,2023-12-04T16:15:15+11:00,2023-12-04T16:15:15+11:00
lighthouse:sigp-lighthouse:PR#8065,lighthouse,2d749ae71c42770ff6771823bc1c024bb6998800,2025-09-17T15:31:32+10:00,2025-09-17T15:31:32+10:00
33d025fb13879320,lighthouse,477c25db9f39bef5b3afb29643a257a8aa5d249b,2026-06-20T12:41:30-07:00,2026-06-20T19:41:30Z
lighthouse:sigp-lighthouse:PR#8039,lighthouse,2d3680fb71e343c85affea42ab047d7d87aa38c2,2026-06-04T09:43:38+10:00,2026-06-04T09:43:38+10:00
lighthouse:sigp-lighthouse:PR#8267,lighthouse,7e79085659c3b7e7b3ef730e5c8f319a41ffdee6,2025-10-28T11:28:49-07:00,2025-10-28T11:28:49-07:00
4182e7f98b65b108,lighthouse,eef02afc9326c5e7f1855a995debdbcc481f5c14,2025-09-02T17:18:23+10:00,2025-09-02T07:18:23Z
6fad56ffd2f16be8,lighthouse,dd7591f7123dfe072631c0deb0abc1b78cc82733,2025-01-15T17:56:51+11:00,2025-01-15T06:56:51Z
lighthouse:sigp-lighthouse:PR#1282,lighthouse,71c3a97f66265299335bdae8fce32c2a9984363e,2020-07-07T11:52:34+10:00,2020-07-07T11:52:34+10:00
28ac46bcf09773cf,lighthouse,59ead67f76489c0df467f380ed5f6f01ed853db2,2020-05-16T05:23:32+02:00,2020-05-16T13:23:32+10:00
lighthouse:sigp-lighthouse:PR#944,lighthouse,ad16998ad03bb63d8e3ce47259640925a1852f53,2020-03-20T16:28:45+11:00,2020-03-20T16:28:45+11:00
lighthouse:sigp-lighthouse:ISSUE#6875,lighthouse,afc4c2009008231f9f43f3f582742d38981e67ca,2025-01-28T14:02:58-08:00,2025-01-28T14:02:58-08:00
27a80054839cd95e,lighthouse,a1befd89aaae8bf45d99ddf9cfb4834175069dd4,2022-03-17T03:33:32Z,2022-03-17T03:33:32Z
lighthouse:sigp-lighthouse:ISSUE#2443,lighthouse,ab1e383233886e977123dbcd401ec156f111ab1e,2021-07-09T13:07:58+10:00,2021-07-09T13:07:58+10:00
lighthouse:sigp-lighthouse:ISSUE#1773,lighthouse,ac26461a950e755ae77313dca412bb8343529bb1,2020-12-23T18:52:17+11:00,2020-12-23T18:52:17+11:00
lighthouse:networking:PR#9529,lighthouse,7ee6f1dd017bd714addffc9aeccedf97b6106ea9,2026-06-24T17:09:31-04:00,2026-06-24T17:09:31-04:00
lighthouse:networking:PR#9437,lighthouse,4ea3b4fe08ac34d03c38359c52bf0be9fb1c80a4,2026-06-15T07:50:46+05:30,2026-06-15T07:50:46+05:30
lighthouse:networking:PR#9393,lighthouse,ae6dc4daa4d75f8011e57b5aec378a6a03289f78,2026-06-15T19:05:44+10:00,2026-06-15T19:05:44+10:00
5cb501b9c3e9495a,lighthouse,74a5609ab1f059cb9bb5dfcee4d82e1e8a01904c,2026-06-01T10:46:58+10:00,2026-06-01T00:46:58Z
lighthouse:networking:PR#9321,lighthouse,80f2dd811e180ea7de952ddaca7ab7b01481e075,2026-05-19T11:19:16+02:00,2026-05-19T14:28:52+02:00
lighthouse:networking:PR#9312,lighthouse,79effd7485257b7b875c7fc4e72b24c1d58a0680,2026-05-18T11:18:17+10:00,2026-05-18T11:18:17+10:00
ce53375ee1a6c3d4,lighthouse,a524a56cad17acbe804f9d08ffb04499b38671f6,2026-05-08T13:36:35+08:00,2026-05-08T13:36:35+08:00
lighthouse:networking:PR#9233,lighthouse,d9ec6917aaa2fe402a445f4e7fdff6c27a9baeed,2026-04-30T12:28:11+10:00,2026-04-30T12:28:11+10:00
lighthouse:networking:PR#9177,lighthouse,73cc4b87d953e191ac142845120bb98cac4ed6c7,2026-05-25T09:11:33+08:00,2026-05-25T09:11:33+08:00
lighthouse:networking:PR#9141,lighthouse,e32a0c5cc912a19c83d2a4b34205fc6fd4b42c19,2026-04-19T17:13:10+10:00,2026-04-19T17:13:10+10:00
lighthouse:networking:PR#9106,lighthouse,342e6f77399e450b5f7ab6d708587a6a691fba10,2026-04-08T08:39:15+10:00,2026-04-08T08:39:15+10:00
lighthouse:networking:PR#9090,lighthouse,c9115bb6af876ae37a806d5e385f97d5bed55dda,2026-06-05T09:42:59+10:00,2026-06-05T09:42:59+10:00
lighthouse:networking:PR#8776,lighthouse,35d5559d72f0729f50e856cd1b6b3155ed7ea68b,2026-02-09T19:53:26+02:00,2026-02-10T10:43:49Z
lighthouse:networking:PR#8743,lighthouse,8e49cfe30982c221012eb0148d14b6cbb16c028b,2026-02-04T11:56:10+11:00,2026-02-04T12:01:00+11:00
lighthouse:networking:PR#8617,lighthouse,5dff3b2e0b057586ad49becf449093c45d469437,2025-12-30T08:41:58-08:00,2025-12-30T08:41:58-08:00
8ffb7819b9f00250,lighthouse,9065e4a56e7327d7c084e996d5ee071a0eec038b,2025-12-04T14:35:12+01:00,2026-02-18T12:38:05+11:00
lighthouse:networking:PR#8496,lighthouse,a42b775023587046fbc28958b005051f82eb10b8,2025-12-15T11:09:31+11:00,2025-12-15T11:09:31+11:00
lighthouse:networking:PR#8383,lighthouse,bca4d30ac4961f3f516b625f72262bbe2ae71908,2025-11-07T12:10:02-06:00,2025-11-07T12:10:02-06:00
lighthouse:networking:PR#8042,lighthouse,fd2755e403f358a464efe6c8ae869541cf126ee0,2025-09-16T13:53:21+02:00,2025-09-16T13:53:21+02:00
lighthouse:networking:PR#7957,lighthouse,e9a7beaa1a1779e938d73cbf8565a02516b0487d,2025-09-01T17:20:01+10:00,2025-09-01T17:20:01+10:00
lighthouse:networking:PR#7921,lighthouse,da24e3ac05915af09dcb9d4a6c562bdb7e23deb8,2025-08-28T13:56:48-07:00,2025-08-28T13:56:48-07:00
lighthouse:networking:PR#7792,lighthouse,e2f3e098e352b0cf63d3abe33754039e358f43f9,2025-08-06T15:30:32+10:00,2025-08-06T15:30:32+10:00
lighthouse:networking:PR#7463,lighthouse,0583fb898ed34fd3fb39c99ff51ab700e5d866ba,2025-05-15T16:53:05+10:00,2025-05-15T16:53:05+10:00
lighthouse:networking:PR#7192,lighthouse,866ce0c310b5712ea4186e75ee4d544a83c00bb8,2025-04-09T06:58:29+01:00,2025-04-09T06:58:29+01:00
lighthouse:networking:PR#7176,lighthouse,7a47928dbae6353202fd91dca2bcdeff326404b7,2025-04-03T13:45:38+11:00,2025-04-03T13:45:38+11:00
lighthouse:networking:PR#7168,lighthouse,d3278bc1a3b233caea725ebbd6c7d5f8900280b0,2025-04-01T20:36:29+11:00,2025-04-01T20:36:29+11:00
lighthouse:networking:PR#7082,lighthouse,f515a3e38eeee5cbc211298fe99b8d3fff343679,2025-02-27T21:23:40+11:00,2025-03-06T14:15:52+11:00
lighthouse:networking:PR#7050,lighthouse,015d454d9dc7687babd9219ba1abca38563f4595,2025-02-27T06:51:09-08:00,2025-02-27T06:51:09-08:00
327949dc1dbe940e,lighthouse,502dc06b7bcb3e845ad8bec883caf68c2c407081,2025-04-12T16:23:10+10:00,2025-04-12T16:23:10+10:00
lighthouse:networking:PR#6940,lighthouse,9c1ca430e1c531cf665e919dc3dcb3f6e495c4d6,2025-02-07T15:56:13+11:00,2025-02-07T15:57:14+11:00
lighthouse:networking:PR#6901,lighthouse,8b5bea263bb3598d275ed2a98b110806e3bb2e88,2025-02-03T14:44:00+11:00,2025-02-03T14:44:00+11:00
lighthouse:networking:PR#6885,lighthouse,5b61b059220db6a477bca8909ad6310ac88d0f93,2025-01-30T16:24:49+11:00,2025-01-30T16:24:49+11:00
lighthouse:networking:PR#6750,lighthouse,cb81f076a6aae773910778b9813738aaf9d86cf4,2025-06-19T11:14:33+10:00,2025-06-19T11:14:33+10:00
lighthouse:networking:PR#6558,lighthouse,ca6c068b60fd68953c70ea9716c2a7a9b47016d7,2024-11-01T16:28:31+11:00,2024-11-01T16:39:06+11:00
lighthouse:networking:PR#6464,lighthouse,a1e4b3d047d970e7bc03509516fca1a28f4c2153,2024-10-03T17:56:17-07:00,2024-10-03T17:56:17-07:00
lighthouse:networking:PR#6377,lighthouse,3548474c7da5de0ab723d34d43ff8b42abb62ba7,2024-09-23T10:31:28-07:00,2024-09-23T10:31:28-07:00
c4b40f9df553cf65,lighthouse,c0b4f01cf37257bab8dab2b4312dcf07eac93572,2024-09-06T17:39:16+10:00,2024-09-06T07:39:16Z
lighthouse:networking:PR#6292,lighthouse,23d33c68dda5c1ad7d42bd4c0066258ba0489493,2024-08-22T10:19:51+10:00,2024-08-22T10:19:51+10:00
lighthouse:networking:PR#6254,lighthouse,f3206995d2ed9408ae5088cc0768753e65cb9f7b,2024-08-13T17:14:40+10:00,2024-08-13T17:14:40+10:00
lighthouse:networking:PR#6211,lighthouse,7acb686628b28051991a3a6174ab6eaba1f270c8,2024-08-01T13:11:21+10:00,2024-08-01T14:59:02+10:00
lighthouse:networking:PR#6200,lighthouse,059e4d7960cf236998fd06afdceb93d5f7f4b6c3,2024-07-29T23:13:26+10:00,2024-07-30T15:52:19+10:00
lighthouse:networking:PR#6050,lighthouse,58db5e6be322938a99c9a86e496219ee6678c1f7,2024-07-05T12:51:09+10:00,2024-07-05T12:52:04+10:00
lighthouse:networking:PR#6048,lighthouse,c6eb9859e41a2be8eaf0af633a3bca102eacacc5,2024-07-26T09:55:26+10:00,2024-07-26T09:55:26+10:00
lighthouse:networking:PR#5946,lighthouse,7a4d83fca2249b377625d7f0c0a9fdf98809da1a,2024-06-18T09:56:28+01:00,2024-06-18T09:56:28+01:00
lighthouse:networking:PR#5929,lighthouse,107dc4f43f61563fbc4e98d00b659cf1d1ed75f1,2024-06-14T13:29:29+10:00,2024-06-14T13:29:29+10:00
lighthouse:networking:PR#5891,lighthouse,248ee6f13f4f4df4ac5bbbef1fbfcf6f14e3618f,2024-07-03T10:08:49+02:00,2024-07-03T10:08:49+02:00
068fecf2765f0271,lighthouse,a7be6f7926a1114c3daecc9c325ff14f5e755b96,2024-05-17T10:03:38+03:00,2024-05-17T10:03:38+03:00
lighthouse:networking:PR#5772,lighthouse,271614ea4725e931faf9298711cb7068a25c012d,2024-05-14T00:23:02+03:00,2024-05-14T00:23:02+03:00
lighthouse:networking:PR#5768,lighthouse,0f6ea4b9597b31667758eedc05b7ae7315326ff5,2024-05-14T10:23:29+10:00,2024-05-14T10:23:29+10:00
lighthouse:networking:PR#5764,lighthouse,970b8b7e7598bfd6d6b3f365d46f371da49aab8b,2024-05-12T12:13:53+03:00,2024-05-12T12:18:02+03:00
lighthouse:networking:PR#5681,lighthouse,5db3e1b5e5ed91886cad9931b6905282c40fe858,2024-05-01T09:52:44-04:00,2024-05-01T09:52:44-04:00
15a905becebea648,lighthouse,cf30675878389441fe60208e88223937269232f3,2024-04-25T12:37:04-04:00,2024-04-25T12:37:04-04:00
lighthouse:networking:PR#5569,lighthouse,4adbd29f038e9311dc57aa92de238f5e54dd2723,2024-04-30T16:47:24+10:00,2024-04-30T16:47:24+10:00
lighthouse:networking:PR#5514,lighthouse,b58b10d15431025f602e25641189cd38c9ed7b54,2024-04-04T10:21:51+11:00,2024-04-04T10:21:51+11:00
lighthouse:networking:PR#5417,lighthouse,2a83bdbafaf8561997d8f3cbc21943bfd233a177,2024-04-04T18:41:53+11:00,2024-04-04T18:41:53+11:00
lighthouse:networking:PR#5104,lighthouse,6447142e1bfcbebaaa25205da140f1a8e177fe21,2024-01-23T12:08:48+11:00,2024-01-23T12:08:48+11:00
e2bb6b39fbbe5c0d,lighthouse,6ec649a4e2cab61a5b7a48d6984f0e1adfbace05,2023-10-03T23:59:37Z,2023-10-03T23:59:37Z
lighthouse:networking:PR#5057,lighthouse,9cd924366c627431abfb324357ab65acaea5431d,2024-01-12T10:50:34+11:00,2024-01-12T10:50:34+11:00
lighthouse:networking:PR#5037,lighthouse,3b0da0c88352f88b6dc554b923a6f944b2a10e9c,2024-01-08T12:09:18+11:00,2024-01-10T14:50:02+11:00
lighthouse:networking:PR#4906,lighthouse,0d17bd0ec28370459e32b33e5631ac0a847fd60f,2023-11-08T17:45:22+08:00,2023-11-08T17:45:22+08:00
lighthouse:networking:PR#4879,lighthouse,bd1758a03ee592c0534b8b8d97952c76609c6abf,2024-01-11T15:54:14+11:00,2024-01-11T15:54:14+11:00
lighthouse:networking:PR#4877,lighthouse,387ac35c72fcc0d9a2665e2eabc2fc0db67ebace,2023-10-25T16:37:30-05:00,2023-10-25T16:37:30-05:00
lighthouse:networking:PR#4801,lighthouse,2aa30fb5614fdad608a8ec4a00c843210821a408,2023-10-10T17:46:58-05:00,2023-10-10T17:46:58-05:00
lighthouse:networking:PR#4652,lighthouse,36a93e50770866ddc04ca8534a27c4e20953d5aa,2023-08-30T11:37:53+10:00,2023-08-30T11:37:53+10:00
lighthouse:networking:PR#4576,lighthouse,63ac09d0718fe0f839c83d8976c991c99eb9dd51,2023-08-08T11:44:50+10:00,2023-08-08T11:44:50+10:00
lighthouse:networking:PR#4406,lighthouse,28bf0245f6d9a4bd10f6ca00e60676cdb0399b5f,2023-05-31T14:18:54-05:00,2023-06-15T16:11:18-05:00
lighthouse:networking:PR#4307,lighthouse,71196a529f742a3ccc6ec57648debc4cb72b229e,2023-06-01T10:43:36-05:00,2023-06-02T10:04:12-05:00
lighthouse:networking:PR#4203,lighthouse,66b38a0193b86d4f4a9d511a5daca2d151a8a1c6,2023-05-11T14:23:54-05:00,2023-05-11T14:23:54-05:00
lighthouse:networking:PR#4153,lighthouse,c3d7a158902672dfe577a87f115ff2c10f140a56,2023-03-31T21:37:04+05:30,2023-03-31T21:37:04+05:30
lighthouse:networking:PR#3914,lighthouse,16bdb2771b7ca16a84f90d4fdc4ca6b37288312a,2023-01-25T16:18:00+11:00,2023-01-25T16:18:00+11:00
lighthouse:networking:PR#3845,lighthouse,4353c49855dc016928eb6a255bfb12fda044249a,2023-01-03T08:55:19-05:00,2023-01-03T08:55:19-05:00
lighthouse:networking:PR#3782,lighthouse,a0f9a9d2629809a4672fd394c5a88bd933e595a9,2022-12-07T13:54:34-06:00,2022-12-07T13:54:34-06:00
lighthouse:networking:PR#3749,lighthouse,743347cf047c854b18f0cea1ea872077ac6b92d6,2022-11-23T11:18:47-05:00,2022-11-23T11:18:47-05:00
lighthouse:networking:PR#3743,lighthouse,6b502c21378810af8e7f1693eb8cef9723ea88c4,2022-11-22T18:34:20+11:00,2022-11-22T18:35:09+11:00
lighthouse:networking:PR#2442,lighthouse,9466a08ed0639470de0c572f3442473244a0e5dd,2021-07-12T13:35:59+10:00,2021-07-12T13:35:59+10:00
lighthouse:networking:PR#1348,lighthouse,ec4a1b5c5090ee301f32e0aa1bb3e5e8a783e056,2020-07-10T12:28:50+05:30,2020-07-10T12:28:50+05:30
lighthouse:networking:PR#1312,lighthouse,c15557ca9cfc3bcbcc7a2a7cba1d2f5668993874,2020-06-25T02:47:13+05:30,2020-06-29T12:10:57+05:30
lighthouse:networking:PR#1265,lighthouse,46082bc6f4dc34f79e320fb27b6f8f1048aa775b,2020-06-19T15:36:43+10:00,2020-06-19T15:36:43+10:00
lighthouse:networking:PR#1241,lighthouse,fed90c1d479fab0c30c06e9ec9730adf72468743,2020-06-03T12:48:56+08:00,2020-06-04T10:21:14+08:00
lighthouse:networking:PR#1192,lighthouse,128f8d0adf6945b1231ac7dc36444a60fbbe57ba,2020-05-26T15:05:14+10:00,2020-05-26T15:05:14+10:00
lighthouse:networking:PR#1009,lighthouse,7a85ca506119de9b31ae479b9a9b391f5df92cb7,2020-04-20T10:56:51+10:00,2020-04-20T10:56:51+10:00
lighthouse:networking:PR#977,lighthouse,7a2eadc78fbc01f2f6a43318ece5a86ed0f33fad,2020-04-02T21:59:43+09:00,2020-04-02T21:59:43+09:00
lighthouse:networking:PR#974,lighthouse,6288a1d3396bfb6b0d2145ef69afe76f176b9233,2020-04-16T21:39:05+10:00,2020-04-16T21:39:05+10:00
lighthouse:networking:PR#969,lighthouse,6bd26dc7e0e375c018973bee94a7bd052abf864e,2020-03-29T18:02:57+11:00,2020-03-29T18:02:57+11:00
lighthouse:networking:PR#952,lighthouse,ded0fd8f75bbad3e02566e123daf80627945f73b,2020-03-24T18:49:45+11:00,2020-03-24T18:49:45+11:00
lighthouse:networking:PR#921,lighthouse,7eb167f530beb10d69782b1b48fc49ef2d83234b,2020-03-17T01:05:29Z,2020-03-17T01:44:47Z
lighthouse:networking:PR#832,lighthouse,3a7b515bb0f3d75141eb75abac6ac5d1460734f2,2020-01-31T13:51:58+11:00,2020-01-31T13:51:58+11:00
lighthouse:networking:PR#759,lighthouse,1e21fdf0456d8fc505ea53bcb8e8c911731634c0,2020-01-03T18:05:11+11:00,2020-01-03T18:05:11+11:00
lighthouse:networking:PR#640,lighthouse,8a335f6b26fa6672f6947137ab0ce9dac64895de,2019-11-29T12:11:31+11:00,2019-11-29T12:11:31+11:00
lighthouse:networking:PR#457,lighthouse,90a289a5f71b229d88546b0c1a22f58ffda8b171,2019-07-26T13:24:10-04:00,2019-07-26T13:24:10-04:00
lighthouse:networking:PR#249,lighthouse,27e7bbd72fe27d7d9d7440638a72509f77ae2583,2019-02-25T08:35:21+13:00,2019-02-25T08:35:21+13:00
lighthouse:networking:PR#60,lighthouse,db735a598ffd5ddb3faccf0412e5069cecefe8ad,2018-10-22T05:24:13+11:00,2018-10-22T05:24:13+11:00
31008d2a4f81b8b1,lighthouse,58012f85e18062939aa70d8df42f3d6f46c05dda,2021-09-15T00:01:18Z,2021-09-15T00:01:18Z
0ea236938a267b7f,lighthouse,1fd86f8b595c6115bb235767ab72262a8746c984,2024-12-03T11:08:53+11:00,2024-12-03T00:08:53Z
f0cdbf172ca92f32,lighthouse,1eefd6d413b3a91cbdcbc104b17ea46264dcdd64,2021-09-07T01:54:05Z,2021-09-07T01:54:05Z
7a81c477426de393,lighthouse,74aa99c4096d6c98c6a614fefe0381182d663935,2021-07-22T01:37:01Z,2021-07-22T01:37:01Z
2967a25daf049063,lighthouse,9461ac2d5010c333ff140b572fe5bc5622a80d3a,2021-06-30T02:06:49Z,2021-06-30T02:06:49Z
fabed8539406e569,lighthouse,aca49fc45eabb698a4a791adbe678d2d8e23b52d,2021-08-25T03:13:41Z,2021-08-25T03:13:41Z
04f6081f4baf8513,lighthouse,c028bac28d8e706c5a7d1492be2ce6e5fbd90ad6,2026-04-20T10:59:42+10:00,2026-04-20T00:59:42Z
b2fe35df329a3041,lighthouse,6b40b985375ae97efc3f4049d7d981754ee4eb8b,2025-02-03T15:27:07+11:00,2025-02-03T04:27:07Z
ceee9db26bd2d69d,lighthouse,2441a247abec9a3b821af936f5fe0aee9b5533d2,2023-09-21T22:37:00Z,2023-09-21T22:37:00Z
8c7f7dc847c0b3b2,lighthouse,62d11e886e655b1e9ccfbd4171e7915f6c89b116,2021-12-08T23:12:08Z,2021-12-08T23:12:08Z
7aa58e560f5daf20,lighthouse,cd31e54b995144dd109c877406f4b3fe386193f0,2022-09-13T01:57:47Z,2022-09-13T01:57:47Z
665fced3e57fba36,lighthouse,701843aaa043e6334b215946813ef66709a56507,2020-12-14T02:28:19Z,2020-12-14T02:28:19Z
016e9b48cc0d0faa,lighthouse,194609d210b6d51d5d07abea05bfab38fa755262,2021-02-08T23:41:22Z,2021-02-08T23:41:22Z
eb5202427514a50d,lighthouse,924a1345b1a642e411f0603d35aa39804fd362cb,2021-09-25T05:58:37Z,2021-09-25T05:58:37Z
2a0fbb07f1266f7e,lighthouse,7d598ed8a51da90b37bf0330d28718f97e3390e8,2025-03-10T15:51:49+11:00,2025-03-10T04:51:49Z
674cdeddb08578ca,lighthouse,c76afc6630740216aa8f73eecd2e56f9a833719c,2023-06-20T05:20:36Z,2023-06-20T05:20:36Z
2d17fa3be5e78826,lighthouse,c4bd9c86e6bf23dd66bde150ef85e08caa5e4826,2020-10-02T10:46:37Z,2020-10-03T10:08:06+10:00
347298fa9bed8a6e,lighthouse,c5e97b9bf7758991fd224bc5b77db602cfe17eac,2020-11-19T08:52:51Z,2020-11-19T08:52:51Z
21c9e89268ca8dd6,lighthouse,7456e1e8faac7a581705f8e71b0dc4f09a36ee5c,2023-04-26T01:12:36Z,2023-04-26T01:12:36Z
7e33abf79f1e711c,lighthouse,3fdad38ebaed9f331c1fb30ea9ce02b136d49878,2021-08-26T08:00:50Z,2021-08-26T08:00:50Z
62e8f286767d785e,lighthouse,8609cced0e4fe5c83a7485b3e7d11bbaaff975ae,2022-08-29T14:34:41Z,2022-08-29T14:34:41Z
ec1b68ac5dfe5b0f,lighthouse,b60304b19f1607c12d52e32356678cef6c7ba4e2,2023-08-08T23:30:15Z,2023-08-08T23:30:15Z
6e000de29c273ad5,lighthouse,d2e3d4c6f1c75d9d4a014f5470dfb917933e7d70,2021-10-19T00:30:40Z,2021-10-19T00:30:40Z
e836e43e59893079,lighthouse,5789db042d9d5da88db3b5303fd3f3da75ec1573,2024-06-13T14:22:07+09:00,2024-06-13T05:22:07Z
84257085ce205209,lighthouse,612eaf2d41b9ca98d7e47b327f4564d41ff24ac9,2024-01-24T01:12:48+02:00,2024-01-24T10:12:48+11:00
882a2297f37a14dd,lighthouse,68f2484efcccd3a51fd1f92356cf95671d0c9eb1,2023-02-13T16:51:46-05:00,2023-02-13T16:51:46-05:00
6d9fbd6b0a3f9fd4,lighthouse,4839ed620fa952959a93da6eb54f06c2c0805136,2025-04-01T21:51:09+11:00,2025-04-01T10:51:09Z
515c294fa3befb46,lighthouse,113758a4f573ca8d9ae6d28b4c58fcf1592d5de7,2020-10-05T04:02:09Z,2020-10-05T17:34:49+11:00
92b4e4c954468852,lighthouse,561167fa1ef85a34d34c8026c8ba88411431507b,2018-10-15T14:10:43+11:00,2018-10-15T14:10:43+11:00
aed8c4e25070865f,lighthouse,15220ae56587bf925154d1ed47f02e6124f4a081,2019-09-09T01:55:43-04:00,2019-09-09T01:55:43-04:00
a660172430fc9774,lighthouse,a0478da99087e5f8f727864e055d179b9618c374,2023-09-21T04:17:25Z,2023-09-21T04:17:25Z
d8c165abf5fc67c0,lighthouse,e33d0703efcff8d37936968d3b7d591b4ab07b2a,2019-08-11T14:43:31+10:00,2019-08-11T14:43:31+10:00
20eab51ddfbc35af,lighthouse,059699736b2f3d720a6c100625a889db00d3e02b,2019-06-10T21:37:41-04:00,2019-06-10T21:37:41-04:00
06ac04f6fc25dd28,lighthouse,e88686e4f46e301114aba692364a90838a4beba6,2018-09-19T17:48:52+10:00,2018-09-19T17:48:52+10:00
38afda62970aeb50,lighthouse,f157d61cc74fba952d794f8f2f1fdecd3389c281,2020-10-25T23:27:39Z,2020-10-25T23:27:39Z
d75ad4bf1d9655b6,lighthouse,ae47a93c427c0aac4b4df64042571d998dc37dcf,2022-05-04T23:30:34Z,2022-05-04T23:30:34Z
d985fecc6f7d7397,lighthouse,67a6f91df6b4b6f077f8dfbf44d40a98d6bfa076,2021-10-07T00:34:17+11:00,2021-12-02T14:26:53+11:00
06be7dc4c1ffb782,lighthouse,7a64994283ad62db6c893a25db128fe8e27a098d,2022-05-20T23:05:07Z,2022-05-20T23:05:07Z
43576e330c45955b,lighthouse,31386277c3bd7966fcf97789ef2b4834e5452af9,2021-11-19T02:38:25Z,2021-11-19T02:38:25Z
ece24a10f23119be,lighthouse,830efdb5c2723209030e83378b2d8e44f9a6b97f,2023-01-09T08:18:55Z,2023-01-09T08:18:55Z
fdadaeae76f7adda,lighthouse,684632df731a69d6e42531bc1c323557a7b45d7e,2025-09-18T15:16:59+10:00,2025-09-18T05:16:59Z
f0c89be58180fe71,lighthouse,d0beecca20803445b19a68993af210fc4d7fc99f,2022-08-02T07:58:42Z,2022-08-02T07:58:42Z
441cd590285ea8e0,lighthouse,7aceff4d1372ce30e75a84b07dadbc06cf47d66d,2020-09-22T05:40:04Z,2020-09-22T05:40:04Z
feda16818c6bbc12,lighthouse,91456fb2186b2557937d6db88ca244dd5586998a,2026-06-04T17:24:27+10:00,2026-06-04T07:24:27Z
e75f54cb22067027,lighthouse,b57d046c4ad9cf60a8053c4c43ea99e4b326bc01,2025-11-02T16:51:42-08:00,2025-11-03T00:51:42Z
afc9b41ffe8ec2d1,lighthouse,f8bc045a01764f81c32f48c496cabee8281f965e,2020-03-23T18:28:13+11:00,2020-03-23T18:28:13+11:00
2c259687cf14ae4d,lighthouse,4fb95d06d1062e1779f24d4cda23a89c4f9a6f9f,2019-03-31T00:08:55+11:00,2019-03-31T00:08:55+11:00
f570b50f8c94944d,lighthouse,cc4ccd4017c0e85bdbfed08fc92454da6b110285,2019-03-28T17:16:43+11:00,2019-03-28T17:16:43+11:00
c103b113f1a2c8ba,lighthouse,3b4afc27bfd423afefd361841ef3467bc39e5df8,2020-11-25T02:15:38Z,2020-11-25T02:15:38Z
33cc33025aadc70b,lighthouse,20a48df80aa62f453fe521767717f131773835ee,2020-07-07T14:03:21+10:00,2020-07-07T14:03:21+10:00
5077742d8b3d4318,lighthouse,e5b1a37110b72db03d5eea98a7c317b491157941,2021-01-14T00:04:18Z,2021-01-14T00:04:18Z
64a79601f8e401e0,lighthouse,675c7b7e26dd0fd1cddc4bac04b99f7b9d7dd584,2022-02-07T23:25:05Z,2022-02-07T23:25:05Z
67ffca50b8ce33e2,lighthouse,3d99ce25f83224da2cea20936fc03ff21635460a,2023-03-16T05:44:54Z,2023-03-16T05:44:54Z
391aaf2d387612fd,lighthouse,426b3001e06daacfad3d68e6ba27bb07ef442444,2020-11-22T23:02:51Z,2020-11-22T23:02:51Z
4f58a472f0eb400f,lighthouse,fcf8419c90e0922161451d006047e36aa3915097,2020-09-30T04:42:52Z,2020-09-30T04:42:52Z
17820bd2afc9a6c4,lighthouse,311e69db65f0133fb3f9ce980d3f88202cea042d,2023-04-03T03:02:57Z,2023-04-03T03:02:57Z
908dd9777ad85c52,lighthouse,bd39cc8e26ccb9566b03c8363d2f391daafaa1b0,2020-09-22T02:06:10Z,2020-09-22T02:06:10Z
6a3f34b643985500,lighthouse,985dc0469ac0c379783f0208c68949ba08f0da98,2020-08-19T14:33:10+10:00,2020-08-19T14:33:10+10:00
a2994fd9c4e902b5,lighthouse,93c1c835b3aad9c63abc0b1f035163e218f868c4,2020-11-18T09:58:40+11:00,2020-11-18T09:58:40+11:00
f81c1c6c4cd53ffb,lighthouse,4a4691ffdbe985afd297f13bb07b7fb9532005e9,2020-12-28T12:14:32+05:30,2020-12-28T12:14:35+05:30
2c5be02f87ec3516,lighthouse,814f9a10d121570af8973fc3f77870fadf416435,2021-01-01T09:26:51+09:00,2021-01-01T09:26:51+09:00
ec135bb57dcdaf11,lighthouse,eea4186571506d790e56e7c0dc388486ebdbd150,2021-05-28T15:36:30+10:00,2021-05-28T15:36:30+10:00
c270ee1db484c374,lighthouse,c03d3a2df74e1773416a02db11c432ded19e6024,2021-05-31T13:42:24+10:00,2021-05-31T13:42:24+10:00
fae5d09af808ab0d,lighthouse,327e9e5cbb95235b4df28455d9bd58fa95154feb,2021-07-21T10:55:41+10:00,2021-07-21T10:55:41+10:00
b7f012e50f491cd5,lighthouse,0c0c0c40ad526cce072d8b8b4472a42ddf4e247b,2021-06-30T10:34:14+10:00,2021-06-30T10:34:14+10:00
c3c031e5d0d3a58f,lighthouse,b9800dbf3ac47aff613bf302ee02c58769a8aa82,2021-08-25T12:35:48+10:00,2021-08-25T12:35:48+10:00
35f87c8010492dfc,lighthouse,ffba7a36b1b8f1f480c42b069172f62624e29c0b,2021-09-06T15:21:27+02:00,2021-09-06T15:21:27+02:00
0908ebbb02d5386f,lighthouse,681c7d0cd59a90018d1aab132ec7b7ddc8ffb114,2021-10-14T12:15:12+11:00,2021-10-14T12:43:13+11:00
14dc0a1ddcd93c1a,lighthouse,07a2da34cfab5bb3b7c6681d057cda86663f30b7,2022-01-27T10:33:19+05:30,2022-01-27T10:33:22+05:30
0ac70e6f2c09fba2,lighthouse,1e27e5840562907ef4ac7f1acee4795afc50612c,2022-03-17T12:48:11+11:00,2022-03-17T12:48:11+11:00
a9699373a0e29168,lighthouse,f1c7c400ba4605b128758b263cf422b7027730f7,2023-04-26T11:10:39+10:00,2023-04-26T11:10:39+10:00
bf721da8b6420d11,lighthouse,2f127d69a628625ae4b2d90c2f18de13d7eeeb2e,2024-01-05T14:16:55-05:00,2024-01-05T14:16:55-05:00
ed6278f67b7e7ac0,lighthouse,8824c0b71f7e01c604d7db35c9e7309aca4497de,2024-04-04T19:09:50+11:00,2024-04-04T19:09:50+11:00
8480d7f0c8d5d854,lighthouse,6e554872d0af59c6956640c829193b0e724c7288,2025-11-17T14:59:02+11:00,2025-11-17T14:59:02+11:00
2aae5c8c8cdf6c6a,lighthouse,6ca472f94de028daa502821df218818a93c28b11,2025-12-04T06:42:10+01:00,2025-12-04T06:42:10+01:00
d399911713d80bc4,lighthouse,380e27157de2a8593205dacfb45a107b6b9b1ef3,2026-06-17T14:02:29+02:00,2026-06-17T14:02:29+02:00
2fc75334a95cdf0c,lodestar,42e883586f3bbea1867b8b9c2458ed4b97216480,2024-02-14T17:31:47+01:00,2024-02-14T11:31:47-05:00
92be1d6bf5568bca,lodestar,bbfdcb4cbe940998266fb7bd1ad040f4d323985d,2023-09-11T12:01:56+02:00,2023-09-11T12:01:56+02:00
f0166897310dc829,lodestar,b8c239f0209f1eaa26b4220c3042318ae58fa4c1,2023-05-30T20:17:46+01:00,2023-05-30T19:17:46Z
lodestar:chainsafe-lodestar:PR#5321,lodestar,31cbdd54b461a31dc71f144b779d9ce32fd20331,2023-03-30T04:22:46Z,2023-03-30T04:22:46Z
lodestar:chainsafe-lodestar:PR#5166,lodestar,5c4b8e7ee4da9e52b43aee67e6935f76df127e83,2023-02-19T18:27:52-05:00,2023-02-19T18:27:52-05:00
lodestar:chainsafe-lodestar:PR#5071,lodestar,8f6ac9bbce39e32ec156ddb83d5bc264a73457ee,2023-01-27T19:24:08Z,2023-01-27T19:24:08Z
4698f224670445fe,lodestar,a035e051564cf01da959901d606af156ec328db4,2021-09-03T13:39:04+02:00,2021-09-03T13:39:04+02:00
a4bfb41590b1a159,lodestar,8644a83c623c7eda1830d90ec5d67f3aed5aeec3,2025-09-11T13:44:47+02:00,2025-09-11T07:44:47-04:00
12e2570d06558b11,lodestar,e37c5199a243cf79291c847b7bc3c33f206adf16,2020-03-10T03:59:14-05:00,2020-03-10T03:59:14-05:00
lodestar:chainsafe-lodestar:PR#5394,lodestar,ec68f89341d873d5b94c9ed0e638186b288197a4,2023-04-21T14:07:29+07:00,2023-04-21T14:07:29+07:00
lodestar:chainsafe-lodestar:PR#813,lodestar,61f9334f13eb29c7b5d38c52d2e872878cfbb542,2020-04-13T15:46:33+07:00,2020-04-18T05:33:27+07:00
lodestar:chainsafe-lodestar:PR#9279,lodestar,4968d4eed481679436bd50363cf0dec748c10596,2026-04-25T18:31:54Z,2026-04-25T18:31:54Z
lodestar:chainsafe-lodestar:PR#5873,lodestar,d12ae589d44411e5e5496268d575ee1daf06ba5b,2023-08-10T14:04:57-06:00,2023-08-10T14:04:57-06:00
lodestar:chainsafe-lodestar:PR#8877,lodestar,215ad7097717dd95eb8cf0b8ec1bdca0bfe330b0,2026-02-06T19:14:57Z,2026-02-06T19:14:57Z
b3c2a4b303709495,lodestar,ae3f082e014762f6d44e4e271f8f69755041bc1b,2025-12-31T16:09:54+01:00,2025-12-31T10:09:54-05:00
lodestar:scope-networking:PR#9553,lodestar,a678cb56735a17c20acb45de7c4e8851613be9a6,2026-06-24T14:15:07Z,2026-06-24T14:15:07Z
lodestar:scope-networking:PR#9544,lodestar,68e16528dc36e0e3c61387608d804f4d58eec46c,2026-06-22T18:44:59+01:00,2026-06-22T18:44:59+01:00
lodestar:scope-networking:PR#9479,lodestar,dd5a2099ca03bedc284d9a85799c2bf2445efdb8,2026-06-08T20:02:41+07:00,2026-06-08T20:02:41+07:00
lodestar:scope-networking:PR#9431,lodestar,19909e2614feae10dc4e2e9fcfa49719d1a6556c,2026-05-31T14:28:50+01:00,2026-05-31T14:28:50+01:00
lodestar:scope-networking:PR#9416,lodestar,31e66d3d6255afbd17e0528f64777a1a33c264bd,2026-05-29T11:07:19+01:00,2026-05-29T11:07:19+01:00
lodestar:scope-networking:PR#9409,lodestar,741cc8b5f82d125253a66d71b7daa047397c2a53,2026-05-28T22:53:02+01:00,2026-05-28T22:53:02+01:00
lodestar:scope-networking:PR#9387,lodestar,dee4c309fe16b19461fa20b8ac1e20c25269afdb,2026-05-21T09:24:56+07:00,2026-05-21T09:24:56+07:00
lodestar:scope-networking:PR#9380,lodestar,5b910fe64750306cd4daf9f214bf7b5552e9a876,2026-05-19T16:39:25-04:00,2026-05-19T16:39:25-04:00
lodestar:scope-networking:PR#9250,lodestar,33505911164666cdbc0a45f150f0081f65a508fd,2026-04-21T17:47:03Z,2026-04-21T17:47:03Z
lodestar:scope-networking:PR#9194,lodestar,82914e387bb23f0ad691d70a95c5e2465491dd61,2026-04-05T23:24:51Z,2026-04-05T23:24:51Z
lodestar:scope-networking:PR#9173,lodestar,87b7d800a69dd2516f91f73e7808a7dde0551c96,2026-04-04T10:37:43+01:00,2026-04-04T10:37:43+01:00
8246f38673e0b545,lodestar,2740f92909f4c59db0f8666d8cd16ac4e761058d,2026-04-16T07:25:30+07:00,2026-04-15T17:25:30-07:00
lodestar:scope-networking:PR#9149,lodestar,1d75206ca9144689ff5051893bfe965f39c4fe49,2026-04-01T17:28:55+02:00,2026-04-01T17:28:55+02:00
lodestar:scope-networking:PR#9147,lodestar,f6ec9786b0e0e1fc4a839df55540fa0a956cf44e,2026-04-01T13:53:05Z,2026-04-01T13:53:05Z
lodestar:scope-networking:PR#9143,lodestar,7fd10283f7892325b2a09ad35855a8503de9be90,2026-04-01T05:26:26Z,2026-04-01T05:49:41Z
lodestar:scope-networking:PR#9140,lodestar,cd8f25c7dd62b9c73b3c385c5ae917934fd80474,2026-03-31T18:56:54Z,2026-03-31T18:56:54Z
lodestar:scope-networking:PR#9138,lodestar,c8e1bf04a4d012f7005e6008ea0d2f3140708b29,2026-03-31T11:41:13Z,2026-03-31T12:33:25Z
lodestar:scope-networking:PR#9137,lodestar,0012b38009f9ec2727a6c809862723a61ecef1c7,2026-03-31T10:02:26Z,2026-03-31T10:25:43Z
lodestar:scope-networking:PR#9132,lodestar,529f4ad6fb4cb7d4d8ffbfe5ce7db18e09955a84,2026-03-30T20:50:58Z,2026-03-30T20:50:58Z
lodestar:scope-networking:PR#9114,lodestar,f1a2c0cba2ae86dbae2eed3462f2bab226e599fb,2026-03-25T21:07:50Z,2026-03-25T21:07:50Z
7058509fa7d10369,lodestar,83dedda569d24d268c85539a70a47e6e966575d1,2026-03-26T20:13:43Z,2026-03-26T20:13:43Z
lodestar:scope-networking:PR#9029,lodestar,9e2cd9b2ab1bbdde35a13b0ace898e05d9edc8d1,2026-03-13T10:31:14Z,2026-03-13T10:31:14Z
lodestar:scope-networking:PR#8991,lodestar,6662f1c44f49148f3e6a66dfa5a5a73a949f6b7a,2026-03-06T10:32:10Z,2026-03-06T10:32:10Z
lodestar:scope-networking:PR#8955,lodestar,ea71640b3696ca606f49ddf2295beb5f70650004,2026-02-24T15:41:17Z,2026-02-24T15:41:17Z
lodestar:scope-networking:PR#8948,lodestar,0aee2755d60b518e43e258094e7683d145d616e4,2026-02-24T10:40:34Z,2026-02-24T10:40:34Z
lodestar:scope-networking:PR#8927,lodestar,628589630623c5387c78ac11ba24f2d4537fea99,2026-02-19T17:46:14Z,2026-02-19T17:46:14Z
lodestar:scope-networking:PR#8925,lodestar,195143188c22d4c2ddc0c4a1bac2cd63b1aba8f4,2026-02-17T19:46:59Z,2026-02-17T19:46:59Z
7482623489bc990c,lodestar,bf0279c99bd536faadaba410444fbfc0bba47980,2026-02-17T08:51:13Z,2026-02-17T08:55:05Z
lodestar:scope-networking:PR#8906,lodestar,3eae9f515d633a7b864d82f0aeae6cef07916d61,2026-02-16T16:02:04Z,2026-02-16T16:02:04Z
lodestar:scope-networking:PR#8885,lodestar,3a0535d8f3b1ffcdee89bdd3d95a4d2be6dcb8ed,2026-02-11T00:03:22Z,2026-02-11T00:03:22Z
e57107715b6a0a30,lodestar,d608259b85e6e7320cecafa8b81a2d418a6fa999,2026-02-04T15:11:39Z,2026-02-04T15:11:39Z
2cedff1345f12596,lodestar,2b1dac30dd4018d81b8d2d60975189242313cf2a,2026-02-05T19:57:13Z,2026-02-05T19:57:13Z
4145ad578bcc6d4e,lodestar,1fc7f36d3ee3f3474e443ba2a8179b280fbc1375,2026-02-02T20:52:45+01:00,2026-02-02T20:52:45+01:00
lodestar:scope-networking:PR#8812,lodestar,d3021480233d5c3d3c431ce6601bc3e8b32c63fa,2026-01-29T20:46:12-08:00,2026-01-29T20:46:12-08:00
lodestar:scope-networking:PR#8783,lodestar,90855557f30a06af207dcdfb2ce0627098032934,2026-01-23T15:37:02Z,2026-01-23T16:15:57Z
7446e13273ad3924,lodestar,7ac2136122a9bbe20b2c068acd55c48652740054,2026-01-16T12:24:03-05:00,2026-01-16T12:24:03-05:00
lodestar:scope-networking:PR#8749,lodestar,08f50951f7cefea756982cce7d5ed2b9f418a3d2,2026-01-16T11:45:53-05:00,2026-01-16T11:45:53-05:00
lodestar:scope-networking:PR#8665,lodestar,23a8297d93cac65f8753c88d4df96b8cfe81a399,2025-12-03T11:45:28+01:00,2025-12-03T11:45:28+01:00
lodestar:scope-networking:PR#8664,lodestar,9959806dc6d8039a1c9fec00a15f8dbf3fded49c,2025-12-03T13:13:40+07:00,2025-12-03T13:13:40+07:00
lodestar:scope-networking:PR#8633,lodestar,655ba99b3f37acb466c9756d3bd80b519e681e6f,2025-11-26T22:16:27Z,2025-11-26T22:16:27Z
lodestar:scope-networking:PR#8570,lodestar,ea93c26d680afdc0c18634d1ac1fcbcdd558e29e,2025-11-02T20:05:36Z,2025-11-02T20:05:36Z
lodestar:scope-networking:PR#8494,lodestar,8fb75de480fe9dfceadc34cc7f91a1d129df3baf,2025-10-02T16:18:59+01:00,2025-10-02T16:29:57+01:00
lodestar:scope-networking:PR#8466,lodestar,331af9a473075a233b86a1ca3a576320aa378374,2025-09-25T10:05:56+07:00,2025-09-25T10:05:56+07:00
lodestar:scope-networking:PR#8369,lodestar,43a72e6e18c6a7edebc4dd14c151df7277090125,2025-09-11T09:48:43+07:00,2025-09-11T09:48:43+07:00
lodestar:scope-networking:PR#8363,lodestar,af85244c9993f0fc6fa22eeceea244f04d1b5f04,2025-09-10T11:51:29+01:00,2025-09-10T11:51:29+01:00
lodestar:scope-networking:PR#8324,lodestar,05cac45611154c4ba13c435009bcd5e518918579,2025-09-18T13:56:26+01:00,2025-09-18T13:56:26+01:00
lodestar:scope-networking:PR#8229,lodestar,070d7d44b7403fb332bc5f7c5b833a7a77435f38,2025-08-20T09:33:30+07:00,2025-08-20T09:33:30+07:00
lodestar:scope-networking:PR#8080,lodestar,4124ab3d2bdcb6af7f2f3686f8eb9f7368b638db,2025-07-24T09:25:12+01:00,2025-07-24T09:25:12+01:00
lodestar:scope-networking:PR#8079,lodestar,76bdf4df65e010d61d1b8544c116542a12bf4cb9,2025-07-23T14:57:05+01:00,2025-07-23T20:50:27+01:00
lodestar:scope-networking:PR#7955,lodestar,44265db0557c571b663110eb45f7b8803ec48757,2025-06-12T13:59:59+07:00,2025-06-23T17:52:23+07:00
lodestar:scope-networking:PR#7942,lodestar,78a53bfaba64f356616f0446fd5a8efeceb993cd,2025-06-10T17:37:44+02:00,2025-06-10T17:38:11+02:00
lodestar:scope-networking:PR#7927,lodestar,4859a6131afd3911447dc5489144a30bf15ca326,2025-06-06T10:31:33+07:00,2025-06-06T10:31:33+07:00
52a0b74179ac2fb5,lodestar,4b3ae7ab0bd1b06bf80cff9fdb2adf44d450142f,2025-06-05T15:06:38+01:00,2025-06-05T10:06:38-04:00
lodestar:scope-networking:PR#7810,lodestar,b16f27aa83ae8cc489ff0543f2188c5ba5f50a86,2025-07-20T14:21:26+01:00,2025-07-20T14:21:26+01:00
lodestar:scope-networking:PR#7791,lodestar,23fc667a9ef4b6b6721660d2b3085cf12b50f814,2025-05-07T20:46:12+01:00,2025-05-07T20:46:12+01:00
lodestar:scope-networking:PR#7785,lodestar,253c78a0e7fd70046ff5f0544eba568917d937d9,2025-05-01T20:10:50+01:00,2025-05-01T20:10:50+01:00
lodestar:scope-networking:PR#7752,lodestar,7565d08e46450418f450ca98df67f2592971071f,2025-04-25T14:33:17-07:00,2025-04-29T09:59:06-07:00
lodestar:scope-networking:PR#7725,lodestar,4a894102461e57fed2970daed4534c4496e5cd1f,2025-04-18T20:40:41Z,2025-04-18T20:40:41Z
lodestar:scope-networking:PR#7719,lodestar,4df219de40034895c423bfcfe7a2c430ff9757f2,2025-04-24T18:30:30-04:00,2025-04-24T18:30:30-04:00
lodestar:scope-networking:PR#7577,lodestar,c9c0f0084bf488bbe65d13b56b6c72c665952600,2025-04-23T20:20:13+02:00,2025-04-23T20:20:13+02:00
lodestar:scope-networking:PR#7568,lodestar,c8249cca2ae11f9aa79da4743432408cae64c3a9,2025-03-13T17:26:03Z,2025-03-13T17:26:03Z
lodestar:scope-networking:PR#7505,lodestar,1784e1b5712dab758c6499279588eb005f527373,2025-02-27T09:04:33+07:00,2025-02-27T09:04:33+07:00
lodestar:scope-networking:PR#7502,lodestar,0895d75b19e67942213d11ade1484011043c07d6,2025-02-26T19:20:42+07:00,2025-02-26T19:20:42+07:00
lodestar:scope-networking:PR#7497,lodestar,808b19e659544369a7a147ac1a2cc660958ab445,2025-02-25T11:24:46-05:00,2025-02-25T11:24:46-05:00
48e0700ee23d59c7,lodestar,86ab878709d57db7d0fe659c059c758acaaaf9c8,2025-01-31T15:21:22Z,2025-01-31T15:21:22Z
lodestar:scope-networking:PR#7241,lodestar,7c2205463b96f71c575147e6099c890fbf81585e,2024-11-27T14:34:55+07:00,2024-11-27T14:34:55+07:00
lodestar:scope-networking:PR#7214,lodestar,1b95445136b5661340cac5852ba4ac6bc2d4e249,2024-11-01T17:16:56Z,2024-11-01T17:22:00Z
lodestar:scope-networking:PR#7117,lodestar,2a8202a1eea29ea6b7ce49079003180c689dd757,2024-09-30T16:11:44Z,2024-09-30T16:11:44Z
lodestar:scope-networking:PR#7093,lodestar,430c24b4c7ea94180b73c9e1171d5fd23d48da08,2024-09-18T16:20:34Z,2024-09-18T16:20:34Z
lodestar:scope-networking:PR#7073,lodestar,c2a3c0bb472173f1ddfb6e47fdd87ae94d3d0833,2024-09-17T10:43:59+07:00,2024-09-17T10:43:59+07:00
lodestar:scope-networking:PR#7020,lodestar,a68a0a5586c74dfaf9bf9d9908c6e674aa1745cb,2024-08-13T16:34:13-04:00,2024-08-13T16:34:13-04:00
lodestar:scope-networking:PR#6974,lodestar,ef508208a3ca23b2df3745714d09ad594c622690,2024-07-30T11:11:57+01:00,2024-07-30T11:11:57+01:00
lodestar:scope-networking:PR#6910,lodestar,d151dd9eb7acc1c4ef4ef116ab3fbf2e2b57a143,2024-06-25T17:07:19+03:00,2024-06-25T17:07:19+03:00
lodestar:scope-networking:PR#6674,lodestar,799b0897b9cac5593e864ba1f1b7edee389b681e,2024-04-17T17:21:27+07:00,2024-04-17T17:21:27+07:00
lodestar:scope-networking:PR#6652,lodestar,69d56c24bf94acaaf03f9b84a91c563db13431c3,2024-06-07T09:02:30+07:00,2024-06-07T09:02:30+07:00
lodestar:scope-networking:PR#6620,lodestar,16f8c7caa8ca03190ce13ad621a43e4996b3028b,2024-04-05T16:01:23+07:00,2024-04-05T16:01:23+07:00
lodestar:scope-networking:PR#6581,lodestar,79b120ebcd6328ebf06dab5e86fd6f172f3cc206,2024-04-03T16:34:03+08:00,2024-04-03T16:34:03+08:00
lodestar:scope-networking:PR#6461,lodestar,3da068c9ad8d3ddf8edfa59d2f5fa7608a8802eb,2024-04-22T16:28:36Z,2024-04-22T16:28:36Z
lodestar:scope-networking:PR#6175,lodestar,d64cdca951bce6a2c2cae4b8570c29e6cfba2d45,2023-12-11T21:52:03+01:00,2023-12-11T21:56:56+01:00
lodestar:scope-networking:PR#6161,lodestar,88e41c988b170caf66a1b05d78cfc8f6d87bd3d7,2023-12-06T13:01:22+01:00,2023-12-06T13:01:22+01:00
lodestar:scope-networking:PR#6104,lodestar,0b4b3f27e2946f4f2d64f86ee8bc6f48edda5490,2023-12-01T11:55:42Z,2023-12-01T11:55:42Z
lodestar:scope-networking:PR#6096,lodestar,eaee54382e6f643ed0d11bb7c56a05c01ed46616,2023-11-08T11:12:46+03:00,2023-11-08T11:12:46+03:00
lodestar:scope-networking:PR#6070,lodestar,b4ee745a6e830416c8f4f7044a7eee476459157c,2023-10-27T14:46:56+05:30,2023-10-27T14:46:56+05:30
lodestar:scope-networking:PR#6023,lodestar,6fd53afe603522da4d6145bd984e6e8c2eb64a20,2023-10-05T17:35:16Z,2023-10-05T17:35:16Z
lodestar:scope-networking:PR#6006,lodestar,d8d5ae2169b5b10460a9965871b86dbf931bd467,2024-01-08T23:13:27Z,2024-01-08T23:13:27Z
lodestar:scope-networking:PR#5983,lodestar,ce0ccf029931a07b294725dfe8ebcd7be9e54bd8,2023-09-22T18:29:51Z,2023-09-22T18:29:51Z
lodestar:scope-networking:PR#5957,lodestar,1b520094804dfb5072930a486efcb084595026c0,2023-09-22T14:30:25-04:00,2023-09-22T14:30:25-04:00
lodestar:scope-networking:PR#5788,lodestar,16dc86389610c6b832e61cc0c2f9eaaab5ea9796,2023-07-23T01:20:15-04:00,2023-07-23T01:20:15-04:00
lodestar:scope-networking:PR#5673,lodestar,24a0582c4275dd15f467b45c8445356b5ef74e1b,2023-06-20T13:08:28+02:00,2023-06-20T13:08:28+02:00
lodestar:scope-networking:PR#5627,lodestar,81d96bbca1cee2a68eb6275f54d9589b108d321b,2023-06-12T16:49:48+02:00,2023-06-12T16:49:48+02:00
lodestar:scope-networking:PR#5516,lodestar,22dad907790bde1565debad351936e41eccc7152,2023-05-22T14:49:57+07:00,2023-05-22T14:49:57+07:00
lodestar:scope-networking:PR#5501,lodestar,3e303f83c29018aaa2d9d575af9319e67dda6277,2023-05-20T00:01:24+02:00,2023-05-20T00:01:24+02:00
lodestar:scope-networking:PR#5437,lodestar,3ed8d04c7971f753570f0d054a3c44bc2c382be1,2023-04-29T22:18:05+02:00,2023-04-29T22:18:45+02:00
lodestar:scope-networking:PR#5406,lodestar,8f7680b9d5fbe35d3c108d50b79ccd7e7159c059,2023-04-24T14:31:09+07:00,2023-04-24T14:31:09+07:00
lodestar:scope-networking:PR#5390,lodestar,3bd85139dffb11c0cb4463974a22b7851f02f7ca,2023-04-20T10:44:45+07:00,2023-04-20T10:44:45+07:00
lodestar:scope-networking:PR#5229,lodestar,fe91dbd08256f8a5a0a53bdab9982e7dfba90725,2023-05-17T23:02:22+07:00,2023-05-17T12:02:22-04:00
lodestar:scope-networking:PR#5160,lodestar,54941781cc7faac1628dabb1e51734e8560e89a0,2023-02-16T17:18:39-05:00,2023-02-16T17:18:39-05:00
lodestar:scope-networking:PR#5015,lodestar,f313c6ca22a1a6f87e75877470ca4f5f15abef46,2023-01-15T18:44:40-05:00,2023-01-15T18:44:40-05:00
lodestar:scope-networking:PR#5001,lodestar,bf231c982b0fe18822f57990c00c4362301ecace,2023-01-13T08:41:20+07:00,2023-01-13T08:42:01+07:00
lodestar:scope-networking:PR#4820,lodestar,d4a83824caa7030aed87b5ac5a9c6432f7d79878,2022-11-29T11:35:21+05:30,2022-11-29T11:35:21+05:30
lodestar:scope-networking:PR#4793,lodestar,be4fa896890dee7d8e97ad80ac38bd8c354fc408,2022-12-05T14:27:12-05:00,2022-12-05T14:27:12-05:00
6d87a5520abe4ad2,lodestar,11152c6c997c5da23b98d1192576b19e9edf5537,2022-10-09T21:55:29+05:30,2022-10-09T21:55:29+05:30
72c369295f9e58e2,lodestar,5005da261c63710d7fbdcd7971e37c9dd1e15dda,2022-08-20T17:08:18+02:00,2022-08-20T17:08:18+02:00
lodestar:scope-networking:PR#4442,lodestar,5cdaad4c4300be78beaace8cd6b731159218eb2c,2022-08-18T15:53:13+02:00,2022-08-18T15:53:13+02:00
lodestar:scope-networking:PR#4438,lodestar,3fec9c9cf11544860a43753b8987ccaff84019ff,2022-08-18T15:28:49+02:00,2022-08-18T15:28:49+02:00
lodestar:scope-networking:PR#4407,lodestar,a54ff11c70cee1aa766b63a5128187bbdf09a6e3,2022-08-13T16:43:30+02:00,2022-08-13T16:43:30+02:00
lodestar:scope-networking:PR#4377,lodestar,56e23fcc40e187e5b0325dbe3ad8397acd250a6e,2022-08-07T17:20:47+02:00,2022-08-07T17:20:47+02:00
lodestar:scope-networking:PR#4249,lodestar,68464205dd251b83bd5cab8230b80b0d5f017b61,2022-07-13T09:10:12Z,2022-07-13T09:10:12Z
lodestar:scope-networking:PR#4174,lodestar,a43950c6953d3267a07b0db4ad9f5afb6519a737,2022-06-18T00:22:57+05:30,2022-06-18T00:22:57+05:30
lodestar:scope-networking:PR#4169,lodestar,2f93768617116438c26386f626b226cda206af27,2022-06-26T10:18:54+02:00,2022-06-26T12:33:21+02:00
lodestar:scope-networking:PR#4123,lodestar,960ded74feb298fbd0c22051a6a033bdcb7ffe41,2022-06-06T17:20:16+07:00,2022-06-07T21:16:19+02:00
lodestar:scope-networking:PR#4107,lodestar,f96cd6884b7faf01d21b77dc6d219b8f4ec6133b,2022-06-03T13:48:50+07:00,2022-06-03T13:48:50+07:00
lodestar:scope-networking:PR#4104,lodestar,d220e8649646da55c62609693258d45f9905f491,2022-06-04T12:46:09+07:00,2022-06-04T12:46:09+07:00
lodestar:scope-networking:PR#4065,lodestar,77a9d70d8ccf991a9eb305d927b2a424e6287aac,2022-05-26T02:28:13Z,2022-05-26T02:28:13Z
lodestar:scope-networking:PR#4059,lodestar,c23950cf69a4d36eccf86bf64972f4df97354d50,2022-05-25T17:30:35+07:00,2022-05-25T17:30:35+07:00
lodestar:scope-networking:PR#4018,lodestar,7a676c12d98b1825740d3928c5cad2c55f988fb5,2022-05-12T23:04:51+07:00,2022-05-12T23:04:51+07:00
lodestar:scope-networking:PR#3977,lodestar,fd5870fcfed12f259053ec56cd65bbc29ed4e70e,2022-05-05T05:49:47+02:00,2022-05-05T17:24:42+02:00
4571ced2456d648d,lodestar,9ff06291aed42c5b7718b6bac66b0c2ebf2cb2cb,2022-07-01T01:35:40+05:30,2022-07-01T01:35:40+05:30
aa93fb8e0700f29a,lodestar,440ce83d8776e055bae415d40c49145fe11e4050,2022-04-26T20:24:30+05:30,2022-04-26T20:24:30+05:30
57ff5427a6f6a108,lodestar,f717bd2342486569274c9824d6b41257e8c5f544,2022-03-11T22:51:14+05:30,2022-03-11T22:51:14+05:30
77dd57a07fe1859c,lodestar,6c04174993074b52b0e43557975e1a38ee645e55,2022-03-06T13:55:26+05:30,2022-03-06T13:55:26+05:30
dc7e3fa111ce0e2a,lodestar,8efb01ca6313b5c915deb97ab716697994cfea3b,2022-02-28T17:56:41+05:30,2022-02-28T17:56:41+05:30
12d4419b272f31b5,lodestar,d1ae37306a02e3f27685c2639ba8301ac7364c0b,2022-02-10T12:19:17+05:30,2022-02-10T12:19:17+05:30
lodestar:scope-networking:PR#3716,lodestar,8f1ded354e1324fa19f65533eb36245fa6494368,2022-02-07T21:26:26+05:30,2022-02-07T21:26:26+05:30
lodestar:scope-networking:PR#3634,lodestar,93fe3a5d744e8f29ef4cfdc9207fc3f87e974e8c,2022-01-18T07:11:33-04:00,2022-01-18T07:11:33-04:00
74084892d5a752d6,lodestar,0f675e195ced71c32d55b2d112c7a174ea1c49d9,2022-01-05T19:45:49+05:30,2022-01-05T19:45:49+05:30
lodestar:scope-networking:PR#3565,lodestar,66f7bbc338b36b8742662ca2b2eff749f9b6111b,2022-01-04T11:05:41+01:00,2022-01-04T11:05:41+01:00
lodestar:scope-networking:PR#3532,lodestar,fcc815dc1a266f770f7dabee3603c128a75feafb,2021-12-16T15:49:48+07:00,2021-12-16T15:49:48+07:00
lodestar:scope-networking:PR#3516,lodestar,ac494cb1258ef5220681a97c5bf925143c423ead,2021-12-13T18:06:47+01:00,2021-12-13T18:06:47+01:00
b6cefad111d80396,lodestar,b5e38e245bba48aa7fa9888145fea83c0dc02031,2021-11-25T18:08:13+05:30,2021-11-25T18:08:13+05:30
298f56095721e081,lodestar,d7c107989305c6913b8e6c83de0b0c682d24b4a4,2021-11-18T20:57:19+05:30,2021-11-19T14:41:53+05:30
4f09bedbf1707694,lodestar,c15bf0714e800eca40d489021e441cd6027ec379,2021-11-15T16:38:56+05:30,2021-11-15T16:38:56+05:30
a215dbfba80d8d85,lodestar,6efa29a830d5608e77f0eefa00eac311ca385784,2021-10-26T11:09:55+05:30,2021-10-26T11:09:55+05:30
e48f8281d1b32b8f,lodestar,81d508028eb212c391ef6e8c47e6376e11fd8f02,2021-10-29T12:39:26+05:30,2021-10-29T12:39:26+05:30
lodestar:scope-networking:PR#3371,lodestar,3cc489fe6bcf79fbea3f821f17f058c91116a195,2021-10-15T14:49:40+02:00,2021-10-15T14:49:40+02:00
lodestar:scope-networking:PR#3352,lodestar,6bffd183c5cffb48135d48c354c4488ca0b47332,2021-10-11T17:11:10Z,2021-10-11T17:11:10Z
1d278fa09972ce70,lodestar,c6f6161d581c3abd1976aa6a4cd59c6c92f64837,2021-10-05T12:50:30+02:00,2021-10-05T16:45:18+02:00
lodestar:scope-networking:PR#3308,lodestar,aae3e858e8ab6bf615f6a3b0323aa3099f38edd0,2021-10-05T08:30:35+07:00,2021-10-05T08:30:35+07:00
2166834347fcfa08,lodestar,2e9c9eedac72f1af842839b099584e99650fbe85,2021-10-04T08:27:21-05:00,2021-10-04T08:27:21-05:00
bc4639f8ad50880b,lodestar,a2228d32e35e1fc29ddc35d9fd216db68da2b04e,2021-10-04T09:16:46-05:00,2021-10-04T09:16:46-05:00
e9a2fa742e2ffe4e,lodestar,c06aef3aea2f8909fe73f2030d4fe6221658a193,2021-10-05T09:37:47+02:00,2021-10-05T09:37:47+02:00
4f38e97e31467831,lodestar,0e857542a2f0ee924c53c7a0181219851e4aeabc,2021-10-03T07:25:53-05:00,2021-10-03T07:26:50-05:00
3f495d3767bd5a5f,lodestar,2a7373f1ff05f9cb51b25286b2499e7bad0ec284,2021-10-03T10:30:51+02:00,2021-10-03T10:30:51+02:00
f0dbd67163d3be80,lodestar,fd79b698f08343af0ed94384b22230da43e6c70f,2021-10-02T03:05:37+02:00,2021-10-02T03:12:02+02:00
lodestar:scope-networking:PR#3242,lodestar,71d8ed6debd2dbc4a63d30bfb102d4090de17bc0,2021-10-27T16:06:55+07:00,2021-10-27T16:06:55+07:00
lodestar:scope-networking:PR#3219,lodestar,4daeecd2d3fc805b86cafde47aeb705435724baf,2021-09-23T10:27:56+07:00,2021-09-23T10:27:56+07:00
lodestar:scope-networking:PR#3169,lodestar,acf0f96252568ad73aacaf3348ebe04e6114bb43,2021-09-14T18:41:56+02:00,2021-09-14T18:41:56+02:00
lodestar:scope-networking:PR#3131,lodestar,4e0653b4deadf832efcf99a08f6ca7a9dbba9660,2021-09-14T09:34:48+02:00,2021-09-14T09:34:48+02:00
lodestar:scope-networking:PR#3097,lodestar,bd537ca41dc8230103cd4c8c2f7e649d2dc73ac8,2021-09-09T21:44:23+02:00,2021-09-09T21:44:23+02:00
lodestar:scope-networking:PR#3047,lodestar,269488821f76a35a15a2f73d4ca082ebd5ba2773,2021-09-03T10:14:55Z,2021-09-03T10:14:55Z
lodestar:scope-networking:PR#3045,lodestar,8d6b66630f14a670f80f0ba0a7582275d67713e3,2021-08-31T09:41:12+02:00,2021-08-31T09:41:12+02:00
lodestar:scope-networking:PR#3026,lodestar,cf72224085a78358f144cc28c0728866415359a6,2021-08-27T02:27:00+02:00,2021-08-27T02:27:00+02:00
lodestar:scope-networking:PR#3025,lodestar,64481d5acc8d5b0cf116689a4140d89b3e541821,2021-08-26T21:35:33+02:00,2021-08-26T21:35:33+02:00
lodestar:scope-networking:PR#2959,lodestar,15f200f7ad3416345d3af9bf0e5bf556565732b4,2021-08-17T17:09:18+02:00,2021-08-17T17:09:18+02:00
lodestar:scope-networking:PR#2910,lodestar,27bdb2a22e9d0630b20c5ad3d48209f4c155f6e5,2021-08-03T14:08:42+07:00,2021-08-03T14:08:42+07:00
lodestar:scope-networking:PR#2801,lodestar,84a4609b516396fc970642af1f75f832d94b39ae,2021-07-05T22:09:50+02:00,2021-07-23T00:48:34+02:00
lodestar:scope-networking:PR#2760,lodestar,6078f64cef40c2ae124f4dad097ce696b1725fb1,2021-07-01T12:45:50+02:00,2021-07-01T12:45:50+02:00
lodestar:scope-networking:PR#2632,lodestar,3a3cc516fa44ee276cca032ec76b32af27e6006f,2021-06-04T11:47:17+07:00,2021-06-04T11:47:17+07:00
lodestar:scope-networking:PR#2617,lodestar,c40e91a29aef913761e49749af4f813845fdf7fc,2021-06-02T17:49:57+02:00,2021-06-02T17:49:57+02:00
5afea38073770d27,lodestar,76f7948daa32d149166e61438c230eafb2178f6f,2021-06-01T12:37:09+02:00,2021-06-01T12:37:09+02:00
lodestar:scope-networking:PR#2552,lodestar,73b543b6be6dd873105003cda4dd5bbff71287c0,2021-05-22T10:03:37+02:00,2021-05-22T11:39:14+02:00
lodestar:scope-networking:PR#2397,lodestar,dc513dc3c88ce3957efdd030c6364651b5b75492,2021-04-19T20:36:33+02:00,2021-04-19T20:36:33+02:00
lodestar:scope-networking:PR#2372,lodestar,2f8abd310ab313ac1dbe3e5d56c9746f1e87128c,2021-04-13T12:33:55+02:00,2021-04-13T12:33:55+02:00
lodestar:scope-networking:PR#2186,lodestar,284fb7fd2a4413e5294217c6070f89a890f53cc6,2021-03-19T17:52:49-05:00,2021-03-19T17:52:49-05:00
lodestar:scope-networking:PR#2129,lodestar,a4ee83127c1294d16b118b7c60c50290ea1e807e,2021-03-04T17:15:59-06:00,2021-03-04T17:15:59-06:00
lodestar:scope-networking:PR#1951,lodestar,f1bcb4d1c3ec96ff9af2f644050bd885418740a7,2021-01-14T14:16:04+07:00,2021-01-14T14:16:04+07:00
lodestar:scope-networking:PR#1930,lodestar,bc75d8124e545becfafe4752a0b4b63f5d0b026e,2021-01-06T11:13:12+01:00,2021-01-06T11:13:12+01:00
lodestar:scope-networking:PR#1739,lodestar,f1882361d299c7c9c62225f492b8798f69717ea5,2020-11-21T14:48:05+07:00,2020-11-21T14:48:05+07:00
lodestar:scope-networking:PR#1716,lodestar,783a3a5b382dae94da8679b0a9c034906d65d41a,2020-11-05T23:05:09Z,2020-11-05T23:05:09Z
lodestar:scope-networking:PR#1712,lodestar,ca58a4799b3b08fd9cef357b032281957c3d43fd,2020-10-30T14:26:17+07:00,2020-10-30T14:26:17+07:00
lodestar:scope-networking:PR#1700,lodestar,65ea79ae0919cdd2ac4e76d9f71d93e2d98e8973,2020-10-30T13:19:09-05:00,2020-10-30T13:19:09-05:00
lodestar:scope-networking:PR#1596,lodestar,413f79b52ce17e372557c32cfe8502fb836871d3,2020-09-27T18:33:34-05:00,2020-09-27T18:33:34-05:00
lodestar:scope-networking:PR#1479,lodestar,00b146b7d7d01f2ea116fa06abcf5e47f277e345,2020-08-30T17:20:53+02:00,2020-08-30T17:21:00+02:00
lodestar:scope-networking:PR#1270,lodestar,06090e518fc96629a1d8529f3acf4f0095e599bc,2020-08-02T08:06:29+07:00,2020-08-02T08:06:29+07:00
lodestar:scope-networking:PR#1177,lodestar,c69ac9e11b55ce9f0398fe5133aebf420811d245,2020-07-18T15:37:54+02:00,2020-07-18T15:37:54+02:00
lodestar:scope-networking:PR#1131,lodestar,e5b3fe6c8eba3e3506700fbdab9ccd7f828abf9c,2020-07-13T16:54:39+02:00,2020-07-13T16:54:39+02:00
lodestar:scope-networking:PR#1129,lodestar,cc5543e5c1003f0da50208cd0fe5762247952ede,2020-07-10T11:28:42+02:00,2020-07-10T11:28:42+02:00
lodestar:scope-networking:PR#1126,lodestar,a98acbe154cc0c46b8ed8e9567acc501eed9d61d,2020-07-10T04:04:02+02:00,2020-07-10T04:04:02+02:00
lodestar:scope-networking:PR#1119,lodestar,5a83c7719c61d7721524b143a53f386420819043,2020-07-09T05:57:51+02:00,2020-07-09T05:57:51+02:00
aa769cb93837b859,lodestar,b17f62e94192d658a727dd465da30da817c8441b,2020-07-05T11:56:27+02:00,2020-07-05T11:56:27+02:00
lodestar:scope-networking:PR#1065,lodestar,333729daa63da5d8aca7ff22d43d1892b8453ca8,2020-06-28T19:56:17+02:00,2020-06-28T19:56:17+02:00
lodestar:scope-networking:PR#1001,lodestar,200e50ae621738d64d2a6c47a0d1952ffb814f1c,2020-06-25T13:08:34+02:00,2020-06-25T13:08:34+02:00
lodestar:scope-networking:PR#925,lodestar,9c3acd0bc7701be9c4604b96caf88b67303e79c2,2020-05-17T17:45:37+02:00,2020-05-17T17:45:37+02:00
lodestar:scope-networking:PR#768,lodestar,130f46a3de3507b50153a8e0da127fb33d293cea,2020-04-02T13:58:14+07:00,2020-04-02T13:58:14+07:00
lodestar:scope-networking:PR#23,lodestar,4cbfdd17dde5228f51ad644d7d1d83e632ea7afe,2018-10-30T11:50:41-04:00,2018-10-30T11:50:41-04:00
600c7ff16d183d27,lodestar,7e34b462b6c5df361a2aa31869ea2ea384da71e1,2023-03-30T21:19:59+08:00,2023-03-30T09:19:59-04:00
4effe9ba3e14d342,lodestar,a0da8cd99674949a92e783bf7f0749fec3a5420a,2023-01-30T22:48:34Z,2023-01-31T06:48:34+08:00
180447075deaab11,lodestar,91473d37249951c7946b54d640fd63c53287efcf,2023-02-20T14:42:35+01:00,2023-02-20T14:42:35+01:00
5103b235b8e5c8e0,lodestar,6938ce2049e0441099272f3986bb0d3854103e24,2025-12-03T15:59:02+01:00,2025-12-03T09:59:02-05:00
b448b33abb437adf,lodestar,e746f9cae45a8b7bb0f51e1400c985c64b189c21,2023-04-21T20:49:00+07:00,2023-04-21T20:49:00+07:00
fa5e576f05f073d4,lodestar,6ab043ce3423f95865df4bf0554548d8c33edeb7,2020-04-12T15:15:59+07:00,2020-04-18T05:33:27+07:00
077a9f819bac7497,lodestar,7a6a5b0190e5e2e7ac39c234e3f5dbab958739af,2026-04-25T19:48:38+01:00,2026-04-25T18:48:38Z
bf32a3b90108f3e3,lodestar,be48d7c7e81e8335bf73cf78aecf848df7e8c2be,2026-03-31T14:09:12+01:00,2026-03-31T14:09:12+01:00
d667f5521b90fcef,lodestar,ade3accfa064e061616801206f469f78344a339b,2026-02-11T00:36:10Z,2026-02-11T00:36:10Z
334ee8f63f618113,lodestar,6b6e90ca67ba70224035f26554658c3d267c80ce,2026-03-30T22:10:23+01:00,2026-03-30T21:10:23Z
627dc96f9ed3da18,lodestar,983b1a457b88c528bd51e8426574a05d3d0bf583,2026-02-17T20:55:45Z,2026-02-17T20:55:45Z
f3de7b2e3feee854,lodestar,aeab9f930dae63cd2ced1db65bdbd1504849735a,2026-03-13T14:57:39Z,2026-03-13T14:57:39Z
fc15c1b71dde3bb1,lodestar,3c7b815935cfcab8076cbfc97e504bddc5fd2dee,2023-08-11T14:07:46-06:00,2023-08-11T16:07:46-04:00
6adddb3d67e542f6,lodestar,b87b37f4d02b01f5e9fa0bf87adce318888ed40b,2026-02-07T14:35:22Z,2026-02-07T14:35:22Z
a659c402bdbf6aad,lodestar,7d26952671a2d431f56855c1f49ee0f692ffe506,2020-05-21T05:50:49+07:00,2020-05-21T05:56:05+07:00
e0875dba7fc59251,lodestar,1f0b71b753a16a3e99e3fab7b7b686ed203288f8,2023-05-30T14:14:08-04:00,2023-05-30T14:14:08-04:00
8158d82e8cbbb457,lodestar,a9c53589fbfa9bc09b03020215357f4e461d1bfc,2023-08-31T17:03:47Z,2023-08-31T17:03:47Z
6f47b946a82109c6,lodestar,ad6a62a7ff667813fc32a739aab16b0308417e59,2023-10-01T17:29:15-04:00,2023-10-02T07:25:50-04:00
f1f4ba6018c8e107,lodestar,81c4bc3e3adfc29320c1fbadfa656c116975e43e,2024-02-11T14:44:36+01:00,2024-02-11T14:44:36+01:00
d4bfede4b22f39d8,lodestar,19890bb1f7e1943ff3254d6c051d75712f8f5e56,2025-09-11T10:50:26+02:00,2025-09-11T10:50:26+02:00
886802452696b7ff,lodestar,ed336242cacb6efd0ab95892656425924ebf8c32,2025-12-25T16:29:54+01:00,2025-12-25T16:29:54+01:00
e2b8972048c21625,nethermind,92b96a067b9dbbd6cf262b7d82db37f1e7b058c7,2026-06-16T15:07:38+08:00,2026-06-16T15:07:38+08:00
62c7cfa9d6f3339a,nethermind,61c20c5196800aef79a48b0f82ff276910482d55,2026-05-06T10:50:44+08:00,2026-05-06T10:50:44+08:00
nethermind:nethermindeth-nethermind:PR#10713,nethermind,01877e64a9f5fcd2a101fcef6f8cbefab54b19a9,2026-03-04T00:59:58+01:00,2026-03-04T00:59:58+01:00
6fea96346c0497c7,nethermind,49ee006d16c112242381b35940d8fb5c031048da,2026-01-06T12:13:37+01:00,2026-01-06T12:13:37+01:00
122493bfcb4e3db1,nethermind,c43523691f158c7af7a6bfc4446230202497dc94,2025-12-05T14:37:39+01:00,2025-12-05T14:37:39+01:00
a2511495159fb07a,nethermind,f591cf405180be6a1d154fe06f7534dfb4e3b48b,2025-10-22T23:37:30+02:00,2025-10-22T23:37:30+02:00
nethermind:nethermindeth-nethermind:PR#9157,nethermind,202c778e603e59e691634b5c7e5989814cf472bf,2025-08-18T10:47:47+01:00,2025-08-18T10:47:47+01:00
nethermind:nethermindeth-nethermind:PR#7907,nethermind,3c6f70c1b9266501e0cf17207eb0536a73f0842a,2024-12-13T19:10:59+08:00,2024-12-13T19:10:59+08:00
22afb5af6d696a11,nethermind,d48a52bce106a60f8c66eaa90f88b8cbf5961265,2025-08-11T20:51:41+08:00,2025-08-11T20:51:41+08:00
nethermind:nethermindeth-nethermind:PR#6193,nethermind,df25ce6416278e861a43ba643d531260c6aba16f,2023-10-19T11:03:18-03:00,2023-10-19T11:03:18-03:00
43b025e935e6c43e,nethermind,9794f66e8426c7f0513b80ad6f0b66d2568e28a2,2023-03-20T13:22:27Z,2023-03-20T13:22:27Z
nethermind:nethermindeth-nethermind:PR#4957,nethermind,640ab7578c4e714abaeb4afa93e36d3bb44e2f81,2022-12-02T15:40:40+01:00,2022-12-02T15:40:40+01:00
e330c7531e578b2e,nethermind,e08cd56400eafbda16d096623ac4003b9f8490cd,2026-03-31T15:10:58+05:30,2026-03-31T11:40:58+02:00
fd8b447c33b4be2f,nethermind,825bff45ad4e811c08f3f2d00c9d343080e85640,2026-02-11T11:02:06+02:00,2026-02-11T10:02:06+01:00
nethermind:nethermindeth-nethermind:PR#10083,nethermind,99f518f6e86d5461c23cb5ebc27e26f6dae59df6,2026-01-02T14:09:57Z,2026-01-02T14:09:57Z
nethermind:nethermindeth-nethermind:PR#9336,nethermind,92c4ef444b046a937f0a880f64e3d44753ee9654,2025-09-22T14:57:00+02:00,2025-09-22T14:57:00+02:00
nethermind:nethermindeth-nethermind:PR#1578,nethermind,76fb3ffa2bcbf4e020cd2fed96c85ecb82f7b3df,2020-03-23T22:21:45Z,2020-03-23T22:21:45Z
nethermind:nethermindeth-nethermind:PR#10920,nethermind,3b468a0cf7cf9d578f24c1d54d339650eaa34612,2026-06-02T16:00:30+02:00,2026-06-02T16:00:30+02:00
nethermind:nethermindeth-nethermind:PR#10455,nethermind,c8ad2db8d762fd3c136427f37caa24a1549d2e79,2026-02-08T10:27:51+01:00,2026-02-08T10:47:31+01:00
b3549bb66e11af22,nethermind,53665706d70df1a1b7e88578e3af7a8ca669ba60,2026-02-20T10:54:53Z,2026-02-20T10:54:53Z
nethermind:nethermindeth-nethermind:PR#10296,nethermind,9ca1640f027e823b54bdaba7f3258753cdcefeeb,2026-01-26T16:12:54+02:00,2026-01-26T16:12:54+02:00
c401ccd3b0a24af4,nethermind,fee0f239e070415f598cd4c9a382d656479640ea,2025-12-29T18:02:06+02:00,2025-12-29T17:02:06+01:00
nethermind:nethermindeth-nethermind:PR#9861,nethermind,650790b8fc783bfb8b1cb5a36e71224fc97e9b41,2025-12-02T11:08:23+01:00,2025-12-02T11:08:23+01:00
nethermind:nethermindeth-nethermind:PR#8145,nethermind,652ef3be16fc0de4fe6bdbe84b7ad83a51034378,2025-02-21T15:09:52+01:00,2025-02-21T15:09:52+01:00
nethermind:nethermindeth-nethermind:PR#3657,nethermind,74892b0eabf5c15f6dbc00b04dcd00f674ea968a,2021-12-01T15:10:09+01:00,2021-12-01T15:10:09+01:00
420c45198e2068b0,nethermind,c58a45cbcb566c3feb6691f3c6a77f1527e0ecf5,2026-04-28T19:43:05+03:00,2026-04-28T19:43:05+03:00
210be8c48c7e32d3,nethermind,058998083227af8a6bcfc2bfce6bbd1337ee2530,2025-09-26T14:53:17+02:00,2025-09-26T14:53:17+02:00
0dfc891d465ab355,nethermind,1e86989a412d565d7012ec5fdbcf6c5151607a17,2023-07-17T13:57:31+02:00,2023-07-17T13:57:31+02:00
e60b2538cf2e22ef,nethermind,c18009ecedd27ae824deb8adefc698bf8eeadb1e,2019-05-09T12:46:47+01:00,2019-05-09T12:46:47+01:00
31f30f00bdfebda9,nethermind,d0f3d6c529a1c76258de94f246c29de4196dd9f4,2019-10-02T19:30:01+01:00,2019-10-02T19:30:01+01:00
f1da7d9cd5974246,nethermind,19d4b38aaa7e0b408d68119dd38e4858eba2a161,2018-10-14T15:51:18+01:00,2018-10-14T15:51:18+01:00
1d8b1fbdfd7cb457,nethermind,654ff91c76dbf901d9013f6f3574a2c2ac39d17e,2025-10-18T20:40:08+02:00,2025-10-18T20:40:08+02:00
531d5fb77c43307c,nethermind,79b31cdd1bf08d1976240d550aa95eeaa31871e4,2026-04-27T19:37:59+02:00,2026-04-27T20:37:59+03:00
bbb32c0ba16dd9e4,nethermind,618af12a9a1542f980c2c509d7700a589a95f1c9,2026-06-29T17:12:08+08:00,2026-06-29T11:12:08+02:00
09bf2fecd5589ce3,nethermind,f877973f42a8094e9d55394149a76e359a6a2b69,2026-06-23T15:19:26+08:00,2026-06-23T15:19:26+08:00
3b40b7dafff6990f,nethermind,d7a96c950017c3835cd06d9b6f444fc32e4ae78e,2026-05-15T21:06:14+08:00,2026-05-15T21:06:14+08:00
33aa75a59c082d37,nethermind,efeb0f7d678baf88c7bb9131f2e6ae130bdfc969,2026-06-12T20:06:41+08:00,2026-06-12T15:06:41+03:00
f28492eb0c67b03e,nethermind,5f349c98fd52d5a15866582af64f623f5653e555,2026-03-04T11:04:35+01:00,2026-03-04T11:04:35+01:00
fd05ac177bc4446e,nethermind,5599295526600b0b58b0539c4f5135b2b026c692,2026-03-03T22:49:32Z,2026-03-03T22:49:32Z
7f8a81cce40f03cc,nethermind,2f28223a4ac2403241d32de8eb14086dee74280a,2026-04-14T20:25:36+08:00,2026-04-14T20:25:36+08:00
e8f370b40a8bc3ba,nethermind,6cddd4e333118f3a64d726c4bec57665deaf1613,2025-08-18T11:10:11+01:00,2025-08-18T11:10:11+01:00
38525b54c3367e7f,nethermind,72635169ad5160e4019ecd22c88b01773fe7c4e6,2026-03-27T18:55:52+05:30,2026-03-27T14:25:52+01:00
9067395f14378426,nethermind,ac486e46e87499e63d64059add5c709d13e69f15,2024-12-13T21:04:02+08:00,2024-12-13T21:04:02+08:00
960572d7911f02e8,nethermind,fa44ee5f491eb72c394a84b7129f7270d269f18d,2023-05-08T21:06:31+08:00,2023-05-08T21:06:31+08:00
b9988f4d3b1b33b2,nethermind,e262197731eddbeb0adec62a35c531ededece59e,2022-12-05T15:12:54+01:00,2022-12-05T15:12:54+01:00
d197f59c235cd248,nethermind,218ed6252cc2b8b101e1459e43ccad6187997ae5,2023-10-26T12:23:20-03:00,2023-10-26T12:23:20-03:00
8ea5fcbd6ea98af6,nethermind,915815f0e11d38ad17228a023d2c2c13c318693f,2026-06-02T22:08:15+08:00,2026-06-02T16:08:15+02:00
6629f512c60beb95,nethermind,de9e53f42581bf2e74893ab248d8f6c177ab664f,2025-09-22T17:58:38+02:00,2025-09-22T17:58:38+02:00
7577fc567dbe7cf1,nethermind,6cd0ea49db5204a4578f6d09a23859d97a6892a1,2026-04-13T12:19:41+02:00,2026-04-13T12:19:41+02:00
5b696b261337ebfc,nethermind,22f4d585cec4b1cb649c4dfe4d7b75c5d20de1b4,2020-03-23T22:43:04Z,2020-03-23T22:43:04Z
7b20675e38b76a9f,nethermind,0f85fa44955937389c92361b1844b87247c0a23e,2026-06-24T13:12:07+05:30,2026-06-24T10:42:07+03:00
49bdef7dbe11ee47,nethermind,afddfd76f4c6cf5ca36be76e515cd7cffbaa8181,2026-06-02T16:35:26+02:00,2026-06-02T16:35:26+02:00
34563294d5405b84,nethermind,8d695ffdade80c0271bb673abe89aa881142f2e5,2026-01-30T20:32:42+02:00,2026-01-30T19:32:42+01:00
8146687f68ca3b3c,nethermind,15e3f0d3c06d0b9fcaf2906af955307851943b33,2025-12-02T14:06:55+02:00,2025-12-02T12:06:55Z
337eeb50727ada52,nethermind,129fcbfe72e7affdbb7734e66fcd8abcb9975413,2026-02-08T11:12:57+01:00,2026-02-08T17:12:57+07:00
d1144177dde545ec,nethermind,d9efb4fcd66f6d512b7206a5649783e0d3638197,2025-10-02T15:51:40+08:00,2025-10-02T15:51:40+08:00
8693211856c8c81e,nethermind,bb3ca1fc1254e5b00323bf4a65ce1deaead65422,2025-02-21T18:37:46+04:00,2025-02-21T15:37:46+01:00
e62a5b67d8923b86,nethermind,facce1bcb348db8dea4d35e7bbdd27fcbaae4752,2026-03-27T18:53:25+02:00,2026-03-27T18:53:25+02:00
7d38b83943e8e264,nethermind,4b923986e82e771637c3b6bc6bfc048be523813b,2021-12-01T15:33:55+01:00,2021-12-01T15:33:55+01:00
f676788cf77e5ab9,nethermind,22391ff297db77a423450de40e1f37ed180dc1e2,2019-11-21T11:57:34+01:00,2019-11-21T10:57:34Z
a8d570b95dcdad65,nethermind,e0d261840521d5ad08a501bbb19f46522d501998,2022-03-09T13:58:06+01:00,2022-03-09T13:58:06+01:00
d728145604d8dbfa,nethermind,e764c1ff63a93eb12c93d3e206feab1d2411ff24,2022-06-02T13:10:07+03:00,2022-06-06T09:11:59+03:00
9b5968d628b7dcf1,nethermind,e8e8adace0f11731d26d4c0f5df2b0a7b671778d,2023-03-20T19:54:57+08:00,2023-03-20T19:54:57+08:00
af0982134121b409,nethermind,37a7e6c63b8046d0f509e143f8c1cbff9eadf42d,2023-04-08T05:25:58+01:00,2023-04-08T05:29:34+01:00
7e630e8be1f74dd3,nethermind,cc892f7f096f07a28269c428df5b952851f4ff09,2024-09-15T22:00:16+01:00,2024-09-15T22:00:16+01:00
b5a3fb8be62d102e,nethermind,00715f5b2c80fc1c78572e3049c3451108c48f0f,2025-03-18T14:33:20+01:00,2025-03-18T14:33:20+01:00
423568e90bce7817,nethermind,09096876964426b25c58ea63ce15ca3364134c6b,2025-10-08T17:04:14+02:00,2025-10-08T17:04:14+02:00
cf01ff837146b639,nethermind,4cd7a63ad175c96189a56d5416955b9a4d0d90a6,2026-06-18T15:25:56+08:00,2026-06-18T15:25:56+08:00
a05e5b332d14e7d6,nethermind,64d86a16e73e26e7bed5c012715d5eb1bbe82cb1,2026-05-26T18:06:32+02:00,2026-05-26T18:06:32+02:00
581cc994192a8331,nethermind,cf567e8dacb921adafe347a312cc5f71772c0db5,2025-10-19T16:13:08+03:00,2025-10-19T16:13:08+03:00
1d4b947238307211,nethermind,d696bdbb35b07d36846a91efe4d5deef7a16adbb,2026-02-18T13:06:41+01:00,2026-02-18T13:06:41+01:00
4da1ca8102ee1052,nethermind,4165c2fcf435be70fae1720835019928fb4921c3,2026-01-25T14:13:40+01:00,2026-01-25T14:22:33+01:00
f91595e89a47a686,nethermind,b277a9d0fdd65e211cd8de89bb9e4eea9a23b2bc,2026-02-16T20:55:33+01:00,2026-02-16T20:55:33+01:00
9db428fe9c5d6d79,nethermind,2e730659d5011a410f395fa10b779bac574bd859,2025-11-26T20:28:41Z,2025-11-26T20:28:41Z
c9626f85b80a5ae8,nethermind,036449bfa6e73a404c1acda0190e27459bcea6ec,2024-07-30T16:15:42+02:00,2024-07-30T16:15:42+02:00
b4fdc692c3fb0182,nethermind,9e06c04d00cd621a06b712200be1d6cbf603b5c2,2022-10-24T10:16:18+02:00,2022-10-24T10:16:18+02:00
88b611001d6769ac,nethermind,b2c9a5df9113585d0bc9268219df7daea53b5456,2022-10-31T17:54:54+01:00,2022-10-31T17:54:54+01:00
152ec5dc71b514bd,nethermind,f10b804962963ef211b55ca3addb759e97fc02f6,2022-09-11T12:20:36+03:00,2022-09-11T12:23:48+03:00
31f7bbc3306b8df0,nethermind,48442a757f1609744ac459b7ccd0eefb3dbb1bf1,2022-06-17T18:13:39+08:00,2022-06-17T18:13:39+08:00
bd43b562d0b51f33,nethermind,7b45a5b2b89bc8671398f754285bb89d7796f3e6,2021-09-13T10:10:10+02:00,2021-09-13T10:10:10+02:00
315fc605872ce612,nethermind,90552b06a4a9a97f37219052a8c533f48f60130b,2021-06-08T11:42:26-04:00,2021-06-08T11:42:26-04:00
2ae83a61417bb1a4,nethermind,66792c0eb7cc81a3a54c7a171488c7f42ad2d1f9,2026-06-29T14:19:49+08:00,2026-06-29T14:19:49+08:00
28707db7e501f0f9,nethermind,02c2e1c4164a6bdc2b804cf8688dea8f84c40c98,2026-05-12T18:02:39+05:00,2026-05-12T18:02:39+05:00
50d7e71c0a4f67c1,nethermind,13ae352b07926a201e527fd30cd49f446f542004,2026-05-29T09:46:59+02:00,2026-05-29T09:46:59+02:00
0393546298d415f3,nethermind,7d750116382893686e19003a1c73eceeb4e0d010,2026-01-21T09:19:04+08:00,2026-01-21T09:19:04+08:00
8a71fdcad5d239d3,nethermind,24e3c164942f137c4a38d64fe73b1fab3f8578b0,2025-11-25T23:47:28+01:00,2025-11-25T23:47:28+01:00
4c6aeb15a3ae3857,nethermind,96a9f697d3b88d9353e37b7955dd8f9cc9412d71,2023-01-06T19:46:25+08:00,2023-01-06T19:46:25+08:00
32eed109fb3aca6f,nethermind,b53e81e27d313e4c3a1f2964f5a5b1e2de48cde4,2025-11-25T20:42:13+03:00,2025-11-25T20:42:13+03:00
524d675fe354bd25,nethermind,a7222d67149522f5dda6b8e16838beeea2ee98f9,2026-05-12T21:27:27+03:00,2026-05-12T21:27:27+03:00
818f6bedb4ad228e,nethermind,979b6abd7aab579e07bb8022558538cbc16076fd,2025-07-11T18:50:36+08:00,2025-07-11T18:50:36+08:00
6af0b38e312961bb,nethermind,17c76cc695562d33c331e92b1906ccf10e9d594f,2025-07-10T14:04:40+01:00,2025-07-10T14:04:40+01:00
54cc23f1b38bc2a0,nethermind,430bf594d375e18003164db75b85ff7e4f620568,2024-06-10T23:33:30+01:00,2024-06-10T23:33:30+01:00
01086c24fef3c12b,nethermind,0b9d64f8485dbd7c00e2da2f574198e4bbf8117b,2023-10-30T20:13:55+08:00,2023-10-30T20:14:12+08:00
d37a0b4675fa4e12,nethermind,c199c61e2c7e7b26859963834596e3e069d329f5,2026-02-28T10:55:31+01:00,2026-02-28T10:55:31+01:00
5611551eebfb018d,nethermind,5437747b702117095283c22eaba348b9e5db1dd1,2026-03-12T12:53:35+01:00,2026-03-12T12:53:35+01:00
82e7c2c63c094aea,nethermind,a6111fd58568225fbc9a9991c62d25e789fbfc60,2026-03-04T10:54:04Z,2026-03-04T10:54:04Z
b2e7984b5df56b9a,nethermind,6ee0d11733cce56578d92fd9bd7719073fa3337d,2025-05-23T07:40:28+01:00,2025-05-23T07:40:28+01:00
29b4c575331b5b82,nethermind,e5ec3afbfe3e1be7e760c2109615c12763f014e9,2024-12-21T09:14:51+08:00,2024-12-21T09:14:51+08:00
729bc9be270c00ab,nethermind,2916d78129871dbb6e559e840cf9bb95098f4aef,2023-01-19T01:35:31+03:00,2023-01-19T01:35:31+03:00
f06033a129a05d8b,nethermind,db8090aebc196fe4bf90dda23a1f25935f9ed34e,2026-06-17T11:13:10+03:00,2026-06-17T11:13:10+03:00
3ed7a350e773d06c,nethermind,6c478967e87464afd2c17ffa6c04b1e71d94fa9c,2026-06-15T08:27:12+08:00,2026-06-15T08:27:12+08:00
97302476f8748f8b,nethermind,59c8692ac761d11ffc9a2a05c9aa7683be704723,2026-03-18T18:24:24Z,2026-03-18T18:24:24Z
3d74c0f53be49bec,nethermind,4f0745b87eaf5e65be4235b91f93aeabe248b1a7,2026-03-12T10:13:34+01:00,2026-03-12T10:13:34+01:00
4bfeded60f519f72,nethermind,e5af1ec507b39a6909607949b825eade7bc6a33b,2026-02-23T08:07:57+01:00,2026-02-23T08:07:57+01:00
4ba5b7367ab0e8f4,nethermind,16b13f6d03155139d21cab6fab8fa77c730afbe5,2026-03-04T00:16:15+01:00,2026-03-04T00:16:15+01:00
57d4bd3b4d3de76d,nethermind,cbfb8d2760d4ddc4ed0139f89c3f0418e992369c,2026-01-13T20:39:59Z,2026-01-13T20:39:59Z
7910cb8170983ff1,nethermind,51802b9d0f56166753a1506dd9b3f2ad19d2e089,2026-03-14T00:37:35+01:00,2026-03-14T00:37:35+01:00
c95e5e1927f7000e,nethermind,563c56d6f5ffba6232a36a2df2ac4cb614e32254,2026-04-07T18:37:21+02:00,2026-04-07T18:37:21+02:00
e5cdf1267c374440,nethermind,6735c109561d8c92da69e9545c19ca3cef72daa6,2025-05-16T19:21:18+08:00,2025-05-16T19:21:18+08:00
66e0d6bebefd0782,nethermind,ed565091b58ba91e76d7858cb615976b49eab924,2026-06-16T00:35:31+03:00,2026-06-16T00:35:31+03:00
f38334c6efaa3439,nethermind,5b5c4b2a57e7605be6bc1685895cd154e45a96aa,2026-04-10T01:21:34+02:00,2026-04-10T01:21:34+02:00
260e8920be64e1af,nethermind,399627afa48408f0f336ce85f62ab102dfd48f04,2024-09-19T14:13:21+02:00,2024-09-19T14:13:21+02:00
640d3a61865309a7,nethermind,2d79368fbc40ecae80f31cd8c7df3431f429b93b,2026-04-29T14:59:55+03:00,2026-04-29T14:59:55+03:00
cda3ff4453011d35,nethermind,09560cc695b603782e0ae48572ff5ade443f28ed,2022-06-04T15:39:44+02:00,2022-06-04T15:39:44+02:00
nimbus:status-im-nimbus-eth2:PR#6985,nimbus,1275a8b21df3bfe93905a38e3b3ac1ab5aa0489c,2025-03-06T00:09:35+05:30,2025-03-06T00:09:35+05:30
nimbus:status-im-nimbus-eth2:PR#3646,nimbus,99961f8bec7a7dea970a5c6c6d973946377a0a81,2022-05-19T21:29:47+02:00,2022-05-19T21:29:47+02:00
nimbus:status-im-nimbus-eth2:PR#2774,nimbus,0612f82c49a99745464ced8ef4014faa8c76b678,2021-08-11T15:15:38+02:00,2021-08-11T15:15:38+02:00
nimbus:status-im-nimbus-eth2:PR#1851,nimbus,55fe57ccfab6af126d3ae60ca164f7aeb53d9c1d,2020-10-15T14:49:02+03:00,2020-10-15T16:12:23+03:00
nimbus:status-im-nimbus-eth2:PR#1863,nimbus,330ee1faedec3a30b9ed59da105871e7f8165139,2020-10-15T15:50:21+03:00,2020-10-15T15:50:21+03:00
nimbus:status-im-nimbus-eth2:PR#1800,nimbus,e31e7f43d00a815b6084e4f8502a4dadc9bcc576,2020-10-02T19:08:57+03:00,2020-10-06T11:44:49+03:00
nimbus:status-im-nimbus-eth2:PR#8491,nimbus,669d2206e69c0dc8664af0e259726177fee8f8a0,2026-05-22T02:55:42Z,2026-05-22T02:55:42Z
nimbus:status-im-nimbus-eth2:PR#8333,nimbus,e50bba0227ee514db71a45098c84bc2cd806d60f,2026-04-25T08:41:48Z,2026-04-25T08:41:48Z
867f040d07ae0bcf,nimbus,1acfee6669c562eb9a3c6c854a591ed1db6ffee2,2026-04-30T16:17:16+01:00,2026-04-30T15:17:16Z
nimbus:status-im-nimbus-eth2:PR#7862,nimbus,795587f2f448e33d48303d1261a9cdeb4647d4ea,2026-01-19T14:00:30+02:00,2026-01-19T14:00:30+02:00
52ec4dd8abe08c9a,nimbus,ca6ca8395c5f2049b14008935b290e9ced2a5678,2025-02-09T18:47:27+02:00,2025-02-09T22:17:27+05:30
nimbus:status-im-nimbus-eth2:PR#5695,nimbus,1908b57ed95c4f3419ea8f1f9fce867f32e17e35,2024-01-06T11:15:50+01:00,2024-01-06T11:15:50+01:00
8bd4e259022d0472,nimbus,aec953e4da5dcdec6efc63551c2881351e22e210,2023-09-15T08:34:32+03:00,2023-09-15T07:34:32+02:00
nimbus:status-im-nimbus-eth2:PR#4765,nimbus,7e2a001e379a52be1c68c9e0fc698605969539df,2023-03-24T16:42:31+02:00,2023-03-24T16:42:31+02:00
acc2b8a99e9de80e,nimbus,c0b90833db077f4071af8305a205af542fb95220,2023-04-20T15:07:27Z,2023-04-20T15:07:27Z
nimbus:status-im-nimbus-eth2:PR#4389,nimbus,d1d51f452da71f6d02fb39ce8947d6d4a7115292,2022-12-05T17:59:05+01:00,2022-12-05T17:59:05+01:00
nimbus:status-im-nimbus-eth2:PR#4222,nimbus,3425811bef0f8729d25d09a7506b42c2c5d968b4,2022-10-05T12:30:49Z,2022-10-05T12:30:49Z
ab2b338867da7101,nimbus,1819d79e07181ef1c5ad167c13fd09354f37ac46,2022-09-28T21:07:31Z,2022-09-28T21:07:31Z
nimbus:status-im-nimbus-eth2:PR#4027,nimbus,b9ae90ef6d6165d5d0f65b614d657f9f075f285b,2022-08-25T00:21:44+02:00,2022-08-25T00:22:52+02:00
nimbus:status-im-nimbus-eth2:PR#3872,nimbus,e438c2a87b8490ab94f69d5af8b97ea7bda1b781,2022-07-14T15:25:54+03:00,2022-07-14T15:25:54+03:00
nimbus:status-im-nimbus-eth2:PR#3791,nimbus,39cc00e540d6df13446dc77b238e1af9e2efb4a8,2022-06-23T03:46:21+03:00,2022-06-23T03:46:21+03:00
nimbus:status-im-nimbus-eth2:PR#2967,nimbus,24065cdcd99ba105d22350c09539d88c69a7057a,2021-10-07T16:23:53+02:00,2021-10-07T16:23:53+02:00
nimbus:status-im-nimbus-eth2:PR#2983,nimbus,b1f44a321b21cc7b380c3a3aded4d4224b1f99b5,2021-10-13T09:24:35+02:00,2021-10-13T09:24:35+02:00
f0ac18e21525dc87,nimbus,90e3fb246f1a71878cefee25d5dceac1677ce8e2,2021-05-27T14:53:53+03:00,2021-05-27T18:59:30+03:00
f51aef3e854dc0d0,nimbus,7731109320a1e4055cfd698601b2b9f3fc125ab3,2020-11-29T04:50:38+02:00,2020-11-29T11:01:55+02:00
nimbus:status-im-nimbus-eth2:PR#1881,nimbus,576da845af40c3e142665638cdc698120e88e0e3,2020-10-15T20:35:00+02:00,2020-10-15T20:35:00+02:00
f0da8f5f9ab3b86a,nimbus,db70f066bab9e5ebde68ae6224f30d77f49eb573,2020-10-12T13:52:59+03:00,2020-10-15T20:19:43+03:00
8d45e16f1b07edfa,nimbus,7e0e4dc327ec4bc127adff0eb58922cf89e2ddb7,2020-06-20T09:24:33+02:00,2020-06-20T09:24:33+02:00
f4a5c46bf9235eb3,nimbus,003a4c90be0746017c2d70c651b90d83c65dd0b9,2020-01-13T17:12:49+01:00,2020-01-13T17:12:49+01:00
391269e731deb828,nimbus,c762c0232d787f5ffe788fdbe46ab48bd144c3f5,2019-12-04T10:49:59Z,2019-12-04T11:49:59+01:00
nimbus:status-im-nimbus-eth2:PR#196,nimbus,87f4e7af1944186d16f5ac05b81a29acca2af352,2019-03-22T11:57:24+02:00,2019-03-22T11:57:24+02:00
nimbus:status-im-nimbus-eth2:PR#2920,nimbus,a117ca0017f858dac8f456adca2ed3e24c4800ed,2021-09-29T11:54:21+02:00,2021-09-29T11:54:21+02:00
nimbus:status-im-nimbus-eth2:PR#2564,nimbus,ace769f7333c2d5af6ca9a9a8346731f06888e99,2021-05-17T14:54:46+03:00,2021-05-17T14:54:46+03:00
c860218fc81f990e,nimbus,cd7da00d16adb5b0d87b89dabd8b8e12091fe1a4,2023-04-12T09:33:21Z,2023-04-12T12:33:21+03:00
95491ff6bde78004,nimbus,c672628be8c9b87ef64c85d7bb50596fd378d607,2022-02-15T21:10:04+02:00,2022-02-15T22:45:55+02:00
nimbus:consensus:PR#8586,nimbus,153c2ddb1b8922b3b058358fb2290ec007a77983,2026-06-10T17:52:11+01:00,2026-06-10T17:55:38+01:00
nimbus:consensus:PR#8561,nimbus,33cfbe0277326f73f144f6af9f09e3a9b4a964fb,2026-06-06T06:35:32Z,2026-06-06T06:35:32Z
nimbus:consensus:PR#8544,nimbus,56624de03be9c7673792b2a02fb26dfb3dc2ffc0,2026-06-04T20:05:06+01:00,2026-06-04T20:05:06+01:00
nimbus:consensus:PR#8543,nimbus,b859c25d7ea164d03a2cbd32d824786a4af1eea4,2026-06-03T23:11:56+01:00,2026-06-03T23:11:56+01:00
nimbus:consensus:PR#8510,nimbus,348b1e46ee9446724497d0064f0d817c6a449999,2026-05-25T20:17:52+02:00,2026-05-25T20:17:52+02:00
nimbus:consensus:PR#8506,nimbus,df061b65cdcafe85bb0da4a07579c51b7a58aab4,2026-05-23T18:15:00Z,2026-05-23T18:15:00Z
nimbus:consensus:PR#8473,nimbus,81f496a668e15a9deeb953c6a6ad7fddfa56d554,2026-05-19T17:51:11Z,2026-05-19T17:51:11Z
nimbus:consensus:PR#8465,nimbus,212d683b1770179f24b18721e862e2e14580ed7d,2026-05-18T12:18:14+02:00,2026-05-18T12:18:14+02:00
nimbus:consensus:PR#8432,nimbus,1e6624c11b435137a8dc0592bbf36a0e782571cf,2026-05-11T17:51:12Z,2026-05-11T17:51:12Z
nimbus:consensus:PR#8430,nimbus,178123954db0556fb27de2c046593293716420e6,2026-05-26T15:51:21+01:00,2026-05-26T15:51:21+01:00
nimbus:consensus:PR#8331,nimbus,9cadde20bfaebb51f1c15110e8fe4dfc259e6f01,2026-04-25T01:15:34Z,2026-04-25T01:15:34Z
nimbus:consensus:PR#8312,nimbus,af531f4a963b9a4a1a79a3dbbd1ab305f2cea51d,2026-04-21T18:10:38Z,2026-04-21T18:10:38Z
nimbus:consensus:PR#8177,nimbus,2051179753e62b21494f8f8ab7b3769ab7ebd236,2026-03-26T18:26:18Z,2026-03-26T18:26:18Z
nimbus:consensus:PR#8171,nimbus,b0d7cbacaea077cb072768b53eebadeb83d88ff8,2026-03-26T08:58:33+01:00,2026-03-26T08:58:33+01:00
nimbus:consensus:PR#8170,nimbus,24a4b0252478c7d64a75f5b44498428803aeb553,2026-03-26T08:30:48+01:00,2026-03-26T08:30:48+01:00
nimbus:consensus:PR#8137,nimbus,02259d1eece8cd7d096ba23823fea3c624b4309a,2026-03-21T12:19:19+01:00,2026-03-21T12:19:19+01:00
nimbus:consensus:PR#7962,nimbus,81d1911e934bee9bc7845cf2c1f9f85c8d9edeea,2026-02-11T19:53:41+02:00,2026-02-11T19:53:41+02:00
nimbus:consensus:PR#7950,nimbus,5854fd25379f8c0ea68b039512e2e589f8692939,2026-02-09T21:56:55Z,2026-02-09T21:56:55Z
nimbus:consensus:PR#7879,nimbus,deb75e91107ebab41a362e03e9ae86280566799a,2026-01-23T18:14:12Z,2026-01-23T18:14:12Z
nimbus:consensus:PR#7837,nimbus,3d042b8b7b6b3ac249750bbd2108056b07b001ba,2026-01-08T06:39:04Z,2026-01-08T06:39:04Z
nimbus:consensus:PR#7782,nimbus,f6d4c0cb4f8b98bf58f70eb6a83bb0ee4ac46622,2025-12-06T04:54:30Z,2025-12-06T04:54:30Z
nimbus:consensus:PR#7771,nimbus,4727cfb51743d50eed0ad8cdf348bfcd4bf58b74,2025-12-01T19:46:18Z,2025-12-01T19:46:18Z
nimbus:consensus:PR#7742,nimbus,8c1c01824a41b17ab8746793faff648cac15ea03,2025-11-18T21:03:23Z,2025-11-19T08:07:18Z
nimbus:consensus:PR#7689,nimbus,b118cf20252473d9d035b0d9d21d36a8574e5147,2025-10-31T13:18:20+02:00,2025-10-31T13:18:20+02:00
nimbus:consensus:PR#7685,nimbus,f31cad5a8e8a2cffd235a428dff759d15eb9c918,2025-11-05T07:22:33+01:00,2025-11-05T07:22:33+01:00
nimbus:consensus:PR#7634,nimbus,457bcc216e572289c65dbb0fccdeaa07d74abfe8,2025-10-21T10:59:21+03:00,2025-10-21T10:59:21+03:00
nimbus:consensus:PR#7418,nimbus,ca0a634e828b0bbcecf68be594670a1fe8dbb44e,2025-08-27T07:42:52+02:00,2025-08-27T07:42:52+02:00
nimbus:consensus:PR#7315,nimbus,d87d1347642f0d3dad25e49a33262ef03a37d3b5,2025-07-22T17:05:15+03:00,2025-07-22T17:05:15+03:00
nimbus:consensus:PR#7277,nimbus,c552f0318eb512b18d362f4b2a8cfa245bbe515f,2025-07-01T14:40:16Z,2025-07-01T14:40:16Z
nimbus:consensus:PR#7218,nimbus,b6303c8d33e10a015f12901b4053e587d815f662,2025-06-10T10:16:15Z,2025-06-10T10:16:15Z
07e877ccba970eb5,nimbus,ad52ba3b455b9d1a255cbb49cba39af9596563c3,2025-03-27T02:30:08+02:00,2025-03-27T01:30:08+01:00
nimbus:consensus:PR#7003,nimbus,18fae38298ad88c65329e7419ac16f7961795e91,2025-03-09T10:22:23Z,2025-03-09T10:22:23Z
nimbus:consensus:PR#6830,nimbus,55250237aaf12989316be9c3a6fa8358ccce1334,2025-01-08T20:41:31Z,2025-01-08T20:41:31Z
nimbus:consensus:PR#6822,nimbus,9df9b118037fa0e3032c4a38b8858791de979e76,2025-01-06T23:22:49+01:00,2025-01-06T23:22:49+01:00
nimbus:consensus:PR#6805,nimbus,8e2c20aaae4e1939cc29ebdb5b4d8e4417aad9aa,2024-12-31T10:01:30Z,2024-12-31T10:01:30Z
nimbus:consensus:PR#6615,nimbus,76cf5e953f16ede60cb6250053ce1773e296607a,2024-10-09T01:56:07+03:00,2024-10-09T01:56:07+03:00
nimbus:consensus:PR#6407,nimbus,efb94ed5a57e5015e4ecc568ad4cf3ab100b6d61,2024-07-05T08:14:26+02:00,2024-07-05T08:14:26+02:00
nimbus:consensus:PR#6406,nimbus,750564d02ad983d1a67d3bbecef22a6fa0884348,2025-01-10T11:23:43Z,2025-01-10T11:23:43Z
nimbus:consensus:PR#6367,nimbus,d8c7ec780c7d430289364fa2673b87b6c03e4428,2024-06-17T18:59:52+03:00,2024-06-17T18:59:52+03:00
nimbus:consensus:PR#6269,nimbus,a116a3f03651a21e75198830dbc0957ef82501a2,2024-05-06T21:02:12Z,2024-05-06T21:02:12Z
nimbus:consensus:PR#6171,nimbus,fa5cac2959839f6ffe4af2100b867d8623356d75,2024-04-03T16:26:08Z,2024-04-03T16:26:08Z
nimbus:consensus:PR#6111,nimbus,5e6f20b5abad233db230b8d2bd626cff6b8667df,2024-03-20T16:09:27Z,2024-03-20T16:09:27Z
nimbus:consensus:PR#6107,nimbus,6852751068c27de93e39bc9b7723525d13d9cfda,2024-03-20T11:43:36+01:00,2024-03-20T11:43:44+01:00
nimbus:consensus:PR#6099,nimbus,4f487dfa3a3ea82ed724a94dda92420284036546,2024-03-19T12:03:53+01:00,2024-03-19T12:06:24+01:00
efe8e6e99cf3be99,nimbus,b82875016f6eff09942612d1c78f9135afedce18,2024-03-12T01:29:58+01:00,2024-03-12T01:29:58+01:00
nimbus:consensus:PR#5727,nimbus,74e6a6cd7112acbf276e3e89d529865cc3072bc4,2024-01-11T20:02:10Z,2024-01-11T20:02:10Z
nimbus:consensus:PR#5694,nimbus,10d5029b33607a44acbe5ed43490b131874d5c76,2024-01-06T12:18:32+01:00,2024-01-06T12:18:32+01:00
nimbus:consensus:PR#5628,nimbus,394d7a9d4407fb15df78f99ace2710fc7980606d,2023-11-26T06:33:56Z,2023-11-26T06:33:56Z
nimbus:consensus:PR#5621,nimbus,26d8dec1fd6abcb9aa1d84f245b297132f293cb9,2023-11-24T11:50:35Z,2023-11-26T14:38:33Z
nimbus:consensus:PR#5520,nimbus,b02d88bfe5238d451d94a30e905c429194d59b35,2023-10-24T02:52:24Z,2023-10-24T02:52:24Z
nimbus:consensus:PR#5410,nimbus,ee6f8b0bb7c6f026eb6353686fade7e204671d75,2023-09-08T16:07:21Z,2023-09-08T16:07:21Z
nimbus:consensus:PR#5395,nimbus,2614768ae88607ab083557745f6d23afc537a1bd,2023-09-05T23:32:26+02:00,2023-09-05T23:32:26+02:00
nimbus:consensus:PR#5369,nimbus,86d17d3ed9e696fbf72b6bb100339912014ae697,2023-08-29T13:31:50Z,2023-08-29T13:31:50Z
nimbus:consensus:PR#5109,nimbus,a01a71511b777d0ee6306de30c15aa26b8638a2d,2023-06-21T03:28:01+03:00,2023-06-21T03:28:01+03:00
nimbus:consensus:PR#5025,nimbus,f667b5e7409bd36058e9fab6e7182c79cefd00d8,2023-06-09T15:58:52+02:00,2023-06-09T15:58:52+02:00
nimbus:consensus:PR#4997,nimbus,31719d49c6e362a2ee4fe668267bcb1ca4ee4751,2023-05-30T21:47:34Z,2023-05-30T21:47:34Z
nimbus:consensus:PR#4963,nimbus,7df6629d92b36bbd9da573f9c096c0d7bd498ab8,2023-05-15T20:54:55Z,2023-05-15T20:54:55Z
nimbus:consensus:PR#4812,nimbus,1be792357a8d59a5a632e2ac383963b25b9c4a31,2023-04-12T09:34:57Z,2023-04-12T09:34:57Z
nimbus:consensus:PR#4759,nimbus,862e2b005f0067ea59851332a081a7cf60cbd91e,2023-03-21T23:25:59+02:00,2023-03-21T23:33:07+02:00
nimbus:consensus:PR#4687,nimbus,94935a5020d44e2f01574a096f4c37d86c3b8a35,2023-03-01T21:30:07Z,2023-03-01T21:30:07Z
nimbus:consensus:PR#4611,nimbus,97831fa253b7f1d834ce3aaa74a7a322c7696548,2023-02-11T00:33:07Z,2023-02-11T00:33:07Z
nimbus:consensus:PR#4590,nimbus,3d0ba684c64cad3ce773c12d16d8847d20b9151c,2023-02-07T13:06:37+01:00,2023-02-07T13:06:37+01:00
nimbus:consensus:PR#4580,nimbus,62fbe2942047f28e164c4da399ba2744724e1654,2023-02-02T08:05:14Z,2023-02-02T08:14:09Z
nimbus:consensus:PR#4479,nimbus,16c3c59464b2cda92f2d557c97e34f4c8b8088f7,2023-01-09T20:21:07+01:00,2023-01-09T20:21:07+01:00
nimbus:consensus:PR#4420,nimbus,33353741e5e1ac6f3659a8f2f144fea3ffd80cdb,2022-12-12T22:49:40+01:00,2022-12-12T23:12:06+01:00
nimbus:consensus:PR#4401,nimbus,47ef025a8b3c01d25a4b4175ec26ffdf04fa734b,2022-12-08T13:53:31+01:00,2022-12-08T13:53:31+01:00
nimbus:consensus:PR#4364,nimbus,98ec713b228068453f675519473928f9845ae884,2022-11-26T21:08:34Z,2022-11-26T21:08:34Z
nimbus:consensus:PR#4251,nimbus,e56659bb5bf5a72b215734f1cd89e4e73693b5de,2022-11-02T07:44:00+01:00,2022-11-02T07:44:00+01:00
nimbus:consensus:PR#4161,nimbus,f531ab1d068a7dc77181255e2d9a8bc556092aa2,2022-09-22T17:45:50+02:00,2022-09-22T17:46:01+02:00
nimbus:consensus:PR#4044,nimbus,61e57e641509393c4969124f50055f2379db1fd2,2022-08-29T01:08:33Z,2022-08-29T01:08:33Z
nimbus:consensus:PR#4003,nimbus,c7f96dccdf13a02b9b366ff80345b8eacd361b36,2022-08-19T21:07:44+03:00,2022-08-19T21:07:44+03:00
nimbus:consensus:PR#3924,nimbus,309cd772c153c6ca816f0983586a8903e912f465,2022-07-29T23:33:05Z,2022-07-29T23:33:05Z
nimbus:consensus:PR#3862,nimbus,8159905d8934a0b11ccff5cf44dd23256c03594e,2022-07-12T21:18:42Z,2022-07-12T21:18:42Z
nimbus:consensus:PR#3809,nimbus,405463edbd589532f6bc519c31c1b5a0f0a8ea83,2022-06-27T17:05:50+03:00,2022-06-28T16:49:55+03:00
nimbus:consensus:PR#3577,nimbus,9ea6e4a5b980ad2d4e7c0f79ff2271248062885e,2022-04-08T12:56:18+02:00,2022-04-08T12:56:18+02:00
nimbus:consensus:PR#3540,nimbus,061bc419acbf33771e89447cc54070eedd50fe34,2022-03-25T07:16:16Z,2022-03-25T07:16:16Z
nimbus:consensus:PR#3513,nimbus,38cfc2ee383ea0d9ed52bc408539519597efdd94,2022-03-17T15:58:40+01:00,2022-03-17T16:31:03+01:00
nimbus:consensus:PR#3488,nimbus,da3f7bf9f233aac01c65f1a6163a46712df2a367,2022-03-12T01:09:06Z,2022-03-12T01:09:06Z
nimbus:consensus:PR#3459,nimbus,8cff569cf27cb21ce56fead7e4a78a95fde8f33e,2022-03-02T15:08:47+01:00,2022-03-04T13:56:50+01:00
nimbus:consensus:PR#3428,nimbus,16a20d1b48dca21e76fcd540f44ec0755c073b62,2022-02-22T11:22:11+02:00,2022-02-22T12:27:01+02:00
nimbus:consensus:PR#3398,nimbus,e609760dbee79397cf12379c289238c7da6af015,2022-02-15T20:57:50Z,2022-02-15T20:57:50Z
nimbus:consensus:PR#3354,nimbus,1d3d9148e47056b498a93dd208064e73b7cdcd75,2022-01-31T19:28:26+02:00,2022-02-02T19:55:01+02:00
nimbus:consensus:PR#3331,nimbus,1455c0be3575ac252b3e9a78c503104a1802679e,2022-01-28T09:51:06+01:00,2022-01-28T09:51:06+01:00
nimbus:consensus:PR#3293,nimbus,1622233d51e963b4c523bb162b9775f6b4b76036,2022-01-17T16:56:16+01:00,2022-01-20T10:17:54+01:00
nimbus:consensus:PR#3232,nimbus,a9fbfdd3590029f6c9d6c56dae28436975274ceb,2022-01-04T18:16:31+01:00,2022-01-05T22:10:26+01:00
nimbus:consensus:PR#3230,nimbus,fbdf25941d86609ccf5b46516afb6cdbab879d27,2022-01-03T14:50:50Z,2022-01-03T14:50:50Z
nimbus:consensus:PR#3225,nimbus,0d6bfd3f19bb0044712d33d8d3f6ccf1e6864bcb,2021-12-21T15:08:07+01:00,2021-12-30T10:20:33+01:00
nimbus:consensus:PR#3204,nimbus,3346e5009ee6a7d1b3dc49bac1eac7dddd5262da,2021-12-17T01:06:10+01:00,2021-12-17T01:06:10+01:00
nimbus:consensus:PR#3201,nimbus,4469ddef9dc71310589d9a346e7ae3e3fda5d7da,2021-12-15T18:35:08+01:00,2021-12-15T18:35:08+01:00
nimbus:consensus:PR#3189,nimbus,a00b798a3c72adc49f6bf775f405d6d51fe6f4e5,2021-12-16T05:56:53+02:00,2021-12-16T05:56:53+02:00
nimbus:consensus:PR#3050,nimbus,3260a18dbae71a5531ecda2f0e9a229e4407744e,2021-11-04T12:09:53+01:00,2021-11-04T16:09:05+01:00
nimbus:consensus:PR#2934,nimbus,a053c49dfa09307e8600c0765d6fc2796ed47852,2021-09-30T16:32:35+02:00,2021-09-30T16:32:35+02:00
nimbus:consensus:PR#2659,nimbus,a5106cd85e0d6bcacb61ab8b97c8ccc48566e756,2021-06-17T18:04:43+02:00,2021-06-17T18:04:43+02:00
nimbus:consensus:PR#2655,nimbus,d9084f32c2e5c49c2bd7304851c13d468224abcc,2021-06-16T23:01:24+02:00,2021-06-16T23:01:24+02:00
nimbus:consensus:PR#2634,nimbus,e799f90a0f492592a3cb70a47b44e9b236e5a212,2021-06-11T08:35:34+02:00,2021-06-11T08:35:34+02:00
nimbus:consensus:PR#2495,nimbus,276d3096da8b2f09f098daf32a39db4a8187da42,2021-04-12T22:25:09+02:00,2021-04-13T17:46:42+02:00
nimbus:consensus:PR#2455,nimbus,d32a353ac2985c69dcbb0744296146e1743b9d1b,2021-03-25T19:18:44+01:00,2021-03-25T19:18:44+01:00
nimbus:consensus:PR#2392,nimbus,c0d8ecd7c3951c72880e4fd47fea1740fc1ca34f,2021-03-10T08:28:29+01:00,2021-03-10T08:28:29+01:00
nimbus:consensus:PR#2383,nimbus,d4770fc3f98c13c37a809c0b38a2839664ca6464,2021-03-05T18:43:22+01:00,2021-03-05T18:43:22+01:00
nimbus:consensus:PR#2377,nimbus,db7bcef40f2be21e248329f7efb988de8216c909,2021-03-04T17:48:05+01:00,2021-03-04T17:48:05+01:00
nimbus:consensus:PR#2374,nimbus,739cbd1d67aa029ea7d3df60032092badbe7609d,2021-03-03T10:53:08+01:00,2021-03-03T10:53:08+01:00
nimbus:consensus:PR#2371,nimbus,166c09714266cd9c6902c7486b045ff42bcb2b8c,2021-03-02T18:09:08+01:00,2021-03-02T18:09:08+01:00
nimbus:consensus:PR#2353,nimbus,e535a0dba37de0efed2e5130f4ff32b53d3a0ad8,2021-02-23T20:39:10+01:00,2021-03-14T20:19:45+01:00
nimbus:consensus:PR#2343,nimbus,6284f2cf8c99e21a1ddb3054f98a1e726a3b9564,2021-02-19T10:32:28+01:00,2021-02-19T10:32:28+01:00
378486f67cd69bd6,nimbus,afbaa36ef7ee8f4f718b6894d1998fdbc9c3bb1f,2020-12-22T10:05:36+01:00,2020-12-22T10:05:36+01:00
nimbus:consensus:PR#2188,nimbus,dec276cfcbb68519d08df93d22931b50cd5812e5,2020-12-16T11:37:50+01:00,2020-12-16T11:37:50+01:00
nimbus:consensus:PR#2032,nimbus,ec3a255ea0fa5af2ebf6c6013464fdf281c6d812,2020-11-17T16:02:15+01:00,2020-11-17T16:02:15+01:00
nimbus:consensus:PR#1995,nimbus,6dcf5077b9b27d6e3ec3e83fdf7b581601695591,2020-11-11T14:30:29+01:00,2020-11-13T22:19:50+01:00
nimbus:consensus:PR#1810,nimbus,12133b1d4f3984399c14449700c32cde71494def,2020-10-05T16:07:32+03:00,2020-10-05T16:07:32+03:00
nimbus:consensus:PR#1791,nimbus,ee114deb82a8729d8650977f077587a6b586af5d,2020-10-01T19:05:22Z,2020-10-01T21:05:22+02:00
nimbus:consensus:PR#1776,nimbus,3ba911e16864eb69f88ae958418ea9a325a44b09,2020-09-29T14:18:08+02:00,2020-09-29T14:18:08+02:00
nimbus:consensus:PR#1566,nimbus,9116532f0503013163f33697b995c6f38e4a2fde,2020-08-25T15:33:08+02:00,2020-08-25T15:33:08+02:00
nimbus:consensus:PR#1550,nimbus,2c275ed8a4775c7a58c382c389d6eb7334463adb,2020-08-21T15:34:14+02:00,2020-08-21T15:34:14+02:00
nimbus:consensus:PR#1325,nimbus,42869e5dacb9c868f1e5566fc1691dafd92c66f3,2020-07-15T10:53:18+02:00,2020-07-15T10:53:18+02:00
nimbus:consensus:PR#1285,nimbus,48ffe894b509ef5c7432870e4a54ed2f9347280a,2020-07-07T00:11:56+03:00,2020-07-07T00:11:56+03:00
nimbus:consensus:PR#1223,nimbus,c1f910ddf061b4dabdcc8cefac26b1136241416a,2020-06-24T15:15:23+02:00,2020-06-24T15:15:23+02:00
nimbus:consensus:PR#1213,nimbus,35f21feab228fd75347b8b3c29e60276cfaa60c1,2020-06-23T12:11:39+02:00,2020-06-23T12:11:39+02:00
nimbus:consensus:PR#1181,nimbus,a7a755abfd0fc3faf6eeae957d5daf27eef4c5c6,2020-06-16T07:46:25+02:00,2020-06-16T07:46:25+02:00
nimbus:consensus:PR#1154,nimbus,630924ab78fde3dab6a1634b140ed90a55b6708b,2020-06-09T21:41:55+02:00,2020-06-09T23:15:32+02:00
nimbus:consensus:PR#1018,nimbus,c299dcdaf4ed21617edd1d57f18efb3aa676bfc8,2020-05-14T15:25:14+02:00,2020-05-14T15:25:14+02:00
nimbus:consensus:PR#1013,nimbus,b6d407f90a58d8c8e6242bd3bba5abf15931d236,2020-05-13T09:17:35+02:00,2020-05-13T09:17:35+02:00
nimbus:consensus:PR#1011,nimbus,a58d45b7378074012752d8195e1f5cb055fd40f6,2020-05-12T20:20:24+02:00,2020-05-12T20:20:24+02:00
d02d4547c9abc2f9,nimbus,ba1d7e2ed40e663833c25029b7921d97e266fcc0,2020-05-12T16:26:58Z,2020-05-12T16:26:58Z
nimbus:consensus:PR#1005,nimbus,5e35175affd5de7a6a2657d181cebe3ef3bdadc3,2020-05-11T17:36:10+02:00,2020-05-11T17:36:10+02:00
nimbus:consensus:PR#990,nimbus,0b001ad21f54259bc25e751bd05d239e43ea3282,2020-05-09T12:03:08Z,2020-05-09T12:03:08Z
nimbus:consensus:PR#930,nimbus,d2dc24242c9fbff11db11cde35b9673c2e4369be,2020-04-24T13:36:00+02:00,2020-04-26T17:08:30+02:00
nimbus:consensus:PR#925,nimbus,6256d0fc955cd17cb6a8f3bb9b34c7cad201a0df,2020-04-23T11:35:22+02:00,2020-04-23T11:35:22+02:00
b89b66ccf953baca,nimbus,233661d7dd68377d763f90757b563d6edc927587,2020-04-23T18:35:42+03:00,2020-04-23T18:35:42+03:00
ad84bf1a7cd04840,nimbus,fa3aec0c91122548801cb5449404e97015d0d991,2020-03-11T10:07:39+01:00,2020-03-11T10:07:39+01:00
nimbus:consensus:PR#695,nimbus,7140b3ae40bb1976f3836e3baa5f9cc92ab80215,2020-01-29T02:40:27+02:00,2020-01-29T02:43:15+02:00
75def11ca800de4c,nimbus,95437e103a4be5540a6ee80afce7bdb6d3c37140,2020-01-22T13:59:54+01:00,2020-01-22T19:45:38+02:00
nimbus:consensus:PR#574,nimbus,93f05fcf50988006e746e544b4e99ff9a73592ba,2019-11-21T12:56:41+01:00,2019-11-21T12:56:41+01:00
nimbus:consensus:PR#543,nimbus,b562e1e1aea553529c37b2dea6a772b5e805d069,2019-11-12T23:39:24Z,2019-11-12T23:42:35Z
nimbus:consensus:PR#461,nimbus,0b921e812ad06f169e9c725d488594bc12c6b069,2019-09-27T19:53:02+03:00,2019-09-27T19:53:02+03:00
427f665e6c3a2695,nimbus,39b55fac53479d56fed94d7167ce3681e058266d,2019-09-13T10:59:49-07:00,2019-09-13T10:59:49-07:00
nimbus:consensus:PR#375,nimbus,64e93636057dde88aeeb8c5739285fa2e442b85c,2019-09-03T17:22:37+02:00,2019-09-03T17:22:37+02:00
nimbus:consensus:PR#159,nimbus,a0272c781ccfbfe822415160031dcae05241e119,2019-03-08T09:33:46-08:00,2019-03-08T09:33:46-08:00
nimbus:consensus:PR#149,nimbus,5f2f5703ec4d6ae6dfafe54421e727e9b70ca33d,2019-03-01T11:51:14-08:00,2019-03-01T11:51:14-08:00
nimbus:consensus:PR#138,nimbus,c1f9c07ff4ea5c979777c691dbc3ce654d19d080,2019-02-27T03:21:47+01:00,2019-02-27T03:50:44+01:00
nimbus:consensus:PR#108,nimbus,d5e127d5ba8b31dbdfcb60242640009bb3838c19,2019-02-12T18:18:13+01:00,2019-02-12T18:18:13+01:00
nimbus:consensus:PR#7,nimbus,22e579594b8a1abeaab517c45a2267ed2b5c987b,2018-10-05T07:52:44-06:00,2018-10-05T07:59:02-06:00
38e9cc1399373c89,nimbus,be2ad06b89074e0094637de24a49d641e031f39e,2026-02-10T00:14:17Z,2026-02-10T00:14:17Z
8f89e36f53137ec1,nimbus,5a6d3ec977cb0e5ccb2b5c05adebac4528094b35,2025-07-01T12:12:51+03:00,2025-07-01T12:14:36+03:00
8ea9d695fd742389,nimbus,93fa75e3576fcc4c4c641a47758bd5ed07229d96,2024-10-23T14:29:26+02:00,2024-10-23T14:29:26+02:00
d79e95bdf607ae69,nimbus,144292b8287917a88b7d364d77d8fe4a57550e6c,2024-09-20T11:58:44+03:00,2024-09-20T11:58:44+03:00
f5673059ab2baede,nimbus,a4bd5e5e08389bfae5d212fe8929e7fc36f80702,2024-05-09T14:47:42+02:00,2024-05-09T14:48:14+02:00
a547ede8f2789b98,nimbus,d37a4dd00dc394391124514257b7d0ced2b6b833,2024-04-15T20:25:45+03:00,2024-04-15T20:25:45+03:00
26271fb9361219e2,nimbus,7b5be42ddce3e513b70fe525734b2913f62a74fd,2023-09-07T22:34:57+02:00,2023-09-07T22:34:57+02:00
df841336b2fde795,nimbus,23e00cbc273e9b9a25035ac9d78f90c9c73fb5d3,2023-08-15T23:44:16+02:00,2023-08-15T23:44:16+02:00
ee64ce6a70c21853,nimbus,3360885be37d89143b7d5e511e5d5d4165391cc6,2023-04-10T11:57:25+02:00,2023-04-10T11:57:25+02:00
528764f2acc95a45,nimbus,6c0dfa7534129cba15b0bec38955e9e0a61e0cc5,2019-07-15T23:19:43+02:00,2019-07-15T23:19:43+02:00
0e317cff6099ba90,nimbus,ee610cbf34cebea24576c25bf6702de4205a260a,2023-03-14T18:54:15+02:00,2023-03-14T18:54:15+02:00
e1e26707910d1ad2,nimbus,3b7b751a2d3ba9a1dcf102eacd63c0f7649288a3,2022-11-30T13:24:13+02:00,2023-02-16T13:51:58+02:00
498f88c549b37c7c,nimbus,699f598cd0c60ea4b84efa39a7e2f4c4e324631d,2023-01-25T11:26:58+01:00,2023-01-25T11:30:00+01:00
303cca1a20612bc2,nimbus,452809a82193e1933cec7ea3f428a983ef666f20,2022-08-31T13:35:16Z,2022-08-31T13:35:16Z
b1fc0b9c73eb6da9,nimbus,2e92836506af45746e43ade35527e9721ac40614,2022-08-06T11:40:48+03:00,2022-08-06T11:40:48+03:00
8c0c58eb7d96a6ae,nimbus,63f1e8951cfb306b214b5c866f93bf1c3b96be0d,2022-05-27T23:05:36+03:00,2022-05-27T23:05:36+03:00
eefb05d417a09b19,nimbus,4a7eda1f4a3e1c2af4541feea3e2c0097142822f,2022-04-26T12:22:54+03:00,2022-04-26T12:22:54+03:00
4a1514b62c948230,nimbus,c39bccbc2110937043636f4fe731dae7d96f825c,2022-05-05T16:10:36+03:00,2022-05-09T22:55:18+03:00
7c9dca6ca3831090,nimbus,939cc6e7886fa557c4b90004c653ef3c8ecd323f,2022-02-15T00:04:02+01:00,2022-03-04T13:21:01+02:00
94f61c8313faaecd,nimbus,1efa99bf72fec7c7d2fecab764f30eaf9c24b72a,2025-03-06T02:16:01+05:30,2025-03-05T21:46:01+01:00
dbf79e282525656d,nimbus,fe96c3e993f7c88274fafa824b517747b1e198c0,2021-08-11T15:16:02+02:00,2021-08-11T15:16:02+02:00
ab8f97d248c19752,nimbus,bb7662df3a39489dfd7270d2d3ced814b62cec4e,2022-05-20T17:28:00+02:00,2022-05-20T18:28:00+03:00
5d32c47318eeb8bf,nimbus,84fe294c0023cf73584a9ff98033c3d6715bffc0,2020-10-12T16:04:21+03:00,2020-10-15T20:18:33+03:00
d947f9347a9ae4b8,nimbus,69e498dc00e1820007abacc474b5bdceedfae453,2020-10-09T23:38:06+03:00,2020-10-15T20:15:51+03:00
f50d4383c25ef633,nimbus,bb0979f232b419180f9099ba5ee582a8377a4e0c,2019-11-19T12:04:51+01:00,2019-11-19T12:04:51+01:00
a611f744cf9c6927,nimbus,61342c2449d2d4284cbe7eaf43654756d05cc883,2022-01-21T12:33:16+01:00,2022-01-21T13:33:16+02:00
c1a1414d2b40cd37,nimbus,7e55a3da9a73b1f4e8821d0ba3207322b23f2930,2026-05-22T11:46:48Z,2026-05-22T11:46:48Z
1915888a1098c7db,nimbus,49e80823638e2af33fb9aca1d79008c52b770928,2026-04-25T10:40:14Z,2026-04-25T12:40:14+02:00
1a2cd4454f50685a,nimbus,b30deb4308f846d9c5fa20ed036423a384437140,2025-12-01T13:06:15+02:00,2026-01-26T22:52:38+02:00
0702c84eec41cc4b,nimbus,086b1b855251d4528091b98136e214f2bc555cf6,2026-01-21T14:59:35+02:00,2026-01-21T12:59:35Z
092944fe3de08f60,nimbus,2b8fb6f669ad16b7fec0e52feeea6b678b2388ce,2025-09-26T10:20:23Z,2025-09-26T10:20:23Z
e23f9388f2312d0e,nimbus,8009c72e6f3501a0da0ec59a337c42b885c14fb6,2025-08-27T11:44:59+02:00,2025-08-27T11:44:59+02:00
c92079b64f47f2bf,nimbus,88725c7690f3ffdd00793beeed8345be44c4e216,2025-04-01T03:13:39+03:00,2025-04-01T00:13:39Z
48fb8a17df5b6c07,nimbus,62cbdeefc527931f5c04d6ce9969a9cd5de49820,2024-01-06T15:26:56+01:00,2024-01-06T15:26:56+01:00
1d98cdca2b0f2dd8,nimbus,996a0bdcdc76cb6aa7f9ab38d4e633f321dde823,2022-12-05T20:41:52+01:00,2022-12-05T19:41:52Z
38dfedc9818fefa1,nimbus,beaf05b8d1571d4b0e8ad6f788b36850c236f3b3,2022-06-23T06:59:37+03:00,2022-06-23T03:59:37Z
3aca39ecc91ce391,nimbus,dc749fb98b7323ee41ec3ad0713d3b1488a231d6,2022-10-05T16:29:20Z,2022-10-10T17:55:37+03:00
9e2f658081f58068,nimbus,2d3d819fd2601e87825150b7dd8ea4c179d0da00,2022-04-11T12:10:16+02:00,2022-04-11T12:10:16+02:00
a0006b5df9d44a62,nimbus,9a543e0af75a7074517f6c8c45f50218cfacbc0c,2020-10-15T20:35:00+02:00,2020-10-16T11:46:19+03:00
be2249ab749ba661,nimbus,29ee9ec81e7cbda0741ab57e9f70ff8fc1da16e3,2021-10-07T19:30:34+03:00,2021-10-07T18:30:34+02:00
6a46983d419cb1d9,nimbus,3c9d17a9d25f877bb0c35f665951d108bba40eaf,2024-01-08T17:53:29+01:00,2024-01-08T18:58:33+02:00
aaff3ef92f1f9527,nimbus,3f6834cce7b60581cfe3cdd9946e28bdc6d74176,2021-02-22T21:01:28+02:00,2021-02-22T21:05:08+02:00
2c2aadcad6e6d3e9,nimbus,883e18da812cb9c05a0c505c75b8efb3dc8b07cb,2020-11-20T10:26:27+02:00,2020-11-20T10:26:47+02:00
94ace6d6d47ca237,nimbus,d3e225c46106028861204801b819dfd134961a9e,2020-03-30T21:24:07+03:00,2020-04-03T22:04:05+03:00
ceaf70d908c36002,nimbus,894816fa0cf74eda9ebc7f5499e14175b823b347,2019-03-22T12:57:19+02:00,2019-03-22T11:57:19+01:00
6cdc5d72b1d9b9e7,nimbus,7eecbedf3e1baea72d878550dec2309560af5ecd,2021-12-17T04:05:47+01:00,2021-12-17T04:05:47+01:00
fccc19c4ad88db91,nimbus,e189c1d3cd44f72cfc9e0a66c4477efc38493886,2019-03-26T11:41:33+01:00,2019-03-26T17:35:09+02:00
c3a69b5c91468f8c,nimbus,d1f75cdfef2ba90dd2f3d3c344806fc2487fdfb0,2019-03-26T10:56:23+01:00,2019-03-26T17:35:09+02:00
f52c6d367079fbd7,nimbus,1da4192f3f787d0b4631987aef950c53795196ce,2021-10-13T12:20:18+02:00,2021-10-13T13:20:18+03:00
c63d764e341bd6b2,nimbus,5152c42c8e90eda6d79e53090f870b9779366ebf,2019-09-11T17:49:43-04:00,2019-09-27T18:58:51+03:00
9d13ac7a774ba0bb,nimbus,d1a8daec7ecc28ebd47ee6dbd641dee205e6ec40,2022-04-08T22:11:37+02:00,2022-04-08T23:11:37+03:00
66b9ba0fc4ac07b0,nimbus,2695cfa864ae8e1a91acfd7700e324b52f52b4b6,2021-03-26T07:52:01+01:00,2021-03-26T07:52:01+01:00
c4f089341e90a204,nimbus,ba84a55699f6920b350a60c84edc7fb537845129,2021-09-30T18:27:17+02:00,2021-09-30T16:27:17Z
2182bc9e6812e1e1,nimbus,1221bb66e8cc62748e169f0936204ac3b0857517,2022-07-04T20:35:33Z,2022-07-04T23:35:33+03:00
dc04a4374972f81a,nimbus,856fcea8d7337a6fefb6fb545bd92dc44fe75c0c,2023-02-07T15:53:36+01:00,2023-02-07T14:53:36Z
91f368ae2d98a87e,nimbus,2bd5d0374373fec5034d4b86df46f5a4fff193e4,2022-07-14T21:48:04+03:00,2022-07-14T21:48:04+03:00
75d906d538f08dee,nimbus,f9e0418b5bae1a8369b793a56580c7ad46f1b323,2019-03-27T14:17:01-06:00,2019-03-28T10:42:16+02:00
800130ee2388534f,nimbus,90212eed2a310920a5a8e39d9eafbd4ff672554c,2019-12-02T15:42:57+01:00,2019-12-02T15:26:42Z
77d9748a3467e281,nimbus,f0c30e31b4a8ea106c08adaa7ee28dc552ed06d6,2021-07-19T17:31:02+03:00,2021-07-19T14:31:02Z
732e5d8c144f70d1,nimbus,d16e127daff5644e9ef291b3f7b08aed7bcbd255,2020-11-26T20:23:45+01:00,2020-11-26T20:23:45+01:00
4afc7b1018bcaa26,nimbus,83f9745df196231fc36218b15e0a8768b09d8ab8,2023-02-20T12:28:56+01:00,2023-02-20T13:28:56+02:00
9792871693638130,nimbus,fb2e0ddbec3af651120e8e7b398d7a0829f82cbc,2020-05-11T20:08:52+02:00,2020-05-11T18:08:52Z
3ec9d7eaf8ddf785,nimbus,a086cf01ac852abc815037a9e69df84769cbff6b,2021-11-05T08:34:34+01:00,2021-11-05T08:34:34+01:00
9dc11da140d8d94f,nimbus,d619b539f3963fa2fdc1a733b0684d702dd827d3,2022-08-25T20:07:29+02:00,2022-08-25T20:07:29+02:00
bb432ab46ea76e16,nimbus,297e9079d47f6070e06f425e8999eb46546029c8,2019-09-03T05:12:09+02:00,2019-09-03T03:12:09Z
b3991213642872b7,nimbus,6b13cdce36a252bc7a2c094aa0ce9e93eeba439b,2021-04-02T16:36:43+02:00,2021-04-02T16:36:43+02:00
506cdbf2885aebbb,nimbus,4aed54200d4812f31477f8249c67da154094107f,2021-09-29T18:09:53+02:00,2021-09-29T18:09:53+02:00
8e0c3d1ab51bdeb5,nimbus,5b5ea2e813d2066d37b936f8394d80c64ecf58a5,2021-05-18T13:25:14+03:00,2021-05-18T12:25:14+02:00
d2b9787231a85a1d,nimbus,936440fccd3d3c4994ef88d65d4e3e75d1e94062,2020-08-10T12:58:34+02:00,2020-08-10T12:58:34+02:00
prysm:prysmaticlabs-prysm:ISSUE#9975,prysm,86c8a80a7f53b706a67d82d16b2d311baf7d4793,2022-04-08T19:36:21+05:30,2022-04-08T19:36:21+05:30
8f92ad9b607b0704,prysm,8f90e91,2021-06-10T13:59:34-05:00,2021-06-10T13:59:34-05:00
85711aaff5fe16f2,prysm,7d81ae5988b025ba0cad3f8d9b4bbbc0ec1ee4ba,2026-05-21T16:18:30+01:00,2026-05-21T16:18:30+01:00
efec48e6fb5dc57c,prysm,989c3d579b63712debe9307ef3a8be4dcf3a1708,2025-12-23T16:21:38+01:00,2025-12-23T16:21:38+01:00
95db77d6853f77e3,prysm,b520e95c694bee3100759047bf6d9625fc775e05,2026-02-04T06:55:09-08:00,2026-02-04T06:55:09-08:00
d78114cf6e8944c3,prysm,3bf467be7f8909109642195c19f087f1842c6b61,2025-10-31T09:36:15-05:00,2025-10-31T09:36:15-05:00
6cdde71211840a34,prysm,155b450df3b9dad528ab56a94d4f37dfb2fe896d,2025-07-02T15:27:33-05:00,2025-07-02T15:27:33-05:00
b7cf3f146ad9f598,prysm,57e27199bdb9b3ef1af14c3374999aba5e0788a3,2025-07-29T07:16:05-07:00,2025-07-29T14:16:05Z
1575d2d089d6d05a,prysm,e364810d7fda8a3e1c50ca78a51e1ad79a38290e,2025-09-18T15:37:59-05:00,2025-09-18T15:37:59-05:00
90c378110c2effe2,prysm,2d3b12b8abebe987f6327614dcdd72685557bcd0,2025-08-04T11:07:29-05:00,2025-08-04T11:07:29-05:00
3c83a22575420ffe,prysm,e049dcef597f10a1284033c5cab4d5c82a356afc,2025-04-22T12:48:23+08:00,2025-04-22T12:48:23+08:00
93c967242ac1383d,prysm,ab3a51db433893112624462724a5eac7a1e55ecd,2025-03-19T12:40:06-05:00,2025-03-19T12:40:18-05:00
bbd2aedb189f96eb,prysm,68a8a4a617aa6cec38a4e6efb21425b2416e7d89,2025-01-15T15:10:25-06:00,2025-01-15T15:10:25-06:00
5851b2083fb6adda,prysm,9b37bd5ba94f7bb9e52192d947aabe73602f484a,2025-01-02T15:16:07-06:00,2025-01-02T15:16:07-06:00
3af29a7ad9567c4e,prysm,bf8a6c867f2f87f073c634ecc0020c239e06bc89,2024-10-24T14:00:54-05:00,2024-10-24T14:00:54-05:00
4c5105a84847f157,prysm,59de0e6b651135b16a920d64c8b269d64a600ea0,2024-10-31T11:02:06-05:00,2024-10-31T11:02:06-05:00
72c1211e4ab135c3,prysm,4dc1bdf60dc7f0a7ceeb47e894f5fbb953b3a646,2019-11-22T04:08:58Z,2019-11-22T04:08:58Z
5f1cd81b488be4f6,prysm,8885d71,2020-02-16T19:13:03-03:00,2020-02-16T15:13:03-07:00
2a9f78577aea8562,prysm,0a2763b,2020-02-16T10:18:48-07:00,2020-02-16T10:18:48-07:00
30a3e5e264be7606,prysm,22a3bf5,2020-01-10T21:36:20Z,2020-01-10T21:36:20Z
d5c08e0a42addf71,prysm,781b7d6,2020-01-21T01:12:28+08:00,2020-01-20T17:12:28Z
ca239172a4cb817d,prysm,5cb5126,2020-03-02T08:51:07Z,2020-03-02T08:51:07Z
6ba40c02a6837b7b,prysm,11731c4,2020-01-16T22:47:55+08:00,2020-01-16T06:47:55-08:00
edfd4dadc0f75c85,prysm,b4aaa61,2020-03-06T00:20:38+03:00,2020-03-06T00:20:38+03:00
95e98f69281dbd28,prysm,7e0d050,2020-02-09T00:41:50-08:00,2020-02-09T08:41:50Z
0ce44a0311e3c0b6,prysm,0ecd83a,2020-03-06T15:38:43Z,2020-03-06T09:38:43-06:00
37af19a4e406cd3e,prysm,6bc70e2,2020-03-27T23:25:49-07:00,2020-03-28T06:25:49Z
329a56e7e54e28ed,prysm,3377472,2020-04-18T19:32:53-07:00,2020-04-19T02:32:53Z
e0da670f378bce34,prysm,3a295fb,2020-04-30T15:57:49+08:00,2020-04-30T07:57:49Z
14128f1f55de75d0,prysm,140aff4,2020-05-04T13:15:33+03:00,2020-05-04T10:15:33Z
a04325e1301e992d,prysm,2fb4855,2020-06-11T12:38:03-05:00,2020-06-11T17:38:03Z
de9fc22bd42f2765,prysm,9d8420b,2020-06-15T12:22:29+08:00,2020-06-15T04:22:29Z
105ea9d5165974f2,prysm,d454523,2020-06-19T17:27:23-07:00,2020-06-20T00:27:23Z
fef7b6f4b9b22b64,prysm,b099cab,2020-07-13T18:51:07-07:00,2020-07-14T01:51:07Z
5d1918e0be9ba836,prysm,edc9fcd,2020-07-31T02:42:22+08:00,2020-07-30T18:42:22Z
f2056e608b0e083c,prysm,1f9d155,2020-08-04T18:23:15-05:00,2020-08-04T23:23:15Z
1ff521ae63276e86,prysm,bc883aa,2020-08-04T15:53:34-07:00,2020-08-04T15:53:34-07:00
ddcd386cd78ecadb,prysm,0d6fb72,2020-08-04T22:50:23+03:00,2020-08-04T19:50:23Z
2c2498dc5f7e687c,prysm,c0c34f3,2020-09-26T05:13:56-05:00,2020-09-26T10:13:56Z
e808a375251c28e9,prysm,1eee194,2020-10-02T11:33:45-07:00,2020-10-02T11:33:45-07:00
92eee0e5315389b2,prysm,e54ac48,2020-10-22T18:31:52-05:00,2020-10-22T23:31:52Z
ad171cbdeca010ce,prysm,7e2112b,2020-10-23T14:43:48+02:00,2020-10-23T12:43:48Z
f3d0da19798b5bf6,prysm,2d4bfbb,2020-10-29T16:38:47-05:00,2020-10-29T16:38:47-05:00
ba23c142d5835082,prysm,0b5db9d,2020-11-02T12:50:55-06:00,2020-11-02T18:50:55Z
aaf8006388c1560a,prysm,c3fc409,2020-11-20T15:09:02-08:00,2020-11-20T23:09:02Z
bb52a07ea3fd2881,prysm,7449eba,2020-11-16T16:26:04-06:00,2020-11-16T22:26:04Z
e5ee560d87015f65,prysm,987205a,2020-11-25T09:38:35-08:00,2020-11-25T17:38:35Z
2ae38be864428aae,prysm,fbbdd94,2020-12-07T12:16:23+02:00,2020-12-07T10:16:23Z
c5a489e74fffd825,prysm,630d573,2020-12-14T15:39:26-06:00,2020-12-14T21:39:26Z
93391838b77db4b3,prysm,bf673ec,2021-01-04T09:28:00-08:00,2021-01-04T17:28:00Z
bbf04f0b9e777489,prysm,fa20843,2021-03-12T00:16:40+03:00,2021-03-11T21:16:40Z
bea4aaee76fa4659,prysm,45911212beb0953f1f10789c4fc84e1fea31c225,2021-05-06T16:13:02-05:00,2021-05-06T16:13:02-05:00
ae7dcd7393f6dfae,prysm,40ee92bd9cb002d578e54305ce2cad376a2fd21d,2021-05-21T08:49:02-05:00,2021-05-21T08:49:02-05:00
4e4bed0ab2a252ac,prysm,503ec12,2021-05-24T14:52:33+08:00,2021-05-24T06:52:33Z
4b143b5785d3028b,prysm,c57c884c88d68706912638cf7cbb71c053978c13,2021-10-14T16:32:15-05:00,2021-10-14T16:32:15-05:00
0da5d30897c956de,prysm,8d352623aa7faebce68947563559c145a2c98f7f,2021-11-12T15:28:25Z,2021-11-12T15:28:25Z
61bd664022518ead,prysm,d2a3554082bb063cd32f6c849b3485042a487095,2021-12-09T14:22:13-05:00,2021-12-09T14:22:13-05:00
659904fc20a8f0f4,prysm,6cbef82eed524836ab30c70fbce1a17ba649ff36,2022-03-24T18:32:44Z,2022-03-24T18:32:44Z
fbaf6b405014e59b,prysm,496b9bc10697508453a9edf1f4409a28859926b3,2022-05-27T15:08:16+02:00,2022-05-27T15:08:16+02:00
115200829e7843c4,prysm,3e7f057a5890c80a1d994c6930c18199db3979c1,2022-05-27T23:49:17+02:00,2022-05-27T23:49:17+02:00
4d01ea629d36110a,prysm,64f4268ab810c6fdd0088eca0a9f040dd08c8738,2022-06-27T13:34:42Z,2022-06-27T13:34:42Z
e58cc3061afafb1d,prysm,0fa2d85d9a44fa8c04612a84bfd158f60c9f3f06,2022-10-05T11:24:35+03:00,2022-10-05T11:24:35+03:00
928a838f8935af39,prysm,136146f724ffd66a1e36a9c2004f32d45f18b390,2023-02-14T13:26:08+08:00,2023-02-14T13:26:08+08:00
d95ab1548a2accd8,prysm,184f3fa66cd73956bec6b8ffd37b73402178bd3f,2023-04-14T13:05:28+08:00,2023-04-14T13:05:28+08:00
a1720f055787e9ef,prysm,8f444ff5703d076403ef94cca44f77c50eadcdbc,2023-05-07T00:42:19-04:00,2023-05-07T00:42:19-04:00
ca155b76151ee92b,prysm,804eec3228e73655545495a05a48efb4b7440cb7,2023-05-25T17:24:31+08:00,2023-05-25T17:24:31+08:00
78c21736dc3d8a2c,prysm,fe37cc01769fd569965b9b36efecf0a203f96a5f,2024-03-07T13:00:23+01:00,2024-03-07T13:02:16+01:00
819d71cbe3ccff2f,prysm,9089ce55dfcd234b7a9ca2b2ca6dc1d86cd6daa2,2024-05-31T09:22:53-05:00,2024-05-31T09:22:53-05:00
0416b0c4a7e1630c,prysm,87f48d7975e501a70a502a0d721e3fbbccb130c5,2024-07-30T16:02:59-05:00,2024-07-30T16:02:59-05:00
reth:paradigmxyz-reth:PR#9350,reth,d124f975f6e446038c5fd188d0f02780796f3d5f,2024-07-06T19:42:18+02:00,2024-07-06T19:42:18+02:00
reth:paradigmxyz-reth:PR#18712,reth,d4ea66356ef513a84764d060f574d5b0027a1b5e,2025-09-25T20:36:00+02:00,2025-09-25T20:36:00+02:00
913f5fb4d5500e36,reth,473e172ac4cd9bc160708c6fb1bacf44a2eab355,2024-11-07T13:37:40+01:00,2024-11-07T13:37:40+01:00
reth:paradigmxyz-reth:PR#7685,reth,a4525ea457725eb724231e18d4427d704350220a,2024-04-16T15:39:25-04:00,2024-04-16T15:39:25-04:00
reth:paradigmxyz-reth:PR#23561,reth,ee7fff881ebf0d04d0deb600f304718fbe9c40f0,2026-04-16T02:04:45+08:00,2026-04-16T02:04:45+08:00
reth:paradigmxyz-reth:PR#23331,reth,31a548401a4500fe35865d971086942f55fe8edc,2026-04-01T17:19:59+02:00,2026-04-01T17:19:59+02:00
1f42e85906a33090,reth,80094e1bda876c3f45895af84fa37498ea1c2fe3,2026-03-25T14:12:19+07:00,2026-03-25T07:12:19Z
reth:paradigmxyz-reth:PR#22993,reth,e399c093c720a6fb95edd5e07f51022e1694c79b,2026-03-12T13:19:16+01:00,2026-03-12T13:19:16+01:00
reth:paradigmxyz-reth:PR#22386,reth,f675f442a70c0391884decc56bab3b40dfbe9e61,2026-02-20T02:23:47+04:00,2026-02-20T02:23:47+04:00
reth:paradigmxyz-reth:PR#21275,reth,a8f6ebb9748ca210a09133e8e0256056bc9b2281,2026-01-21T21:53:00+01:00,2026-01-21T21:53:24+01:00
b67c4eb1f8cd5190,reth,2352158b3dc60cf8f7ce8522984fd57669d38b98,2026-01-29T01:35:19+01:00,2026-01-29T00:35:19Z
reth:paradigmxyz-reth:PR#18502,reth,c11e394c20bc767e42914f81b2a7847619a38ab4,2025-09-16T22:44:30+03:00,2025-09-16T22:44:30+03:00
9e4374f01721132b,reth,661400e857b03b562bfb12ca42d82635c5864a93,2025-10-02T12:45:36+03:00,2025-10-02T09:45:36Z
reth:paradigmxyz-reth:PR#18602,reth,7083e08bb99fc1d94ddd9dc42e33c65dd6936570,2025-09-23T13:16:23+08:00,2025-09-23T13:16:23+08:00
reth:paradigmxyz-reth:PR#18570,reth,82560e4b626a5dbd3e6f879f452392519a098a5e,2025-09-19T12:21:24+02:00,2025-09-19T12:22:52+02:00
1b089477cc6f45c4,reth,6c188475fc8bd0159b8a82ce940f33ba1909f2a1,2025-05-14T11:41:55+01:00,2025-05-14T10:41:55Z
reth:paradigmxyz-reth:PR#16013,reth,c4b6a1fefb866e6227b828a2e6fff6bb316152b9,2025-04-30T18:54:18+01:00,2025-04-30T18:54:18+01:00
reth:paradigmxyz-reth:PR#13841,reth,4567a2506556ae06bb662c653dd4773cd13eca40,2025-01-17T12:08:17Z,2025-01-17T12:08:17Z
reth:paradigmxyz-reth:PR#12407,reth,9a8ee72744175ea9caa9bfe5a6c86640ed052bac,2024-11-08T14:02:06+01:00,2024-11-08T14:32:31+01:00
reth:paradigmxyz-reth:PR#10824,reth,60c0f1b26bf1f492bfa94ee3e7ee18116a839b46,2024-09-11T09:15:57+02:00,2024-09-11T09:15:57+02:00
reth:paradigmxyz-reth:PR#10838,reth,f389d367f7df86beea1ccd420f2d4bd374da7520,2024-09-11T13:22:34+01:00,2024-09-11T13:22:34+01:00
reth:paradigmxyz-reth:PR#9626,reth,7c0df4f495ea08f1c4d7866b642e6d667bc61c8a,2024-07-18T20:29:58+02:00,2024-07-18T20:31:03+02:00
reth:paradigmxyz-reth:PR#9630,reth,39399bbae3c75d6fccd5733f608e171e3340a15b,2024-07-18T19:55:51+01:00,2024-07-18T19:55:51+01:00
reth:paradigmxyz-reth:PR#9087,reth,34ed80773045873bc2ef3eba43a5c3e213285b42,2024-06-25T14:18:11+02:00,2024-06-25T14:18:11+02:00
reth:paradigmxyz-reth:PR#8725,reth,f0e746f7fbd82c9a92a76da8f04ff961c2ec6459,2024-06-10T19:05:15+02:00,2024-06-10T19:05:15+02:00
reth:paradigmxyz-reth:PR#7834,reth,1eeed4ad8aa8ae40d648a4680e22e41c9d05d0d9,2024-04-24T00:20:34+02:00,2024-04-24T00:24:48+02:00
reth:paradigmxyz-reth:PR#7436,reth,41850a2428b5c97eab3a5ecce91f5809e9fe4d11,2024-04-03T14:26:15+02:00,2024-04-03T14:26:15+02:00
reth:paradigmxyz-reth:PR#7171,reth,8d354fca860a66bef6e9baa85f0441efdba3ff5b,2024-03-15T19:03:13-04:00,2024-03-15T19:03:13-04:00
reth:paradigmxyz-reth:PR#5425,reth,19814ce673139159a248727d9ed784b4272bdbf8,2023-11-14T18:27:24+02:00,2023-11-14T18:27:24+02:00
reth:paradigmxyz-reth:PR#4561,reth,b00ee73e09880d4d7f0669dcc366eb5907f5a798,2023-09-11T20:40:07-04:00,2023-09-11T20:40:07-04:00
reth:paradigmxyz-reth:PR#3279,reth,d63c634fb72b8c73cb7e9d214ddf5ee8b1d32ce5,2023-06-20T18:32:21+02:00,2023-06-20T18:32:21+02:00
reth:paradigmxyz-reth:PR#3255,reth,e62e726b2ab0d84d7f223a28053cfa5b9a5d96ea,2023-06-20T00:29:12+02:00,2023-06-20T00:37:06+02:00
reth:paradigmxyz-reth:PR#3216,reth,fa3ca8608cd68f5f559b2249d9d6531a728fdc00,2023-06-17T15:41:20+02:00,2023-06-17T15:57:44+02:00
reth:paradigmxyz-reth:PR#2578,reth,81efcf45bd12d027b193544cd1a49c15e613f518,2023-05-05T15:10:10+02:00,2023-05-05T15:10:10+02:00
reth:paradigmxyz-reth:PR#2628,reth,1b8fc85b41ac1e3263996dc9cedb21991d1172af,2023-05-10T17:41:47-04:00,2023-05-10T17:41:47-04:00
reth:paradigmxyz-reth:PR#2035,reth,3c66eb66c9c57d038acdbb05326ae946e0d780ec,2023-03-30T13:47:05+02:00,2023-03-30T13:47:05+02:00
reth:paradigmxyz-reth:PR#1856,reth,debf10f1f1f4d439ac742324056600037d03ec07,2023-03-20T10:03:07+01:00,2023-03-20T10:03:07+01:00
reth:paradigmxyz-reth:PR#22373,reth,6ee6fdb5e4a68fc9b7b6cdaf7ad8d09a3665ad81,2026-02-19T11:54:13Z,2026-02-19T11:54:13Z
a9523c8698f55736,reth,decb56fae1c9e056548cd4d9f81744f14cae87d8,2026-01-23T19:28:10Z,2026-01-23T19:28:10Z
reth:paradigmxyz-reth:PR#7633,reth,812768eebb1320070d66ea26443b054d8020b6e6,2024-04-14T13:03:25+08:00,2024-04-14T13:03:25+08:00
reth:paradigmxyz-reth:PR#17823,reth,d2811c2343ea687a767f9c72583920729018f4cd,2025-08-12T16:07:03+02:00,2025-08-12T16:07:03+02:00
4bac0c943ac6fe4e,reth,10eb1e8b3fae32c452fc95e51585be7baf15be08,2024-10-09T02:10:23+09:00,2024-10-08T17:10:23Z
reth:paradigmxyz-reth:PR#7448,reth,e3e477fcb40882ad0d7855c07f33c2f54a370b7d,2024-04-03T19:30:34+02:00,2024-04-03T19:30:34+02:00
reth:paradigmxyz-reth:PR#7317,reth,80458ba09751e6a8a844336d6567297263a80cd5,2024-03-24T13:20:40+01:00,2024-03-24T13:20:40+01:00
reth:paradigmxyz-reth:PR#6923,reth,13ec9eedb48502060866076f929249a28b955acc,2024-03-01T21:33:35+01:00,2024-03-01T21:33:35+01:00
reth:paradigmxyz-reth:PR#6653,reth,b56f9161d8441095d59b6f56f0c85ba02d45002a,2024-02-18T14:45:37+01:00,2024-02-18T14:45:37+01:00
reth:paradigmxyz-reth:PR#6669,reth,8c3a83d8506da4291d1f56d9ab01b31e2b436149,2024-02-19T12:56:01+01:00,2024-02-19T12:56:01+01:00
reth:paradigmxyz-reth:PR#2729,reth,d91b5e8cd70d04af14c46a421c20622510b2c3b7,2023-05-18T14:56:15+02:00,2023-05-18T14:56:15+02:00
reth:paradigmxyz-reth:PR#3043,reth,c26f83ece9518d527d0dc64820cfe57c4b1f2280,2023-06-07T00:28:51+02:00,2023-06-07T00:28:51+02:00
reth:paradigmxyz-reth:PR#2730,reth,c3150a6b8b71e4da3b9b7323d8641a18183f929a,2023-05-18T15:15:44+02:00,2023-05-18T15:15:44+02:00
b1a6e88b2f095f12,reth,d9a938e56da363b53b0d2632573b2a7095d782f5,2026-05-20T17:09:19+02:00,2026-05-20T17:09:19+02:00
f960a5728e79e59b,reth,7c6ecd6712025eb2548d3c7d5b7486bb19c25235,2026-01-20T12:33:08+01:00,2026-01-20T12:33:08+01:00
736ffabf2da18afb,reth,a4ba294fa5c6a6158a0c993ee453afcb4e57197c,2024-07-06T19:56:16+02:00,2024-07-06T17:56:16Z
e71b607084e34803,reth,aa192c255b53335ba509987c82ab26e79e954195,2025-09-25T22:08:00+02:00,2025-09-25T20:08:00Z
284d6d80e0a96482,reth,bb67c40d56870c9e5311ff78805c2224612c3c08,2024-04-16T15:50:12-04:00,2024-04-16T19:50:12Z
6d42341f8358473d,reth,6e4009eed404816b3d33c2869e2022189af17df7,2026-04-15T15:23:33-04:00,2026-04-15T19:23:33Z
1bd307d91d9afbbf,reth,357188f91817691d123d777a101df87820443623,2026-04-01T17:32:45+02:00,2026-04-01T17:32:45+02:00
8bb19731169353e0,reth,b6bcd7e6bda28c4d5798f7535e7bab499aebbc2f,2026-02-20T02:32:02+04:00,2026-02-19T22:32:02Z
b168010a2ddcb6dc,reth,72e1467ba3a6ea2396c49902793e7de3845faf41,2026-01-21T21:21:53Z,2026-01-21T21:21:53Z
3c4844cd1e94dfaa,reth,1589f0f68482ed02ba955f532d4e8fb696d5a634,2026-03-12T13:30:25+01:00,2026-03-12T12:30:25Z
2c4c0d090460c038,reth,f07d9248b923261ceff3547edaf420c000353214,2025-09-24T23:37:14+12:00,2025-09-24T11:37:14Z
c9b105b329dcb63d,reth,5bc507bfafe39f7691a68e51e41ab9c05b9fc86e,2025-09-19T11:37:50+01:00,2025-09-19T10:37:50Z
9ea55f87b1419131,reth,c45817c1f21b13368f75ffb1058dd1457d380f9f,2025-09-16T23:39:33+03:00,2025-09-16T20:39:33Z
1667a6f04affcf89,reth,1d17787a3c9a4736a7a985fa3a7514f2b7a4a5fb,2025-05-02T07:27:02+01:00,2025-05-02T06:27:02Z
fce188401d6a16ff,reth,d9ef7f6df6cc63dee0211fcf38411a67c9ee2d73,2025-01-17T12:42:03Z,2025-01-17T12:42:03Z
a21fa4e3d9f0e9ba,reth,86230d99624fc8c9ef81c6e6b340b9a8c39beead,2024-11-08T15:50:57+01:00,2024-11-08T15:50:57+01:00
2e5fe21756babc61,reth,b3f87ec20a5fa9bf7ba7556ff1c7c361f55db8b1,2024-09-11T09:58:12+02:00,2024-09-11T09:58:12+02:00
297988a88cc56e32,reth,265e92685d9c2ae133f47b82650bef18012170f4,2024-09-11T13:35:10+01:00,2024-09-11T12:35:10Z
b6075bb2f18a0b30,reth,fbef7f3f74ae20d3266e62323efb5b42c9197ad6,2024-07-18T20:42:59+02:00,2024-07-18T18:42:59Z
13d31a48f96f7473,reth,c3cae954313524ede09854af02132266601d56b1,2024-06-25T14:30:47+02:00,2024-06-25T12:30:47Z
376d1f1d68e07102,reth,820d3da2f68de10a5280f2fa771734abd7bae835,2024-07-18T20:13:37+01:00,2024-07-18T19:13:37Z
8ab2b3b9861329ee,reth,22e18ac2d9935511e1de20c361d5c385ffef1a6c,2024-06-10T22:02:41+02:00,2024-06-10T20:02:41Z
370e7da304674444,reth,86980836b8cc7e36ecf47400485f544cd2ffe2eb,2024-04-24T00:37:24+02:00,2024-04-23T22:37:24Z
e640d20ddfbcf5cd,reth,82ec589dee7134e55cebc471d15749b6d43abf32,2024-03-16T03:33:26-04:00,2024-03-16T07:33:26Z
ff039de26abb705e,reth,7cb05d58294531bbb564554e0f381484f1790a14,2024-04-03T14:35:13+02:00,2024-04-03T12:35:13Z
ad469291b199103b,reth,0520c62bb6c7873e0dc7ea3ebabe66a0d371a9b4,2024-01-04T17:59:19Z,2024-01-04T17:59:19Z
9b78ec74cf2fdd7f,reth,fd392ba0b90a1fe16311782b0a2ef74e411b77ec,2023-11-14T11:31:24-08:00,2023-11-14T19:31:24Z
8f9cda8016964759,reth,e78d2fc0b0df1b700ae5db2843592bb47bb38224,2023-06-20T19:05:39+02:00,2023-06-20T17:05:39Z
83bea7bcdfb018ab,reth,729d4ad30f1d2a7e81683a94510b22935922f7fb,2023-06-20T01:22:18+02:00,2023-06-19T23:22:18Z
01788bfe08a8cf19,reth,a8be68a82c20ecf6b50ea66d8a706a3493c9bce0,2023-06-17T19:15:00+02:00,2023-06-17T17:15:00Z
90cb7a8bbeade525,reth,a00ba2ad7b9a7262affda5d071b704d48eacb0c1,2023-05-05T17:05:46+02:00,2023-05-05T08:05:46-07:00
efac1b12a898df0e,reth,f633a5d7619577917ce24bd2b7066ae02db487a1,2023-03-31T16:32:29+02:00,2023-03-31T16:32:29+02:00
f3fffa10e405c4f9,reth,58a4a8ea86bdf7e1e1f61231ded42e94c2887ff4,2023-05-10T18:02:41-04:00,2023-05-11T00:02:41+02:00
c4ea06b97840fe71,reth,1891e13d301e8c00e4409bfe18a1ed9692d06952,2023-03-20T11:44:06+01:00,2023-03-20T11:44:06+01:00
9d089e1141c5245e,reth,6552a3a9abd6e89af0d946dea0d25a7ac105bb9b,2026-02-19T12:04:22Z,2026-02-19T12:04:22Z
f16a716747bae086,reth,aa32f7bfa34b48d5be59015fd522761475f8a2e7,2024-04-14T13:22:23+08:00,2024-04-14T05:22:23Z
6d9fee1beb84dc14,reth,772d92056da6ddb40a0ed86f18aeea7aed06d1f6,2025-08-12T17:03:38+02:00,2025-08-12T15:03:38Z
a4f669ec3e0b4741,reth,57ee0c31bebca57d5b964beb466328e0ccab7ca1,2024-04-03T21:27:32+02:00,2024-04-03T19:27:32Z
b8a96f34e6c003a6,reth,6204ec7298212ffc7c2b3b2418bce39fa6a73e6a,2024-02-18T16:21:27+01:00,2024-02-18T15:21:27Z
547689b3ba506237,reth,a79db0f83989865eb51be4444bafdef9684d7b6c,2024-03-02T13:52:39+02:00,2024-03-02T11:52:39Z
c662053f7bc24191,reth,c72fcd4d9285d1ef36723c87246e05245156c43e,2024-02-19T13:51:46+01:00,2024-02-19T12:51:46Z
426df9514757f6ca,reth,b58cca7f9108dab01976ba499cf8e70ff2e0085d,2024-03-25T12:19:19+01:00,2024-03-25T11:19:19Z
4705715631bb834b,reth,170a606f77f6aa761560262b3906308ef4ab11a0,2023-05-18T15:14:27+02:00,2023-05-18T15:14:27+02:00
72f00a31e05f34d1,reth,ebdfa2522a15c0302e031020284473dd2d370f2f,2023-05-18T15:39:26+02:00,2023-05-18T15:39:26+02:00
637407375b525852,reth,d4b9ab0d054979c2f08f6cb710e81b2172b3368c,2023-06-07T00:34:30+02:00,2023-06-06T15:34:30-07:00
e3e4318ea8f20699,reth,b062e0abe268d097b7db086aad93ef1d112ba51f,2023-09-14T15:29:31+02:00,2023-09-14T15:29:31+02:00
4773ad178a1b0415,reth,1edefb7879cf5baad91133842663abc334b27038,2024-02-27T12:56:10+01:00,2024-02-27T12:56:10+01:00
03b5ac5d46961469,reth,b5f14ecd2a3003955120d2c78a0be7973189d907,2024-03-06T05:43:01+01:00,2024-03-06T05:43:01+01:00
84925f14d714e2ec,reth,bbc95b7b187c7c3004ee7c0b342397261f726979,2024-02-29T16:53:09-05:00,2024-02-29T16:53:09-05:00
57383b68d8c09c37,reth,83d37b8f7944e847500c69223c3aa64189c1d7dd,2026-03-04T16:54:33+01:00,2026-03-04T16:54:33+01:00
ad930876404789db,reth,54500bbde4766679834a783a9cc5db8c55df3281,2026-03-24T12:33:08+01:00,2026-03-24T12:33:08+01:00
4e95a4d377f5aca5,reth,0471a2b70a38f3036df686b8c524aca0aec7ad69,2026-05-05T15:53:16+04:00,2026-05-05T15:53:16+04:00
57bbd7eb19b9cc12,reth,6dfec9be15ba35e41c9eb251cee0de1053e28bd8,2026-03-18T15:12:52+01:00,2026-03-18T15:12:52+01:00
eabf7b6907069ee6,reth,f09798820c077812823d2d5b7f4012a918b6d42d,2026-01-23T16:26:00Z,2026-01-23T16:26:00Z
fd4457ce016749ae,reth,f0c8ca11f21a01b4392118133f1e8379da8a6e10,2026-01-22T11:04:44+01:00,2026-01-22T11:06:48+01:00
d7afff81ef960e48,reth,b36317dd072f241f0890cd5d1b7d8af3e7f65360,2026-02-12T19:20:02Z,2026-02-12T19:20:02Z
4c8e0e78706f0af3,reth,15e2773c7d7505bc5c0928b8b484ed15ca47e5b2,2026-02-17T13:19:56Z,2026-02-17T13:19:56Z
51d849b28835e7e2,reth,8b43f0a38369662156c0c43d3b9286991c5aa764,2026-01-28T11:33:00+01:00,2026-01-28T11:33:00+01:00
ac0e4f94ff9a09d8,reth,cd53ca3e2d1b0e7bdec7fad98b41779444949266,2026-01-12T19:39:08+01:00,2026-01-12T19:39:08+01:00
eafa7484b13ae974,reth,e7945056f2d29f695e59610099442d137804e844,2025-11-06T16:53:47+02:00,2025-11-06T16:53:47+02:00
bcfb807cc800693c,reth,382eb89e291e31b4ad6e97536da5d171250b885e,2025-09-26T19:38:13+02:00,2025-09-26T19:38:13+02:00
2a5478a353c23b93,reth,3e1b900591a0cb694f276a241b96d12d4d15e2ea,2025-08-17T05:31:49+08:00,2025-08-17T06:01:23+08:00
310520365094e1d2,reth,451d93e6f90589114f21b285600511f142c4de3d,2025-08-14T06:16:47+02:00,2025-08-14T06:16:47+02:00
7a7cb27314f41d3c,reth,012576bef37eed736f83fa2bfa34477a8e4c773f,2025-08-14T12:09:31+08:00,2025-08-14T12:09:31+08:00
d2641ad80556f947,reth,e8e19936c0c432ac9bcc5b00df57f9812c59420c,2025-06-16T17:38:10-04:00,2025-06-16T17:38:18-04:00
8e8af5633fec319b,reth,cd8cc397b86960be3815166b949461bd19f2bb3a,2025-02-12T15:10:09Z,2025-02-12T15:13:43Z
a0f81c00dcb0ced6,reth,c08f475a4829f81bbca96d1a71bc7762a2394325,2025-02-05T12:45:35-05:00,2025-02-05T12:45:49-05:00
273efcd1a696e2ff,reth,3f8150d56f0803e7087c7603e952dd88add9a541,2024-11-06T23:00:55+07:00,2024-11-06T23:00:55+07:00
6b1d9e098fff4eb4,reth,a7a28ffe73d4fbf24080061ae30551de03238822,2024-09-13T20:51:11+02:00,2024-09-13T20:51:11+02:00
0826d6c86c2691dd,reth,a5f9eb62e5c3995d530820c01f020465890ff990,2024-05-06T21:08:47+02:00,2024-05-06T21:08:47+02:00
0cd53ba742ff904d,reth,c552897e9f5c4a83bfb461ff6f29485c0db4771b,2024-01-28T16:02:18Z,2024-01-28T16:02:30Z
d2dc36d520033230,reth,5b927cf09dc0be04ac6075dd7f34f96e4d8399f9,2023-06-19T17:49:36+02:00,2023-06-19T17:49:36+02:00
6db3db5cd7f91424,reth,277f40aa1debf18a8953aaa8fea520a598149c82,2023-05-09T01:45:12+02:00,2023-05-09T01:45:23+02:00
c5876665695ffeaa,reth,78582c915ca2c096aae33751135fe24132f6e07e,2023-04-05T12:09:43+02:00,2023-04-05T12:09:43+02:00
5490c4a4afef7ffa,reth,e953a623ec8c6c4c81f865cece71197346435b54,2023-02-05T13:52:53+01:00,2023-02-05T13:52:53+01:00
5aec4277020d3a40,reth,427705e16bf762a5f248e53c7e45e01d6ffa7591,2026-02-25T13:48:15+08:00,2026-02-25T13:48:15+08:00
162173301536866d,reth,29df4658e824916378aa8675278842e88ecb68b8,2026-02-06T16:27:42+01:00,2026-02-06T16:27:42+01:00
e941a37e0e58b7bc,reth,e0b4f9ab89445aa8c09855a27bb9ffacfc3c0c16,2025-10-30T15:25:17+01:00,2025-10-30T15:25:17+01:00
ec99ec75b9de5eea,reth,2917866db31adcc6481a8e72e1d432ea0f9eb4be,2025-09-30T15:15:22+02:00,2025-09-30T15:15:22+02:00
d88ddb6f16ad1d1c,reth,4e05be8e486daec848107598c17cb5034259f8f9,2025-08-18T10:50:35+08:00,2025-08-18T11:09:38+08:00
de146e84f24b9bf0,reth,dd71ce0c5d9c5fc7f572c5ea4cc9464a5d5d07f3,2025-01-31T20:16:44Z,2025-01-31T20:17:22Z
ec7dcd720574419c,reth,fba1c7c0988fa02964db175e8be2726b21736175,2024-10-08T13:58:01+02:00,2024-10-08T13:58:01+02:00
ed129bd23dc3224a,reth,8930313dd4122b0acd4d3b91faf8752b4936d766,2024-07-30T12:14:35+02:00,2024-07-30T12:14:35+02:00
e69870fec023ee85,reth,7f91b272871f8723a1532496f2b9072b396a7d20,2024-06-17T18:59:41+08:00,2024-06-17T19:10:52+08:00
4cecba9163886bd8,reth,2be43ff2282b41319bea508042ba9e7a3ee9e8cf,2024-03-28T16:12:25+01:00,2024-03-28T16:12:25+01:00
e15ff6ebcef53af5,reth,d2319c36a882319b8563ea7337b23a9a9ce5ebe9,2024-03-11T17:40:45+01:00,2024-03-11T17:40:45+01:00
4b54fedb0722a05c,reth,eae21428e4025338998d87a4c5d760d3893d910c,2024-03-06T10:22:57+01:00,2024-03-06T10:22:57+01:00
d3ed122e32924b9e,reth,f08ad5c15aa0fd979933a5c8fa240b17748225b3,2024-03-06T16:58:10+08:00,2024-03-06T16:58:10+08:00
d9935c284914f41c,reth,77965683140a9c205c51dfc5d5cf3e4bb075efa5,2023-06-04T15:53:08+02:00,2023-06-04T15:58:58+02:00
0eca5685c83ed9c6,reth,3bc88fa9f716d3250bbd40326d423034398bd76e,2023-02-14T03:42:23Z,2023-02-14T03:42:23Z
91dc52dc59b6add6,reth,5504a4051b992a1dd3a82038dcfa64b0b93c4602,2026-05-13T10:02:54+02:00,2026-05-13T10:09:00+02:00
d9c0e23ac128f752,reth,f6625dc31be5d1256f7498d8dbb5b7c0e5684b20,2026-02-17T13:02:35Z,2026-02-17T13:02:35Z
af7a76123fe7d82c,reth,2637d5587d789bc32da6d44af1b1bc96618f8fa7,2026-01-23T20:02:40Z,2026-01-23T20:02:40Z
70901050ec24770e,reth,dfb8c0f6a59add1547eee2f4c68c12abbedf8e5b,2023-07-15T13:05:17+02:00,2023-07-15T13:05:17+02:00
90a04c0ea5fff742,reth,f6e22c5db1977373913f6a37113738ad9a499ccb,2026-05-12T21:44:53+04:00,2026-05-12T21:44:53+04:00
039d2f3a43c63ca8,reth,f01ba4990c67da7a866e3e5b7b4ddc15b9b179c3,2026-04-29T00:53:55+04:00,2026-04-29T00:53:55+04:00
44b368a07e298245,reth,38ee3b2ba61a2912c3246f001dd0bdbdfb6dbcb4,2026-04-27T18:26:36+04:00,2026-04-27T18:26:36+04:00
fbcaa7583ba63b62,reth,31649d8558849c0e0d61d3d527877ed5fba8f06d,2026-02-06T11:36:10+01:00,2026-02-06T11:36:10+01:00
afc6dbcfbbafd6c4,reth,e8be5d0dc41495cee0744e20004af14fb8bfb9dc,2024-05-27T13:15:51+02:00,2024-05-27T13:15:51+02:00
cf5d7baa1b9210be,reth,ee1f0bf627ac81a708285f419d181cc772591686,2026-05-14T14:21:09+04:00,2026-05-14T14:21:09+04:00
dbe3b8d1bde05242,reth,46e4066ca82954dc59566d0b6a6e9e897ead6e4c,2026-03-23T10:33:02Z,2026-03-23T10:33:02Z
4e20daac145bd6b7,reth,53282add5642578d4bd11989814d5384baa686ce,2026-03-24T09:46:11+01:00,2026-03-24T09:46:11+01:00
36175f49b5f22280,reth,9178bf8e9aabd1d9628ea30865b1eb08c0678ed0,2026-03-12T19:02:59Z,2026-03-12T19:02:59Z
37f814c3435c4105,reth,6f51978ddd37b05132764daa300b03524a057aef,2026-01-22T18:56:23Z,2026-01-22T18:56:23Z
a22d6634f8f310f6,reth,ca24682f10e586cc7b7569f99123d9a98cb9820e,2026-02-02T01:53:45Z,2026-02-02T01:53:45Z
c2ec7e6dc0d10406,reth,c74aab6ad41afdb56e5279de19bfab517b4d75a0,2026-02-05T02:25:51Z,2026-02-05T02:35:46Z
819a04b7b5544daa,reth,4277c5475840202a646dc412131c6f2005859efb,2026-01-23T12:11:43+01:00,2026-01-23T12:11:43+01:00
56a0590f73e8d532,reth,0d523dd49dd0f74ffadf130a4c957ac5875a96db,2024-12-13T19:53:25+07:00,2024-12-13T19:53:25+07:00
f5e3f43cfa52ba2e,reth,181883c97221d4ba1eccc0c83f6e3a717a08451d,2024-02-27T15:10:53Z,2024-02-27T15:11:43Z
242c2303c48c48fb,reth,798a1ae1bb687ee6723464d444e30128dd1a248f,2023-06-15T17:16:16-04:00,2023-06-15T17:16:16-04:00
dc15607c9f200ff7,reth,14500212e0dc7f37958d52f6d56d03bf5e40ca7f,2023-05-18T13:23:49+02:00,2023-05-18T13:23:49+02:00
54c3cb526be4e6f5,reth,354687ae1bdf99a53b18c30b5b70e789bb4fe17b,2023-05-15T14:13:49-04:00,2023-05-15T14:13:49-04:00
e1c7a9d5337a1d9d,reth,82df6b00bdbee5fb3aa462f978d84556c6f95a96,2026-03-04T14:56:05Z,2026-03-04T14:56:05Z
67c0f8aff150b4b8,reth,e4faa20b4bcb02ccf79bba2618eadd8b6227a862,2025-09-15T10:01:38Z,2025-09-15T10:01:38Z
4d77736f83ae1821,reth,ab152901616b837ab02fabaf80395f94ef87c81c,2025-09-22T05:39:30Z,2025-09-22T05:39:30Z
25fd70f7b1f9fc83,reth,d9e663e3283b7e00ada6356536af924822922aa7,2024-09-30T11:28:39-04:00,2024-09-30T11:32:58-04:00
1973754b78fd6e9a,reth,4974264930605b89d66e34ec421e2593fb857511,2024-05-01T21:49:24+02:00,2024-05-01T21:49:24+02:00
1c362b9eaef9f392,reth,54f11f560029cbb9417e3d5b543fb5ebdc71213b,2023-07-31T14:26:55+02:00,2023-07-31T14:26:55+02:00
4eaf547aacfede5f,reth,b3a704a2e055b877a447b3b29e5e7a9dde96b282,2024-01-09T17:16:51-05:00,2024-01-09T17:16:51-05:00
b2b5b0122e5eff59,reth,070d83fa5bf91c1b0e962e0f43b4048f7ba3b052,2022-12-14T12:21:18+02:00,2022-12-14T12:21:18+02:00
a63de8e8e19b2b90,reth,519bf8fecaf53b85897cfabdaf0c30ebd9eae0d6,2026-06-22T21:48:45+02:00,2026-06-22T21:53:57+02:00
783e24e786c4c5d4,reth,560d4eedee6e265bf93025751082bbf8115449d8,2026-02-24T12:04:58Z,2026-02-24T12:04:58Z
78cedebee69b0490,reth,e63a401cabba0ab3683589e37d9dee5ce561e2f9,2024-05-14T23:14:41+02:00,2024-05-14T23:14:41+02:00
7dd855c1023f3c57,reth,0f4c7548700eb9512673c101a5529883404099f6,2026-04-22T04:00:05+08:00,2026-04-22T04:00:05+08:00
dcd1f39f9d14d994,reth,b2ac02651ae86635adc087be90c6359fb366343d,2026-02-24T08:14:14Z,2026-02-24T08:14:14Z
c0da36d6ac956b98,reth,1a08b07680e5ef44e00d3f137ff5f11b75cd361d,2025-09-30T13:47:50+08:00,2025-09-30T13:47:50+08:00
4e876841d4440d5d,reth,0df10661938f323624e9443df99de9d9ae9d228f,2023-07-13T19:16:19+02:00,2023-07-13T19:46:27+02:00
5a77fe83f1483b1e,reth,3cb8919cdc68301092a1f6db6435f0b8ca8ffba5,2025-11-12T12:51:07+07:00,2025-11-12T12:51:07+07:00
889da8e429fb50d7,reth,3a137a2e964de86e400b0d4d83cc752dfb827e5a,2024-02-06T11:53:41+01:00,2024-02-06T11:53:41+01:00
666b04cb29670748,reth,e76bf843beea2e9077a26188ce1063a9e2103123,2023-12-27T17:21:26+01:00,2024-01-08T17:46:27+01:00
teku:ghsa-advisory:GHSA-mwfw-vm54-g3p7,teku,a52f376b7020b8554f3b9e3e7f54c4158f9bfa6c,2021-12-10T13:54:02+10:00,2021-12-10T13:55:02+10:00
d75cec7cea97a8a3,teku,b489bd0dfc5682d1d09c01e9e3f419b29822cdd2,2023-01-16T16:35:55+13:00,2023-01-16T16:35:55+13:00
c7108fe0d5463a56,teku,d4ee0d50cdc144c91fb1e71547ed57677a91721b,2020-04-23T20:39:02+03:00,2020-04-23T20:39:02+03:00
775ea716cd54651f,teku,062cc070a000bc32d881f9275b5eb92767ec02af,2021-11-04T11:27:29+10:00,2021-11-04T11:27:29+10:00
96578da7b54aafca,teku,b0ba9f1ee277ae57c8ee448399477af76f2caa51,2021-08-18T15:31:29+10:00,2021-08-18T15:31:29+10:00
b9328bbd0a612628,teku,b91c43237fe5eae29ddcb772b1cf3688fc3e8d56,2024-09-26T16:26:42+01:00,2024-09-26T16:26:42+01:00
4d821104d536d56a,teku,23dd2a4d384ea218ed1780dc4772b186f4835c53,2022-07-13T07:43:29+10:00,2022-07-13T07:43:29+10:00
c3f774c30e5b6733,teku,7db47f8dbc6c88fc6be3b65a74807a5669f2eb81,2022-09-11T07:43:43+10:00,2022-09-11T07:43:43+10:00
9b6f7f93db170dd0,teku,2d0686aac28473d7273774ff765dd7613c295877,2022-11-02T09:51:59+10:00,2022-11-02T09:51:59+10:00
33fab462128f6d5b,teku,078488c420aab7a2813539288f9ebff8d513f8d1,2022-02-21T08:09:18+10:00,2022-02-21T08:09:18+10:00
88347d0bed6adb14,teku,7f63fbf92cd9195f52585e15d30f6e75ed8a6323,2026-03-16T13:27:02+10:00,2026-03-16T03:27:02Z
69ae6e083926bd09,teku,ef4306f9fd251ee115fa02deeabff616e3082975,2025-12-09T17:53:59+13:00,2025-12-09T17:53:59+13:00
133ed3fc4e32e1bf,teku,d44d64f24b2b7ca42a228daaedba0bed41dd3e42,2023-05-19T12:41:43+02:00,2023-05-19T12:41:43+02:00
fd29bed6a9201c9b,teku,dffc13fdf2a5176b8a1e48fc7b32dba307459ebb,2020-05-01T17:15:21-04:00,2020-05-01T17:15:21-04:00
397236f343ffaf79,teku,b782b1d64b6540516455b1d4815e25dab8044078,2021-04-15T09:43:02+10:00,2021-04-15T09:43:02+10:00
0147db90315a06d3,teku,39bfecad0bff96e5ab31aaca970929f45b61b94d,2020-08-18T21:45:12+10:00,2020-08-18T21:45:12+10:00
27ebf8ef3f612f08,teku,68f9af79ee2cbe1ac0eee5b443cd3c93de423d9e,2020-07-01T15:19:44-04:00,2020-07-01T15:19:44-04:00
f192973e516de35f,teku,3227675fbd4e8369b25e3f37110028ac8079f77a,2021-08-03T06:51:38+10:00,2021-08-03T06:51:38+10:00
7f99a5b1d2514f4d,teku,72259c8c0669850d058c1ce71a3182323ccdc99a,2019-10-02T14:38:08-04:00,2019-10-02T14:38:08-04:00
64211268a288eb85,teku,652692cef215eae0b6facba10c89f3f7198434cf,2026-06-10T06:29:20+10:00,2026-06-10T06:29:20+10:00
795f8481b226b359,teku,9a4deca42fe55c06bc7a579c8fdfffb959f62c98,2026-06-03T14:58:57+02:00,2026-06-03T14:58:57+02:00
ffac5073985d1979,teku,0318786647b5067779b56deebef89175d5dadca3,2026-04-29T00:06:59+02:00,2026-04-29T00:06:59+02:00
7d9310714e4623c0,teku,5af2be3941b66fa0ffd8720c8101805869020ec7,2026-04-22T15:15:58+10:00,2026-04-22T15:15:58+10:00
b99c5d46130b2bbd,teku,a995d0607cb2f0c0fe954e80195624110743facf,2026-03-16T12:45:41+10:00,2026-03-16T12:45:41+10:00
2dd14fcbb7312af2,teku,f8db4c1bdae789ef9ab694d1c7f078efef745ce8,2026-03-10T13:25:48+10:00,2026-03-10T13:25:48+10:00
dda92dfc22bb5547,teku,fcf9ab6e9d105e8f1f9817159f36fe5821d6892a,2026-03-05T18:44:34+01:00,2026-03-05T18:44:34+01:00
97ef74117f16fb8a,teku,fc9e6c11aeb6a283b0a873c901509b4ed525a99c,2026-03-16T22:40:15+01:00,2026-03-16T22:40:15+01:00
d7b0dfafb9c2471c,teku,b3bb9facaaaa16ac1b46ec6a351b08041120f8b4,2025-12-17T16:21:36+01:00,2025-12-17T16:21:36+01:00
9e92b8593f330d82,teku,9c7b9460b3e90df26a6d436331addb6b0e750ba6,2025-12-09T17:16:46+13:00,2025-12-09T17:16:46+13:00
970236330561a713,teku,a77a66477794f827b0d2466e76b1d4daa0c472f5,2025-11-03T11:47:51+01:00,2025-11-03T11:47:51+01:00
7f9a928f943d6b4f,teku,6dccb9cfa9c7261481f3f9fcfe7419461a6fa3fb,2025-10-30T10:16:17+10:00,2025-10-30T10:16:17+10:00
ead3a3cb40d94dca,teku,88e012ea384f85c18dba7a9b16f552737788ba2a,2025-09-04T13:30:15+02:00,2025-09-04T13:30:15+02:00
18643aa8f1ce76f3,teku,e1fb5e94878afccffa09782c761ff277bf430a5e,2025-06-19T16:29:11+10:00,2025-06-19T16:29:11+10:00
6305eda209c12afc,teku,31a1795abc6f9439b930a542df2e2a201af40588,2025-03-14T15:34:59+01:00,2025-03-14T15:34:59+01:00
45d22573e4ed526a,teku,a21007122489db670f8d3d9f0bf8763815f2f8d1,2025-03-03T16:01:28+10:00,2025-03-03T16:01:28+10:00
d9f50552418fcfc6,teku,f052160bf9bcb2ea6157523aced0236edc7054a1,2024-11-29T09:42:38+01:00,2024-11-29T09:42:38+01:00
28e2aad4aaf91924,teku,ab5f4f55ea724b380b920963f800f2a88d578866,2024-05-29T12:59:17+01:00,2024-05-29T12:59:17+01:00
933a9291d329cb14,teku,42dec5338ac4176f73453ea1ae152f9c364bf1d1,2024-03-18T12:53:06+01:00,2024-03-18T12:53:06+01:00
0240452442309742,teku,4d21b156d5b56ff94393e2a5e0475386506663a2,2023-11-28T17:36:58+04:00,2023-11-28T17:36:58+04:00
ed924f1d714cafa3,teku,acd3a94757761675d31ced7b12beae0338650b67,2023-08-18T09:52:44+01:00,2023-08-18T10:00:55+01:00
b45d878e0c0291b6,teku,dfb3ef8f31831800859feedff88c93ee728e9c17,2023-08-01T18:16:45+02:00,2023-08-01T18:16:45+02:00
0973bc64b0697055,teku,9d5cbdfe8c6400b5c7e642f1813149444abf6b8a,2023-05-19T12:25:49+02:00,2023-05-19T12:25:49+02:00
0d3d697174b931e9,teku,9e0a0d260862565c4d4ea5ff78a28c25a8bcd409,2022-11-10T07:49:03+10:00,2022-11-10T07:49:03+10:00
50288384f8cdc757,teku,2449f6445df80af543a4fb74fd654a5fe1875404,2022-10-06T12:56:25+10:00,2022-10-06T12:56:25+10:00
576bf35383ca9cf6,teku,30cbcf47265a99b7a99f286ca7e61051812eb53e,2022-09-05T11:40:09+03:00,2022-09-05T11:40:09+03:00
bd2988b082516fcc,teku,7b09acea6008e006f8ec664e9896168603fb6d07,2022-08-15T11:43:24+10:00,2022-08-15T11:43:24+10:00
f8ca1db5f4a30a87,teku,9898cc2edcd9c7fa26b54c8ca3cb8c5c86fa1705,2022-06-23T23:21:16+04:00,2022-06-23T23:21:16+04:00
1681ec0ec6b85f18,teku,f5711010ae45be7e79a5ca93218a041a25798828,2022-02-21T07:28:27+10:00,2022-02-21T07:28:27+10:00
05b01e098a454eed,teku,a8f4a2d9701223d212a6c9dc736da1d030440447,2022-02-21T15:42:11+03:00,2022-02-21T15:42:11+03:00
6b1b12cc21fe5a05,teku,c59269288e7cd2d34ebc3a8277ac31b37f68825d,2021-09-13T06:55:02+10:00,2021-09-13T06:55:02+10:00
843ca88b6209b65c,teku,bcc2d4cc7ade67d7e095201ad990e43bcb853904,2021-08-02T14:38:04+10:00,2021-08-02T14:38:04+10:00
a316c45116bb820e,teku,ba0d06e126b3bb68f4fac9603892d3679902c178,2021-06-24T11:05:10+01:00,2021-06-24T11:05:36+01:00
022b33f942474bff,teku,fe52f4d0add9d767c0ee8798bf1ecb4e7016e13f,2021-05-21T12:29:41+10:00,2021-05-21T12:29:41+10:00
f7d4d1e7855256a5,teku,ab1956e019844aa5612dd980f93b324dd68b37c4,2021-05-14T10:49:44+02:00,2021-05-14T10:49:44+02:00
046f656b3cde9039,teku,4bcd80a54b65acb781655fb744a9f3dd7aa7da6b,2021-05-14T09:23:41+10:00,2021-05-14T09:23:41+10:00
aadf12b3f199d555,teku,e9f4c6aaaa7e7b6159655106502a17301fc7b1e2,2020-09-18T12:51:44+10:00,2020-09-18T12:51:44+10:00
9723b78da25fc9b4,teku,2adf8bf55bc07e6619ff219502f89e02ef13b7ca,2020-08-28T09:39:34+03:00,2020-08-28T09:39:34+03:00
a27c5d78d859782c,teku,7b8651d28ff9d64c80c43823475366b36b119cce,2020-08-25T15:29:30+10:00,2020-08-25T15:29:30+10:00
76b0a8f5ea92849b,teku,ca22ada2e3afb83907dd7bf57f7bf39784fe2d7a,2020-08-21T10:36:09+10:00,2020-08-21T10:36:09+10:00
dec50b584dfb47f2,teku,271124abf8cb824159d372bf9384313d2411175f,2020-08-20T07:16:22+10:00,2020-08-20T07:18:02+10:00
a061fdd1bb5c873d,teku,59f1b7b17d7056bc7ff6a78bfd3fd69a9d06d8e7,2020-08-11T14:41:49+10:00,2020-08-11T14:41:49+10:00
a7c7761e43d6c829,teku,503031ae80dfb447665782a8a785193c1007550a,2020-08-10T07:11:30+10:00,2020-08-10T07:11:30+10:00
9a025b61fe0c4e76,teku,e0ea5faa345ea69dca66e7730215b70c79219732,2020-08-09T10:48:55+10:00,2020-08-09T10:48:55+10:00
c32eb568990dd399,teku,0cb2cbd21d7da4b421189eca381ba0d6bbddc704,2020-06-29T15:50:19+03:00,2020-06-29T15:50:19+03:00
fe3f622fce0bdac1,teku,9fed020949b36e08ea05b4914282a93e039ea113,2020-06-25T16:59:45-04:00,2020-06-25T16:59:45-04:00
1fae5b1d617b22eb,teku,8699e6e808a48d69cbac50f66eb10ea80367bf82,2020-06-16T07:01:54+10:00,2020-06-16T07:01:54+10:00
2ea59ea5866520d0,teku,d59b2945378dc934515d4b2bb2f5c002e628ad31,2020-06-15T15:33:54+01:00,2020-06-15T15:33:54+01:00
be0941e129849fd2,teku,d072d94a2dbc32456cb5d7a2be2dc2328cd86371,2020-06-12T16:28:04+10:00,2020-06-12T16:28:04+10:00
41664598c80c56b6,teku,c2ef7c76c8eadc7211939f01096b708ef4b7778e,2020-06-10T09:24:02+10:00,2020-06-10T09:24:02+10:00
6aa818c3e9b57f9e,teku,f270fd9e30d1f8a3d8fff011c42436d1bf2d841d,2020-05-27T06:55:27+10:00,2020-05-27T06:55:27+10:00
6a82d7db82768bcc,teku,7977c7fba50b2d53bca293c8d2df610f09e82857,2020-05-09T10:02:59+10:00,2020-05-09T10:02:59+10:00
8e776c4cbb3e1bc5,teku,9fa193405141634f8b8d486cccced58e5b0fa117,2020-05-12T11:28:54-04:00,2020-05-12T11:28:54-04:00
a9e561eaeaf05ae0,teku,cb787c78ad4c1cfbbfa0bb93687fff59df9c57b8,2020-05-07T11:15:32-04:00,2020-05-07T11:15:32-04:00
cdfc31887d374910,teku,5410939b7e98a41853dfa9d702a165b135ba77d0,2020-05-01T16:56:23-04:00,2020-05-01T16:58:54-04:00
4003415b01bacfca,teku,c6017f70f37a3afba8c5e769acf57911fbcdb4cc,2020-04-01T07:12:28+10:00,2020-04-01T07:12:28+10:00
c8f190c311e26374,teku,b7fb77f40f385705a5c5bb5536ea4d1aef40cfa6,2020-03-05T16:19:09-05:00,2020-03-05T16:19:09-05:00
3702f9e99fcb4c90,teku,7c7d0bf0ccb91ca9010d95b4eeebfd61b2261caa,2020-01-30T10:52:57-05:00,2020-01-30T10:52:57-05:00
56659c455db91776,teku,e82b34fb518bc5bf5d8e84ed97ae62ca55ce4001,2019-12-03T06:45:21+10:00,2019-12-03T06:45:21+10:00
b2bba53298928268,teku,ea1a6dc1873d88e623050e1f28d6d3012812522c,2019-04-30T12:46:11-05:00,2019-04-30T12:46:11-05:00
1e629c3fe6776364,teku,06f88842033b442f6a16ed2b4b09ef0aa64a1dfe,2019-04-25T16:44:06-05:00,2019-04-25T16:44:06-05:00
8007606de881c5c0,teku,d986d2b92ec7955ee295bf894caf59b34c176241,2026-06-12T11:53:24+02:00,2026-06-12T11:53:24+02:00
9fb7414c50767379,teku,4c89904c4e0db40263448de4e4bd02601c11c55a,2026-06-12T10:02:34+02:00,2026-06-12T10:02:34+02:00
99d8d39edc329142,teku,f4cb436f33254c709a19fdce39051b072a13d648,2026-06-10T17:46:02+01:00,2026-06-10T17:46:02+01:00
938ac46feff6cc0a,teku,7eaf12ff383e54173c15f5ad513b43b77f4db4c9,2026-06-03T16:11:46+02:00,2026-06-03T16:11:46+02:00
333c5ba242035640,teku,3feb5299af16c179039ef8c04ce12e2d69009576,2026-06-10T10:52:38+02:00,2026-06-10T10:52:38+02:00
9a7f434688f579f6,teku,83398ff7ba75f7b75995218cdf8672e23bc519cd,2026-05-27T17:57:28+02:00,2026-05-27T17:57:28+02:00
2c376c41d42c49a1,teku,feb645bb95643f53be968feec2b0c4859185e09f,2026-05-06T12:33:06+02:00,2026-05-06T12:55:56+02:00
e075b05df08ab9b9,teku,fa4f16751c0af756e3f19656f3e9a032b8aa85c2,2026-05-26T14:31:36+02:00,2026-05-26T14:31:36+02:00
33ef6c105cff32e7,teku,8ffb9aa3a2b58dd638d910e4b3a68ceb29ace2c5,2021-10-08T16:18:53+03:00,2021-10-08T16:18:53+03:00
357cfd95163bda86,teku,0351a66cde685b57741f0b87ef349bd0cbaf81ff,2022-10-31T16:51:26+01:00,2022-10-31T16:51:26+01:00
2fc0148d75087e20,teku,822e1f7e8a6bdb3ec4bec7945ce23bb648c61bd0,2026-05-14T08:17:47+10:00,2026-05-14T08:17:47+10:00
